INFO:     Started server process [65466]
INFO:     Waiting for application startup.
INFO:     Application startup complete.
INFO:     Uvicorn running on http://0.0.0.0:8001 (Press CTRL+C to quit)
[I 260816 19:33:49 smartConnect:124] in pool
[I 260816 19:33:49 smartConnect:496] Search successful. Found 780 trading symbols for the given query:
    1. exchange: MCX, tradingsymbol: GOLDM04DEC26FUT, symboltoken: 575011
    2. exchange: MCX, tradingsymbol: GOLDM04SEP26FUT, symboltoken: 563946
    3. exchange: MCX, tradingsymbol: GOLDM05FEB27FUT, symboltoken: 581880
    4. exchange: MCX, tradingsymbol: GOLDM05JAN27FUT, symboltoken: 578779
    5. exchange: MCX, tradingsymbol: GOLDM05NOV26FUT, symboltoken: 571445
    6. exchange: MCX, tradingsymbol: GOLDM05OCT26FUT, symboltoken: 569003
    7. exchange: MCX, tradingsymbol: GOLDM25SEP26116500CE, symboltoken: 580161
    8. exchange: MCX, tradingsymbol: GOLDM25SEP26116500PE, symboltoken: 580165
    9. exchange: MCX, tradingsymbol: GOLDM25SEP26117000CE, symboltoken: 580160
    10. exchange: MCX, tradingsymbol: GOLDM25SEP26117000PE, symboltoken: 580164
    11. exchange: MCX, tradingsymbol: GOLDM25SEP26117500CE, symboltoken: 580159
    12. exchange: MCX, tradingsymbol: GOLDM25SEP26117500PE, symboltoken: 580163
    13. exchange: MCX, tradingsymbol: GOLDM25SEP26118000CE, symboltoken: 579247
    14. exchange: MCX, tradingsymbol: GOLDM25SEP26118000PE, symboltoken: 579258
    15. exchange: MCX, tradingsymbol: GOLDM25SEP26118500CE, symboltoken: 579246
    16. exchange: MCX, tradingsymbol: GOLDM25SEP26118500PE, symboltoken: 579257
    17. exchange: MCX, tradingsymbol: GOLDM25SEP26119000CE, symboltoken: 579245
    18. exchange: MCX, tradingsymbol: GOLDM25SEP26119000PE, symboltoken: 579256
    19. exchange: MCX, tradingsymbol: GOLDM25SEP26119500CE, symboltoken: 579244
    20. exchange: MCX, tradingsymbol: GOLDM25SEP26119500PE, symboltoken: 579255
    21. exchange: MCX, tradingsymbol: GOLDM25SEP26120000CE, symboltoken: 579243
    22. exchange: MCX, tradingsymbol: GOLDM25SEP26120000PE, symboltoken: 579254
    23. exchange: MCX, tradingsymbol: GOLDM25SEP26120500CE, symboltoken: 579242
    24. exchange: MCX, tradingsymbol: GOLDM25SEP26120500PE, symboltoken: 579253
    25. exchange: MCX, tradingsymbol: GOLDM25SEP26121000CE, symboltoken: 579056
    26. exchange: MCX, tradingsymbol: GOLDM25SEP26121000PE, symboltoken: 579058
    27. exchange: MCX, tradingsymbol: GOLDM25SEP26121500CE, symboltoken: 579055
    28. exchange: MCX, tradingsymbol: GOLDM25SEP26121500PE, symboltoken: 579057
    29. exchange: MCX, tradingsymbol: GOLDM25SEP26122000CE, symboltoken: 579019
    30. exchange: MCX, tradingsymbol: GOLDM25SEP26122000PE, symboltoken: 579022
    31. exchange: MCX, tradingsymbol: GOLDM25SEP26122500CE, symboltoken: 579018
    32. exchange: MCX, tradingsymbol: GOLDM25SEP26122500PE, symboltoken: 579021
    33. exchange: MCX, tradingsymbol: GOLDM25SEP26123000CE, symboltoken: 579017
    34. exchange: MCX, tradingsymbol: GOLDM25SEP26123000PE, symboltoken: 579020
    35. exchange: MCX, tradingsymbol: GOLDM25SEP26123500CE, symboltoken: 579013
    36. exchange: MCX, tradingsymbol: GOLDM25SEP26123500PE, symboltoken: 579016
    37. exchange: MCX, tradingsymbol: GOLDM25SEP26124000CE, symboltoken: 579012
    38. exchange: MCX, tradingsymbol: GOLDM25SEP26124000PE, symboltoken: 579015
    39. exchange: MCX, tradingsymbol: GOLDM25SEP26124500CE, symboltoken: 579011
    40. exchange: MCX, tradingsymbol: GOLDM25SEP26124500PE, symboltoken: 579014
    41. exchange: MCX, tradingsymbol: GOLDM25SEP26125000CE, symboltoken: 579005
    42. exchange: MCX, tradingsymbol: GOLDM25SEP26125000PE, symboltoken: 579006
    43. exchange: MCX, tradingsymbol: GOLDM25SEP26125500CE, symboltoken: 578833
    44. exchange: MCX, tradingsymbol: GOLDM25SEP26125500PE, symboltoken: 578933
    45. exchange: MCX, tradingsymbol: GOLDM25SEP26126000CE, symboltoken: 578832
    46. exchange: MCX, tradingsymbol: GOLDM25SEP26126000PE, symboltoken: 578932
    47. exchange: MCX, tradingsymbol: GOLDM25SEP26126500CE, symboltoken: 578831
    48. exchange: MCX, tradingsymbol: GOLDM25SEP26126500PE, symboltoken: 578931
    49. exchange: MCX, tradingsymbol: GOLDM25SEP26127000CE, symboltoken: 578830
    50. exchange: MCX, tradingsymbol: GOLDM25SEP26127000PE, symboltoken: 578930
    51. exchange: MCX, tradingsymbol: GOLDM25SEP26127500CE, symboltoken: 578829
    52. exchange: MCX, tradingsymbol: GOLDM25SEP26127500PE, symboltoken: 578929
    53. exchange: MCX, tradingsymbol: GOLDM25SEP26128000CE, symboltoken: 578828
    54. exchange: MCX, tradingsymbol: GOLDM25SEP26128000PE, symboltoken: 578928
    55. exchange: MCX, tradingsymbol: GOLDM25SEP26128500CE, symboltoken: 578827
    56. exchange: MCX, tradingsymbol: GOLDM25SEP26128500PE, symboltoken: 578927
    57. exchange: MCX, tradingsymbol: GOLDM25SEP26129000CE, symboltoken: 578826
    58. exchange: MCX, tradingsymbol: GOLDM25SEP26129000PE, symboltoken: 578926
    59. exchange: MCX, tradingsymbol: GOLDM25SEP26129500CE, symboltoken: 578825
    60. exchange: MCX, tradingsymbol: GOLDM25SEP26129500PE, symboltoken: 578925
    61. exchange: MCX, tradingsymbol: GOLDM25SEP26130000CE, symboltoken: 578824
    62. exchange: MCX, tradingsymbol: GOLDM25SEP26130000PE, symboltoken: 578924
    63. exchange: MCX, tradingsymbol: GOLDM25SEP26130500CE, symboltoken: 578823
    64. exchange: MCX, tradingsymbol: GOLDM25SEP26130500PE, symboltoken: 578923
    65. exchange: MCX, tradingsymbol: GOLDM25SEP26131000CE, symboltoken: 578822
    66. exchange: MCX, tradingsymbol: GOLDM25SEP26131000PE, symboltoken: 578922
    67. exchange: MCX, tradingsymbol: GOLDM25SEP26131500CE, symboltoken: 578821
    68. exchange: MCX, tradingsymbol: GOLDM25SEP26131500PE, symboltoken: 578921
    69. exchange: MCX, tradingsymbol: GOLDM25SEP26132000CE, symboltoken: 578820
    70. exchange: MCX, tradingsymbol: GOLDM25SEP26132000PE, symboltoken: 578920
    71. exchange: MCX, tradingsymbol: GOLDM25SEP26132500CE, symboltoken: 578819
    72. exchange: MCX, tradingsymbol: GOLDM25SEP26132500PE, symboltoken: 578919
    73. exchange: MCX, tradingsymbol: GOLDM25SEP26133000CE, symboltoken: 578818
    74. exchange: MCX, tradingsymbol: GOLDM25SEP26133000PE, symboltoken: 578918
    75. exchange: MCX, tradingsymbol: GOLDM25SEP26133500CE, symboltoken: 578817
    76. exchange: MCX, tradingsymbol: GOLDM25SEP26133500PE, symboltoken: 578917
    77. exchange: MCX, tradingsymbol: GOLDM25SEP26134000CE, symboltoken: 578816
    78. exchange: MCX, tradingsymbol: GOLDM25SEP26134000PE, symboltoken: 578916
    79. exchange: MCX, tradingsymbol: GOLDM25SEP26134500CE, symboltoken: 578815
    80. exchange: MCX, tradingsymbol: GOLDM25SEP26134500PE, symboltoken: 578915
    81. exchange: MCX, tradingsymbol: GOLDM25SEP26135000CE, symboltoken: 578814
    82. exchange: MCX, tradingsymbol: GOLDM25SEP26135000PE, symboltoken: 578914
    83. exchange: MCX, tradingsymbol: GOLDM25SEP26135500CE, symboltoken: 578813
    84. exchange: MCX, tradingsymbol: GOLDM25SEP26135500PE, symboltoken: 578913
    85. exchange: MCX, tradingsymbol: GOLDM25SEP26136000CE, symboltoken: 578812
    86. exchange: MCX, tradingsymbol: GOLDM25SEP26136000PE, symboltoken: 578912
    87. exchange: MCX, tradingsymbol: GOLDM25SEP26136500CE, symboltoken: 578811
    88. exchange: MCX, tradingsymbol: GOLDM25SEP26136500PE, symboltoken: 578911
    89. exchange: MCX, tradingsymbol: GOLDM25SEP26137000CE, symboltoken: 578810
    90. exchange: MCX, tradingsymbol: GOLDM25SEP26137000PE, symboltoken: 578910
    91. exchange: MCX, tradingsymbol: GOLDM25SEP26137500CE, symboltoken: 578809
    92. exchange: MCX, tradingsymbol: GOLDM25SEP26137500PE, symboltoken: 578909
    93. exchange: MCX, tradingsymbol: GOLDM25SEP26138000CE, symboltoken: 578808
    94. exchange: MCX, tradingsymbol: GOLDM25SEP26138000PE, symboltoken: 578908
    95. exchange: MCX, tradingsymbol: GOLDM25SEP26138500CE, symboltoken: 578807
    96. exchange: MCX, tradingsymbol: GOLDM25SEP26138500PE, symboltoken: 578907
    97. exchange: MCX, tradingsymbol: GOLDM25SEP26139000CE, symboltoken: 578806
    98. exchange: MCX, tradingsymbol: GOLDM25SEP26139000PE, symboltoken: 578906
    99. exchange: MCX, tradingsymbol: GOLDM25SEP26139500CE, symboltoken: 578805
    100. exchange: MCX, tradingsymbol: GOLDM25SEP26139500PE, symboltoken: 578905
    101. exchange: MCX, tradingsymbol: GOLDM25SEP26140000CE, symboltoken: 578804
    102. exchange: MCX, tradingsymbol: GOLDM25SEP26140000PE, symboltoken: 578904
    103. exchange: MCX, tradingsymbol: GOLDM25SEP26140500CE, symboltoken: 578803
    104. exchange: MCX, tradingsymbol: GOLDM25SEP26140500PE, symboltoken: 578903
    105. exchange: MCX, tradingsymbol: GOLDM25SEP26141000CE, symboltoken: 578802
    106. exchange: MCX, tradingsymbol: GOLDM25SEP26141000PE, symboltoken: 578902
    107. exchange: MCX, tradingsymbol: GOLDM25SEP26141500CE, symboltoken: 578801
    108. exchange: MCX, tradingsymbol: GOLDM25SEP26141500PE, symboltoken: 578901
    109. exchange: MCX, tradingsymbol: GOLDM25SEP26142000CE, symboltoken: 578800
    110. exchange: MCX, tradingsymbol: GOLDM25SEP26142000PE, symboltoken: 578900
    111. exchange: MCX, tradingsymbol: GOLDM25SEP26142500CE, symboltoken: 578799
    112. exchange: MCX, tradingsymbol: GOLDM25SEP26142500PE, symboltoken: 578899
    113. exchange: MCX, tradingsymbol: GOLDM25SEP26143000CE, symboltoken: 578798
    114. exchange: MCX, tradingsymbol: GOLDM25SEP26143000PE, symboltoken: 578898
    115. exchange: MCX, tradingsymbol: GOLDM25SEP26143500CE, symboltoken: 578797
    116. exchange: MCX, tradingsymbol: GOLDM25SEP26143500PE, symboltoken: 578897
    117. exchange: MCX, tradingsymbol: GOLDM25SEP26144000CE, symboltoken: 578796
    118. exchange: MCX, tradingsymbol: GOLDM25SEP26144000PE, symboltoken: 578896
    119. exchange: MCX, tradingsymbol: GOLDM25SEP26144500CE, symboltoken: 578795
    120. exchange: MCX, tradingsymbol: GOLDM25SEP26144500PE, symboltoken: 578895
    121. exchange: MCX, tradingsymbol: GOLDM25SEP26145000CE, symboltoken: 578794
    122. exchange: MCX, tradingsymbol: GOLDM25SEP26145000PE, symboltoken: 578894
    123. exchange: MCX, tradingsymbol: GOLDM25SEP26145500CE, symboltoken: 578793
    124. exchange: MCX, tradingsymbol: GOLDM25SEP26145500PE, symboltoken: 578893
    125. exchange: MCX, tradingsymbol: GOLDM25SEP26146000CE, symboltoken: 578792
    126. exchange: MCX, tradingsymbol: GOLDM25SEP26146000PE, symboltoken: 578892
    127. exchange: MCX, tradingsymbol: GOLDM25SEP26146500CE, symboltoken: 578791
    128. exchange: MCX, tradingsymbol: GOLDM25SEP26146500PE, symboltoken: 578891
    129. exchange: MCX, tradingsymbol: GOLDM25SEP26147000CE, symboltoken: 578790
    130. exchange: MCX, tradingsymbol: GOLDM25SEP26147000PE, symboltoken: 578890
    131. exchange: MCX, tradingsymbol: GOLDM25SEP26147500CE, symboltoken: 578789
    132. exchange: MCX, tradingsymbol: GOLDM25SEP26147500PE, symboltoken: 578889
    133. exchange: MCX, tradingsymbol: GOLDM25SEP26148000CE, symboltoken: 578788
    134. exchange: MCX, tradingsymbol: GOLDM25SEP26148000PE, symboltoken: 578888
    135. exchange: MCX, tradingsymbol: GOLDM25SEP26148500CE, symboltoken: 578787
    136. exchange: MCX, tradingsymbol: GOLDM25SEP26148500PE, symboltoken: 578887
    137. exchange: MCX, tradingsymbol: GOLDM25SEP26149000CE, symboltoken: 578786
    138. exchange: MCX, tradingsymbol: GOLDM25SEP26149000PE, symboltoken: 578886
    139. exchange: MCX, tradingsymbol: GOLDM25SEP26149500CE, symboltoken: 578785
    140. exchange: MCX, tradingsymbol: GOLDM25SEP26149500PE, symboltoken: 578885
    141. exchange: MCX, tradingsymbol: GOLDM25SEP26150000CE, symboltoken: 578784
    142. exchange: MCX, tradingsymbol: GOLDM25SEP26150000PE, symboltoken: 578884
    143. exchange: MCX, tradingsymbol: GOLDM25SEP26150500CE, symboltoken: 578780
    144. exchange: MCX, tradingsymbol: GOLDM25SEP26150500PE, symboltoken: 578781
    145. exchange: MCX, tradingsymbol: GOLDM25SEP26151000CE, symboltoken: 578834
    146. exchange: MCX, tradingsymbol: GOLDM25SEP26151000PE, symboltoken: 578934
    147. exchange: MCX, tradingsymbol: GOLDM25SEP26151500CE, symboltoken: 578835
    148. exchange: MCX, tradingsymbol: GOLDM25SEP26151500PE, symboltoken: 578935
    149. exchange: MCX, tradingsymbol: GOLDM25SEP26152000CE, symboltoken: 578836
    150. exchange: MCX, tradingsymbol: GOLDM25SEP26152000PE, symboltoken: 578936
    151. exchange: MCX, tradingsymbol: GOLDM25SEP26152500CE, symboltoken: 578837
    152. exchange: MCX, tradingsymbol: GOLDM25SEP26152500PE, symboltoken: 578937
    153. exchange: MCX, tradingsymbol: GOLDM25SEP26153000CE, symboltoken: 578838
    154. exchange: MCX, tradingsymbol: GOLDM25SEP26153000PE, symboltoken: 578938
    155. exchange: MCX, tradingsymbol: GOLDM25SEP26153500CE, symboltoken: 578839
    156. exchange: MCX, tradingsymbol: GOLDM25SEP26153500PE, symboltoken: 578939
    157. exchange: MCX, tradingsymbol: GOLDM25SEP26154000CE, symboltoken: 578840
    158. exchange: MCX, tradingsymbol: GOLDM25SEP26154000PE, symboltoken: 578940
    159. exchange: MCX, tradingsymbol: GOLDM25SEP26154500CE, symboltoken: 578841
    160. exchange: MCX, tradingsymbol: GOLDM25SEP26154500PE, symboltoken: 578941
    161. exchange: MCX, tradingsymbol: GOLDM25SEP26155000CE, symboltoken: 578842
    162. exchange: MCX, tradingsymbol: GOLDM25SEP26155000PE, symboltoken: 578942
    163. exchange: MCX, tradingsymbol: GOLDM25SEP26155500CE, symboltoken: 578843
    164. exchange: MCX, tradingsymbol: GOLDM25SEP26155500PE, symboltoken: 578943
    165. exchange: MCX, tradingsymbol: GOLDM25SEP26156000CE, symboltoken: 578844
    166. exchange: MCX, tradingsymbol: GOLDM25SEP26156000PE, symboltoken: 578944
    167. exchange: MCX, tradingsymbol: GOLDM25SEP26156500CE, symboltoken: 578845
    168. exchange: MCX, tradingsymbol: GOLDM25SEP26156500PE, symboltoken: 578945
    169. exchange: MCX, tradingsymbol: GOLDM25SEP26157000CE, symboltoken: 578846
    170. exchange: MCX, tradingsymbol: GOLDM25SEP26157000PE, symboltoken: 578946
    171. exchange: MCX, tradingsymbol: GOLDM25SEP26157500CE, symboltoken: 578847
    172. exchange: MCX, tradingsymbol: GOLDM25SEP26157500PE, symboltoken: 578947
    173. exchange: MCX, tradingsymbol: GOLDM25SEP26158000CE, symboltoken: 578848
    174. exchange: MCX, tradingsymbol: GOLDM25SEP26158000PE, symboltoken: 578948
    175. exchange: MCX, tradingsymbol: GOLDM25SEP26158500CE, symboltoken: 578849
    176. exchange: MCX, tradingsymbol: GOLDM25SEP26158500PE, symboltoken: 578949
    177. exchange: MCX, tradingsymbol: GOLDM25SEP26159000CE, symboltoken: 578850
    178. exchange: MCX, tradingsymbol: GOLDM25SEP26159000PE, symboltoken: 578950
    179. exchange: MCX, tradingsymbol: GOLDM25SEP26159500CE, symboltoken: 578851
    180. exchange: MCX, tradingsymbol: GOLDM25SEP26159500PE, symboltoken: 578951
    181. exchange: MCX, tradingsymbol: GOLDM25SEP26160000CE, symboltoken: 578852
    182. exchange: MCX, tradingsymbol: GOLDM25SEP26160000PE, symboltoken: 578952
    183. exchange: MCX, tradingsymbol: GOLDM25SEP26160500CE, symboltoken: 578853
    184. exchange: MCX, tradingsymbol: GOLDM25SEP26160500PE, symboltoken: 578953
    185. exchange: MCX, tradingsymbol: GOLDM25SEP26161000CE, symboltoken: 578854
    186. exchange: MCX, tradingsymbol: GOLDM25SEP26161000PE, symboltoken: 578954
    187. exchange: MCX, tradingsymbol: GOLDM25SEP26161500CE, symboltoken: 578855
    188. exchange: MCX, tradingsymbol: GOLDM25SEP26161500PE, symboltoken: 578955
    189. exchange: MCX, tradingsymbol: GOLDM25SEP26162000CE, symboltoken: 578856
    190. exchange: MCX, tradingsymbol: GOLDM25SEP26162000PE, symboltoken: 578956
    191. exchange: MCX, tradingsymbol: GOLDM25SEP26162500CE, symboltoken: 578857
    192. exchange: MCX, tradingsymbol: GOLDM25SEP26162500PE, symboltoken: 578957
    193. exchange: MCX, tradingsymbol: GOLDM25SEP26163000CE, symboltoken: 578858
    194. exchange: MCX, tradingsymbol: GOLDM25SEP26163000PE, symboltoken: 578958
    195. exchange: MCX, tradingsymbol: GOLDM25SEP26163500CE, symboltoken: 578859
    196. exchange: MCX, tradingsymbol: GOLDM25SEP26163500PE, symboltoken: 578959
    197. exchange: MCX, tradingsymbol: GOLDM25SEP26164000CE, symboltoken: 578860
    198. exchange: MCX, tradingsymbol: GOLDM25SEP26164000PE, symboltoken: 578960
    199. exchange: MCX, tradingsymbol: GOLDM25SEP26164500CE, symboltoken: 578861
    200. exchange: MCX, tradingsymbol: GOLDM25SEP26164500PE, symboltoken: 578961
    201. exchange: MCX, tradingsymbol: GOLDM25SEP26165000CE, symboltoken: 578862
    202. exchange: MCX, tradingsymbol: GOLDM25SEP26165000PE, symboltoken: 578962
    203. exchange: MCX, tradingsymbol: GOLDM25SEP26165500CE, symboltoken: 578863
    204. exchange: MCX, tradingsymbol: GOLDM25SEP26165500PE, symboltoken: 578963
    205. exchange: MCX, tradingsymbol: GOLDM25SEP26166000CE, symboltoken: 578864
    206. exchange: MCX, tradingsymbol: GOLDM25SEP26166000PE, symboltoken: 578964
    207. exchange: MCX, tradingsymbol: GOLDM25SEP26166500CE, symboltoken: 578865
    208. exchange: MCX, tradingsymbol: GOLDM25SEP26166500PE, symboltoken: 578965
    209. exchange: MCX, tradingsymbol: GOLDM25SEP26167000CE, symboltoken: 578866
    210. exchange: MCX, tradingsymbol: GOLDM25SEP26167000PE, symboltoken: 578966
    211. exchange: MCX, tradingsymbol: GOLDM25SEP26167500CE, symboltoken: 578867
    212. exchange: MCX, tradingsymbol: GOLDM25SEP26167500PE, symboltoken: 578967
    213. exchange: MCX, tradingsymbol: GOLDM25SEP26168000CE, symboltoken: 578868
    214. exchange: MCX, tradingsymbol: GOLDM25SEP26168000PE, symboltoken: 578968
    215. exchange: MCX, tradingsymbol: GOLDM25SEP26168500CE, symboltoken: 578869
    216. exchange: MCX, tradingsymbol: GOLDM25SEP26168500PE, symboltoken: 578969
    217. exchange: MCX, tradingsymbol: GOLDM25SEP26169000CE, symboltoken: 578870
    218. exchange: MCX, tradingsymbol: GOLDM25SEP26169000PE, symboltoken: 578970
    219. exchange: MCX, tradingsymbol: GOLDM25SEP26169500CE, symboltoken: 578871
    220. exchange: MCX, tradingsymbol: GOLDM25SEP26169500PE, symboltoken: 578971
    221. exchange: MCX, tradingsymbol: GOLDM25SEP26170000CE, symboltoken: 578872
    222. exchange: MCX, tradingsymbol: GOLDM25SEP26170000PE, symboltoken: 578972
    223. exchange: MCX, tradingsymbol: GOLDM25SEP26170500CE, symboltoken: 578873
    224. exchange: MCX, tradingsymbol: GOLDM25SEP26170500PE, symboltoken: 578973
    225. exchange: MCX, tradingsymbol: GOLDM25SEP26171000CE, symboltoken: 578874
    226. exchange: MCX, tradingsymbol: GOLDM25SEP26171000PE, symboltoken: 578974
    227. exchange: MCX, tradingsymbol: GOLDM25SEP26171500CE, symboltoken: 578875
    228. exchange: MCX, tradingsymbol: GOLDM25SEP26171500PE, symboltoken: 578975
    229. exchange: MCX, tradingsymbol: GOLDM25SEP26172000CE, symboltoken: 578876
    230. exchange: MCX, tradingsymbol: GOLDM25SEP26172000PE, symboltoken: 578976
    231. exchange: MCX, tradingsymbol: GOLDM25SEP26172500CE, symboltoken: 578877
    232. exchange: MCX, tradingsymbol: GOLDM25SEP26172500PE, symboltoken: 578977
    233. exchange: MCX, tradingsymbol: GOLDM25SEP26173000CE, symboltoken: 578878
    234. exchange: MCX, tradingsymbol: GOLDM25SEP26173000PE, symboltoken: 578978
    235. exchange: MCX, tradingsymbol: GOLDM25SEP26173500CE, symboltoken: 578879
    236. exchange: MCX, tradingsymbol: GOLDM25SEP26173500PE, symboltoken: 578979
    237. exchange: MCX, tradingsymbol: GOLDM25SEP26174000CE, symboltoken: 578880
    238. exchange: MCX, tradingsymbol: GOLDM25SEP26174000PE, symboltoken: 578980
    239. exchange: MCX, tradingsymbol: GOLDM25SEP26174500CE, symboltoken: 578881
    240. exchange: MCX, tradingsymbol: GOLDM25SEP26174500PE, symboltoken: 578981
    241. exchange: MCX, tradingsymbol: GOLDM25SEP26175000CE, symboltoken: 578882
    242. exchange: MCX, tradingsymbol: GOLDM25SEP26175000PE, symboltoken: 578982
    243. exchange: MCX, tradingsymbol: GOLDM25SEP26175500CE, symboltoken: 578883
    244. exchange: MCX, tradingsymbol: GOLDM25SEP26175500PE, symboltoken: 578983
    245. exchange: MCX, tradingsymbol: GOLDM25SEP26176000CE, symboltoken: 582139
    246. exchange: MCX, tradingsymbol: GOLDM25SEP26176000PE, symboltoken: 582147
    247. exchange: MCX, tradingsymbol: GOLDM25SEP26176500CE, symboltoken: 582140
    248. exchange: MCX, tradingsymbol: GOLDM25SEP26176500PE, symboltoken: 582148
    249. exchange: MCX, tradingsymbol: GOLDM25SEP26177000CE, symboltoken: 582225
    250. exchange: MCX, tradingsymbol: GOLDM25SEP26177000PE, symboltoken: 582231
    251. exchange: MCX, tradingsymbol: GOLDM25SEP26177500CE, symboltoken: 582226
    252. exchange: MCX, tradingsymbol: GOLDM25SEP26177500PE, symboltoken: 582232
    253. exchange: MCX, tradingsymbol: GOLDM25SEP26178000CE, symboltoken: 582227
    254. exchange: MCX, tradingsymbol: GOLDM25SEP26178000PE, symboltoken: 582233
    255. exchange: MCX, tradingsymbol: GOLDM25SEP26178500CE, symboltoken: 582305
    256. exchange: MCX, tradingsymbol: GOLDM25SEP26178500PE, symboltoken: 582307
    257. exchange: MCX, tradingsymbol: GOLDM25SEP26179000CE, symboltoken: 582317
    258. exchange: MCX, tradingsymbol: GOLDM25SEP26179000PE, symboltoken: 582323
    259. exchange: MCX, tradingsymbol: GOLDM25SEP26179500CE, symboltoken: 582318
    260. exchange: MCX, tradingsymbol: GOLDM25SEP26179500PE, symboltoken: 582324
    261. exchange: MCX, tradingsymbol: GOLDM25SEP26180000CE, symboltoken: 582319
    262. exchange: MCX, tradingsymbol: GOLDM25SEP26180000PE, symboltoken: 582325
    263. exchange: MCX, tradingsymbol: GOLDM28AUG26116000CE, symboltoken: 580158
    264. exchange: MCX, tradingsymbol: GOLDM28AUG26116000PE, symboltoken: 580162
    265. exchange: MCX, tradingsymbol: GOLDM28AUG26116500CE, symboltoken: 579241
    266. exchange: MCX, tradingsymbol: GOLDM28AUG26116500PE, symboltoken: 579252
    267. exchange: MCX, tradingsymbol: GOLDM28AUG26117000CE, symboltoken: 579240
    268. exchange: MCX, tradingsymbol: GOLDM28AUG26117000PE, symboltoken: 579251
    269. exchange: MCX, tradingsymbol: GOLDM28AUG26117500CE, symboltoken: 579239
    270. exchange: MCX, tradingsymbol: GOLDM28AUG26117500PE, symboltoken: 579250
    271. exchange: MCX, tradingsymbol: GOLDM28AUG26118000CE, symboltoken: 577377
    272. exchange: MCX, tradingsymbol: GOLDM28AUG26118000PE, symboltoken: 577408
    273. exchange: MCX, tradingsymbol: GOLDM28AUG26118500CE, symboltoken: 577376
    274. exchange: MCX, tradingsymbol: GOLDM28AUG26118500PE, symboltoken: 577407
    275. exchange: MCX, tradingsymbol: GOLDM28AUG26119000CE, symboltoken: 577375
    276. exchange: MCX, tradingsymbol: GOLDM28AUG26119000PE, symboltoken: 577406
    277. exchange: MCX, tradingsymbol: GOLDM28AUG26119500CE, symboltoken: 577374
    278. exchange: MCX, tradingsymbol: GOLDM28AUG26119500PE, symboltoken: 577405
    279. exchange: MCX, tradingsymbol: GOLDM28AUG26120000CE, symboltoken: 577373
    280. exchange: MCX, tradingsymbol: GOLDM28AUG26120000PE, symboltoken: 577404
    281. exchange: MCX, tradingsymbol: GOLDM28AUG26120500CE, symboltoken: 577372
    282. exchange: MCX, tradingsymbol: GOLDM28AUG26120500PE, symboltoken: 577403
    283. exchange: MCX, tradingsymbol: GOLDM28AUG26121000CE, symboltoken: 577371
    284. exchange: MCX, tradingsymbol: GOLDM28AUG26121000PE, symboltoken: 577402
    285. exchange: MCX, tradingsymbol: GOLDM28AUG26121500CE, symboltoken: 577370
    286. exchange: MCX, tradingsymbol: GOLDM28AUG26121500PE, symboltoken: 577401
    287. exchange: MCX, tradingsymbol: GOLDM28AUG26122000CE, symboltoken: 577369
    288. exchange: MCX, tradingsymbol: GOLDM28AUG26122000PE, symboltoken: 577400
    289. exchange: MCX, tradingsymbol: GOLDM28AUG26122500CE, symboltoken: 577368
    290. exchange: MCX, tradingsymbol: GOLDM28AUG26122500PE, symboltoken: 577399
    291. exchange: MCX, tradingsymbol: GOLDM28AUG26123000CE, symboltoken: 577367
    292. exchange: MCX, tradingsymbol: GOLDM28AUG26123000PE, symboltoken: 577398
    293. exchange: MCX, tradingsymbol: GOLDM28AUG26123500CE, symboltoken: 576957
    294. exchange: MCX, tradingsymbol: GOLDM28AUG26123500PE, symboltoken: 576960
    295. exchange: MCX, tradingsymbol: GOLDM28AUG26124000CE, symboltoken: 576901
    296. exchange: MCX, tradingsymbol: GOLDM28AUG26124000PE, symboltoken: 576908
    297. exchange: MCX, tradingsymbol: GOLDM28AUG26124500CE, symboltoken: 576900
    298. exchange: MCX, tradingsymbol: GOLDM28AUG26124500PE, symboltoken: 576907
    299. exchange: MCX, tradingsymbol: GOLDM28AUG26125000CE, symboltoken: 575569
    300. exchange: MCX, tradingsymbol: GOLDM28AUG26125000PE, symboltoken: 575595
    301. exchange: MCX, tradingsymbol: GOLDM28AUG26125500CE, symboltoken: 575568
    302. exchange: MCX, tradingsymbol: GOLDM28AUG26125500PE, symboltoken: 575594
    303. exchange: MCX, tradingsymbol: GOLDM28AUG26126000CE, symboltoken: 575567
    304. exchange: MCX, tradingsymbol: GOLDM28AUG26126000PE, symboltoken: 575593
    305. exchange: MCX, tradingsymbol: GOLDM28AUG26126500CE, symboltoken: 575566
    306. exchange: MCX, tradingsymbol: GOLDM28AUG26126500PE, symboltoken: 575592
    307. exchange: MCX, tradingsymbol: GOLDM28AUG26127000CE, symboltoken: 575565
    308. exchange: MCX, tradingsymbol: GOLDM28AUG26127000PE, symboltoken: 575591
    309. exchange: MCX, tradingsymbol: GOLDM28AUG26127500CE, symboltoken: 575564
    310. exchange: MCX, tradingsymbol: GOLDM28AUG26127500PE, symboltoken: 575590
    311. exchange: MCX, tradingsymbol: GOLDM28AUG26128000CE, symboltoken: 575563
    312. exchange: MCX, tradingsymbol: GOLDM28AUG26128000PE, symboltoken: 575589
    313. exchange: MCX, tradingsymbol: GOLDM28AUG26128500CE, symboltoken: 575562
    314. exchange: MCX, tradingsymbol: GOLDM28AUG26128500PE, symboltoken: 575588
    315. exchange: MCX, tradingsymbol: GOLDM28AUG26129000CE, symboltoken: 575561
    316. exchange: MCX, tradingsymbol: GOLDM28AUG26129000PE, symboltoken: 575587
    317. exchange: MCX, tradingsymbol: GOLDM28AUG26129500CE, symboltoken: 575408
    318. exchange: MCX, tradingsymbol: GOLDM28AUG26129500PE, symboltoken: 575413
    319. exchange: MCX, tradingsymbol: GOLDM28AUG26130000CE, symboltoken: 575407
    320. exchange: MCX, tradingsymbol: GOLDM28AUG26130000PE, symboltoken: 575412
    321. exchange: MCX, tradingsymbol: GOLDM28AUG26130500CE, symboltoken: 575406
    322. exchange: MCX, tradingsymbol: GOLDM28AUG26130500PE, symboltoken: 575411
    323. exchange: MCX, tradingsymbol: GOLDM28AUG26131000CE, symboltoken: 575405
    324. exchange: MCX, tradingsymbol: GOLDM28AUG26131000PE, symboltoken: 575410
    325. exchange: MCX, tradingsymbol: GOLDM28AUG26131500CE, symboltoken: 575360
    326. exchange: MCX, tradingsymbol: GOLDM28AUG26131500PE, symboltoken: 575361
    327. exchange: MCX, tradingsymbol: GOLDM28AUG26132000CE, symboltoken: 575066
    328. exchange: MCX, tradingsymbol: GOLDM28AUG26132000PE, symboltoken: 575166
    329. exchange: MCX, tradingsymbol: GOLDM28AUG26132500CE, symboltoken: 575065
    330. exchange: MCX, tradingsymbol: GOLDM28AUG26132500PE, symboltoken: 575165
    331. exchange: MCX, tradingsymbol: GOLDM28AUG26133000CE, symboltoken: 575064
    332. exchange: MCX, tradingsymbol: GOLDM28AUG26133000PE, symboltoken: 575164
    333. exchange: MCX, tradingsymbol: GOLDM28AUG26133500CE, symboltoken: 575063
    334. exchange: MCX, tradingsymbol: GOLDM28AUG26133500PE, symboltoken: 575163
    335. exchange: MCX, tradingsymbol: GOLDM28AUG26134000CE, symboltoken: 575062
    336. exchange: MCX, tradingsymbol: GOLDM28AUG26134000PE, symboltoken: 575162
    337. exchange: MCX, tradingsymbol: GOLDM28AUG26134500CE, symboltoken: 575061
    338. exchange: MCX, tradingsymbol: GOLDM28AUG26134500PE, symboltoken: 575161
    339. exchange: MCX, tradingsymbol: GOLDM28AUG26135000CE, symboltoken: 575060
    340. exchange: MCX, tradingsymbol: GOLDM28AUG26135000PE, symboltoken: 575160
    341. exchange: MCX, tradingsymbol: GOLDM28AUG26135500CE, symboltoken: 575059
    342. exchange: MCX, tradingsymbol: GOLDM28AUG26135500PE, symboltoken: 575159
    343. exchange: MCX, tradingsymbol: GOLDM28AUG26136000CE, symboltoken: 575058
    344. exchange: MCX, tradingsymbol: GOLDM28AUG26136000PE, symboltoken: 575158
    345. exchange: MCX, tradingsymbol: GOLDM28AUG26136500CE, symboltoken: 575057
    346. exchange: MCX, tradingsymbol: GOLDM28AUG26136500PE, symboltoken: 575157
    347. exchange: MCX, tradingsymbol: GOLDM28AUG26137000CE, symboltoken: 575056
    348. exchange: MCX, tradingsymbol: GOLDM28AUG26137000PE, symboltoken: 575156
    349. exchange: MCX, tradingsymbol: GOLDM28AUG26137500CE, symboltoken: 575055
    350. exchange: MCX, tradingsymbol: GOLDM28AUG26137500PE, symboltoken: 575155
    351. exchange: MCX, tradingsymbol: GOLDM28AUG26138000CE, symboltoken: 575054
    352. exchange: MCX, tradingsymbol: GOLDM28AUG26138000PE, symboltoken: 575154
    353. exchange: MCX, tradingsymbol: GOLDM28AUG26138500CE, symboltoken: 575053
    354. exchange: MCX, tradingsymbol: GOLDM28AUG26138500PE, symboltoken: 575153
    355. exchange: MCX, tradingsymbol: GOLDM28AUG26139000CE, symboltoken: 575052
    356. exchange: MCX, tradingsymbol: GOLDM28AUG26139000PE, symboltoken: 575152
    357. exchange: MCX, tradingsymbol: GOLDM28AUG26139500CE, symboltoken: 575051
    358. exchange: MCX, tradingsymbol: GOLDM28AUG26139500PE, symboltoken: 575151
    359. exchange: MCX, tradingsymbol: GOLDM28AUG26140000CE, symboltoken: 575050
    360. exchange: MCX, tradingsymbol: GOLDM28AUG26140000PE, symboltoken: 575150
    361. exchange: MCX, tradingsymbol: GOLDM28AUG26140500CE, symboltoken: 575049
    362. exchange: MCX, tradingsymbol: GOLDM28AUG26140500PE, symboltoken: 575149
    363. exchange: MCX, tradingsymbol: GOLDM28AUG26141000CE, symboltoken: 575048
    364. exchange: MCX, tradingsymbol: GOLDM28AUG26141000PE, symboltoken: 575148
    365. exchange: MCX, tradingsymbol: GOLDM28AUG26141500CE, symboltoken: 575047
    366. exchange: MCX, tradingsymbol: GOLDM28AUG26141500PE, symboltoken: 575147
    367. exchange: MCX, tradingsymbol: GOLDM28AUG26142000CE, symboltoken: 575046
    368. exchange: MCX, tradingsymbol: GOLDM28AUG26142000PE, symboltoken: 575146
    369. exchange: MCX, tradingsymbol: GOLDM28AUG26142500CE, symboltoken: 575045
    370. exchange: MCX, tradingsymbol: GOLDM28AUG26142500PE, symboltoken: 575145
    371. exchange: MCX, tradingsymbol: GOLDM28AUG26143000CE, symboltoken: 575044
    372. exchange: MCX, tradingsymbol: GOLDM28AUG26143000PE, symboltoken: 575144
    373. exchange: MCX, tradingsymbol: GOLDM28AUG26143500CE, symboltoken: 575043
    374. exchange: MCX, tradingsymbol: GOLDM28AUG26143500PE, symboltoken: 575143
    375. exchange: MCX, tradingsymbol: GOLDM28AUG26144000CE, symboltoken: 575042
    376. exchange: MCX, tradingsymbol: GOLDM28AUG26144000PE, symboltoken: 575142
    377. exchange: MCX, tradingsymbol: GOLDM28AUG26144500CE, symboltoken: 575041
    378. exchange: MCX, tradingsymbol: GOLDM28AUG26144500PE, symboltoken: 575141
    379. exchange: MCX, tradingsymbol: GOLDM28AUG26145000CE, symboltoken: 575040
    380. exchange: MCX, tradingsymbol: GOLDM28AUG26145000PE, symboltoken: 575140
    381. exchange: MCX, tradingsymbol: GOLDM28AUG26145500CE, symboltoken: 575039
    382. exchange: MCX, tradingsymbol: GOLDM28AUG26145500PE, symboltoken: 575139
    383. exchange: MCX, tradingsymbol: GOLDM28AUG26146000CE, symboltoken: 575038
    384. exchange: MCX, tradingsymbol: GOLDM28AUG26146000PE, symboltoken: 575138
    385. exchange: MCX, tradingsymbol: GOLDM28AUG26146500CE, symboltoken: 575037
    386. exchange: MCX, tradingsymbol: GOLDM28AUG26146500PE, symboltoken: 575137
    387. exchange: MCX, tradingsymbol: GOLDM28AUG26147000CE, symboltoken: 575036
    388. exchange: MCX, tradingsymbol: GOLDM28AUG26147000PE, symboltoken: 575136
    389. exchange: MCX, tradingsymbol: GOLDM28AUG26147500CE, symboltoken: 575035
    390. exchange: MCX, tradingsymbol: GOLDM28AUG26147500PE, symboltoken: 575135
    391. exchange: MCX, tradingsymbol: GOLDM28AUG26148000CE, symboltoken: 575034
    392. exchange: MCX, tradingsymbol: GOLDM28AUG26148000PE, symboltoken: 575134
    393. exchange: MCX, tradingsymbol: GOLDM28AUG26148500CE, symboltoken: 575033
    394. exchange: MCX, tradingsymbol: GOLDM28AUG26148500PE, symboltoken: 575133
    395. exchange: MCX, tradingsymbol: GOLDM28AUG26149000CE, symboltoken: 575032
    396. exchange: MCX, tradingsymbol: GOLDM28AUG26149000PE, symboltoken: 575132
    397. exchange: MCX, tradingsymbol: GOLDM28AUG26149500CE, symboltoken: 575031
    398. exchange: MCX, tradingsymbol: GOLDM28AUG26149500PE, symboltoken: 575131
    399. exchange: MCX, tradingsymbol: GOLDM28AUG26150000CE, symboltoken: 575030
    400. exchange: MCX, tradingsymbol: GOLDM28AUG26150000PE, symboltoken: 575130
    401. exchange: MCX, tradingsymbol: GOLDM28AUG26150500CE, symboltoken: 575029
    402. exchange: MCX, tradingsymbol: GOLDM28AUG26150500PE, symboltoken: 575129
    403. exchange: MCX, tradingsymbol: GOLDM28AUG26151000CE, symboltoken: 575028
    404. exchange: MCX, tradingsymbol: GOLDM28AUG26151000PE, symboltoken: 575128
    405. exchange: MCX, tradingsymbol: GOLDM28AUG26151500CE, symboltoken: 575027
    406. exchange: MCX, tradingsymbol: GOLDM28AUG26151500PE, symboltoken: 575127
    407. exchange: MCX, tradingsymbol: GOLDM28AUG26152000CE, symboltoken: 575026
    408. exchange: MCX, tradingsymbol: GOLDM28AUG26152000PE, symboltoken: 575126
    409. exchange: MCX, tradingsymbol: GOLDM28AUG26152500CE, symboltoken: 575025
    410. exchange: MCX, tradingsymbol: GOLDM28AUG26152500PE, symboltoken: 575125
    411. exchange: MCX, tradingsymbol: GOLDM28AUG26153000CE, symboltoken: 575024
    412. exchange: MCX, tradingsymbol: GOLDM28AUG26153000PE, symboltoken: 575124
    413. exchange: MCX, tradingsymbol: GOLDM28AUG26153500CE, symboltoken: 575023
    414. exchange: MCX, tradingsymbol: GOLDM28AUG26153500PE, symboltoken: 575123
    415. exchange: MCX, tradingsymbol: GOLDM28AUG26154000CE, symboltoken: 575022
    416. exchange: MCX, tradingsymbol: GOLDM28AUG26154000PE, symboltoken: 575122
    417. exchange: MCX, tradingsymbol: GOLDM28AUG26154500CE, symboltoken: 575021
    418. exchange: MCX, tradingsymbol: GOLDM28AUG26154500PE, symboltoken: 575121
    419. exchange: MCX, tradingsymbol: GOLDM28AUG26155000CE, symboltoken: 575020
    420. exchange: MCX, tradingsymbol: GOLDM28AUG26155000PE, symboltoken: 575120
    421. exchange: MCX, tradingsymbol: GOLDM28AUG26155500CE, symboltoken: 575019
    422. exchange: MCX, tradingsymbol: GOLDM28AUG26155500PE, symboltoken: 575119
    423. exchange: MCX, tradingsymbol: GOLDM28AUG26156000CE, symboltoken: 575018
    424. exchange: MCX, tradingsymbol: GOLDM28AUG26156000PE, symboltoken: 575118
    425. exchange: MCX, tradingsymbol: GOLDM28AUG26156500CE, symboltoken: 575012
    426. exchange: MCX, tradingsymbol: GOLDM28AUG26156500PE, symboltoken: 575013
    427. exchange: MCX, tradingsymbol: GOLDM28AUG26157000CE, symboltoken: 575067
    428. exchange: MCX, tradingsymbol: GOLDM28AUG26157000PE, symboltoken: 575167
    429. exchange: MCX, tradingsymbol: GOLDM28AUG26157500CE, symboltoken: 575068
    430. exchange: MCX, tradingsymbol: GOLDM28AUG26157500PE, symboltoken: 575168
    431. exchange: MCX, tradingsymbol: GOLDM28AUG26158000CE, symboltoken: 575069
    432. exchange: MCX, tradingsymbol: GOLDM28AUG26158000PE, symboltoken: 575169
    433. exchange: MCX, tradingsymbol: GOLDM28AUG26158500CE, symboltoken: 575070
    434. exchange: MCX, tradingsymbol: GOLDM28AUG26158500PE, symboltoken: 575170
    435. exchange: MCX, tradingsymbol: GOLDM28AUG26159000CE, symboltoken: 575071
    436. exchange: MCX, tradingsymbol: GOLDM28AUG26159000PE, symboltoken: 575171
    437. exchange: MCX, tradingsymbol: GOLDM28AUG26159500CE, symboltoken: 575072
    438. exchange: MCX, tradingsymbol: GOLDM28AUG26159500PE, symboltoken: 575172
    439. exchange: MCX, tradingsymbol: GOLDM28AUG26160000CE, symboltoken: 575073
    440. exchange: MCX, tradingsymbol: GOLDM28AUG26160000PE, symboltoken: 575173
    441. exchange: MCX, tradingsymbol: GOLDM28AUG26160500CE, symboltoken: 575074
    442. exchange: MCX, tradingsymbol: GOLDM28AUG26160500PE, symboltoken: 575174
    443. exchange: MCX, tradingsymbol: GOLDM28AUG26161000CE, symboltoken: 575075
    444. exchange: MCX, tradingsymbol: GOLDM28AUG26161000PE, symboltoken: 575175
    445. exchange: MCX, tradingsymbol: GOLDM28AUG26161500CE, symboltoken: 575076
    446. exchange: MCX, tradingsymbol: GOLDM28AUG26161500PE, symboltoken: 575176
    447. exchange: MCX, tradingsymbol: GOLDM28AUG26162000CE, symboltoken: 575077
    448. exchange: MCX, tradingsymbol: GOLDM28AUG26162000PE, symboltoken: 575177
    449. exchange: MCX, tradingsymbol: GOLDM28AUG26162500CE, symboltoken: 575078
    450. exchange: MCX, tradingsymbol: GOLDM28AUG26162500PE, symboltoken: 575178
    451. exchange: MCX, tradingsymbol: GOLDM28AUG26163000CE, symboltoken: 575079
    452. exchange: MCX, tradingsymbol: GOLDM28AUG26163000PE, symboltoken: 575179
    453. exchange: MCX, tradingsymbol: GOLDM28AUG26163500CE, symboltoken: 575080
    454. exchange: MCX, tradingsymbol: GOLDM28AUG26163500PE, symboltoken: 575180
    455. exchange: MCX, tradingsymbol: GOLDM28AUG26164000CE, symboltoken: 575081
    456. exchange: MCX, tradingsymbol: GOLDM28AUG26164000PE, symboltoken: 575181
    457. exchange: MCX, tradingsymbol: GOLDM28AUG26164500CE, symboltoken: 575082
    458. exchange: MCX, tradingsymbol: GOLDM28AUG26164500PE, symboltoken: 575182
    459. exchange: MCX, tradingsymbol: GOLDM28AUG26165000CE, symboltoken: 575083
    460. exchange: MCX, tradingsymbol: GOLDM28AUG26165000PE, symboltoken: 575183
    461. exchange: MCX, tradingsymbol: GOLDM28AUG26165500CE, symboltoken: 575084
    462. exchange: MCX, tradingsymbol: GOLDM28AUG26165500PE, symboltoken: 575184
    463. exchange: MCX, tradingsymbol: GOLDM28AUG26166000CE, symboltoken: 575085
    464. exchange: MCX, tradingsymbol: GOLDM28AUG26166000PE, symboltoken: 575185
    465. exchange: MCX, tradingsymbol: GOLDM28AUG26166500CE, symboltoken: 575086
    466. exchange: MCX, tradingsymbol: GOLDM28AUG26166500PE, symboltoken: 575186
    467. exchange: MCX, tradingsymbol: GOLDM28AUG26167000CE, symboltoken: 575087
    468. exchange: MCX, tradingsymbol: GOLDM28AUG26167000PE, symboltoken: 575187
    469. exchange: MCX, tradingsymbol: GOLDM28AUG26167500CE, symboltoken: 575088
    470. exchange: MCX, tradingsymbol: GOLDM28AUG26167500PE, symboltoken: 575188
    471. exchange: MCX, tradingsymbol: GOLDM28AUG26168000CE, symboltoken: 575089
    472. exchange: MCX, tradingsymbol: GOLDM28AUG26168000PE, symboltoken: 575189
    473. exchange: MCX, tradingsymbol: GOLDM28AUG26168500CE, symboltoken: 575090
    474. exchange: MCX, tradingsymbol: GOLDM28AUG26168500PE, symboltoken: 575190
    475. exchange: MCX, tradingsymbol: GOLDM28AUG26169000CE, symboltoken: 575091
    476. exchange: MCX, tradingsymbol: GOLDM28AUG26169000PE, symboltoken: 575191
    477. exchange: MCX, tradingsymbol: GOLDM28AUG26169500CE, symboltoken: 575092
    478. exchange: MCX, tradingsymbol: GOLDM28AUG26169500PE, symboltoken: 575192
    479. exchange: MCX, tradingsymbol: GOLDM28AUG26170000CE, symboltoken: 575093
    480. exchange: MCX, tradingsymbol: GOLDM28AUG26170000PE, symboltoken: 575193
    481. exchange: MCX, tradingsymbol: GOLDM28AUG26170500CE, symboltoken: 575094
    482. exchange: MCX, tradingsymbol: GOLDM28AUG26170500PE, symboltoken: 575194
    483. exchange: MCX, tradingsymbol: GOLDM28AUG26171000CE, symboltoken: 575095
    484. exchange: MCX, tradingsymbol: GOLDM28AUG26171000PE, symboltoken: 575195
    485. exchange: MCX, tradingsymbol: GOLDM28AUG26171500CE, symboltoken: 575096
    486. exchange: MCX, tradingsymbol: GOLDM28AUG26171500PE, symboltoken: 575196
    487. exchange: MCX, tradingsymbol: GOLDM28AUG26172000CE, symboltoken: 575097
    488. exchange: MCX, tradingsymbol: GOLDM28AUG26172000PE, symboltoken: 575197
    489. exchange: MCX, tradingsymbol: GOLDM28AUG26172500CE, symboltoken: 575098
    490. exchange: MCX, tradingsymbol: GOLDM28AUG26172500PE, symboltoken: 575198
    491. exchange: MCX, tradingsymbol: GOLDM28AUG26173000CE, symboltoken: 575099
    492. exchange: MCX, tradingsymbol: GOLDM28AUG26173000PE, symboltoken: 575199
    493. exchange: MCX, tradingsymbol: GOLDM28AUG26173500CE, symboltoken: 575100
    494. exchange: MCX, tradingsymbol: GOLDM28AUG26173500PE, symboltoken: 575200
    495. exchange: MCX, tradingsymbol: GOLDM28AUG26174000CE, symboltoken: 575101
    496. exchange: MCX, tradingsymbol: GOLDM28AUG26174000PE, symboltoken: 575201
    497. exchange: MCX, tradingsymbol: GOLDM28AUG26174500CE, symboltoken: 575102
    498. exchange: MCX, tradingsymbol: GOLDM28AUG26174500PE, symboltoken: 575202
    499. exchange: MCX, tradingsymbol: GOLDM28AUG26175000CE, symboltoken: 575103
    500. exchange: MCX, tradingsymbol: GOLDM28AUG26175000PE, symboltoken: 575203
    501. exchange: MCX, tradingsymbol: GOLDM28AUG26175500CE, symboltoken: 575104
    502. exchange: MCX, tradingsymbol: GOLDM28AUG26175500PE, symboltoken: 575204
    503. exchange: MCX, tradingsymbol: GOLDM28AUG26176000CE, symboltoken: 575105
    504. exchange: MCX, tradingsymbol: GOLDM28AUG26176000PE, symboltoken: 575205
    505. exchange: MCX, tradingsymbol: GOLDM28AUG26176500CE, symboltoken: 575106
    506. exchange: MCX, tradingsymbol: GOLDM28AUG26176500PE, symboltoken: 575206
    507. exchange: MCX, tradingsymbol: GOLDM28AUG26177000CE, symboltoken: 575107
    508. exchange: MCX, tradingsymbol: GOLDM28AUG26177000PE, symboltoken: 575207
    509. exchange: MCX, tradingsymbol: GOLDM28AUG26177500CE, symboltoken: 575108
    510. exchange: MCX, tradingsymbol: GOLDM28AUG26177500PE, symboltoken: 575208
    511. exchange: MCX, tradingsymbol: GOLDM28AUG26178000CE, symboltoken: 575109
    512. exchange: MCX, tradingsymbol: GOLDM28AUG26178000PE, symboltoken: 575209
    513. exchange: MCX, tradingsymbol: GOLDM28AUG26178500CE, symboltoken: 575110
    514. exchange: MCX, tradingsymbol: GOLDM28AUG26178500PE, symboltoken: 575210
    515. exchange: MCX, tradingsymbol: GOLDM28AUG26179000CE, symboltoken: 575111
    516. exchange: MCX, tradingsymbol: GOLDM28AUG26179000PE, symboltoken: 575211
    517. exchange: MCX, tradingsymbol: GOLDM28AUG26179500CE, symboltoken: 575112
    518. exchange: MCX, tradingsymbol: GOLDM28AUG26179500PE, symboltoken: 575212
    519. exchange: MCX, tradingsymbol: GOLDM28AUG26180000CE, symboltoken: 575113
    520. exchange: MCX, tradingsymbol: GOLDM28AUG26180000PE, symboltoken: 575213
    521. exchange: MCX, tradingsymbol: GOLDM28AUG26180500CE, symboltoken: 575114
    522. exchange: MCX, tradingsymbol: GOLDM28AUG26180500PE, symboltoken: 575214
    523. exchange: MCX, tradingsymbol: GOLDM28AUG26181000CE, symboltoken: 575115
    524. exchange: MCX, tradingsymbol: GOLDM28AUG26181000PE, symboltoken: 575215
    525. exchange: MCX, tradingsymbol: GOLDM28AUG26181500CE, symboltoken: 575116
    526. exchange: MCX, tradingsymbol: GOLDM28AUG26181500PE, symboltoken: 575216
    527. exchange: MCX, tradingsymbol: GOLDM28AUG26182000CE, symboltoken: 575117
    528. exchange: MCX, tradingsymbol: GOLDM28AUG26182000PE, symboltoken: 575217
    529. exchange: MCX, tradingsymbol: GOLDM29OCT26124000CE, symboltoken: 581936
    530. exchange: MCX, tradingsymbol: GOLDM29OCT26124000PE, symboltoken: 582036
    531. exchange: MCX, tradingsymbol: GOLDM29OCT26124500CE, symboltoken: 581935
    532. exchange: MCX, tradingsymbol: GOLDM29OCT26124500PE, symboltoken: 582035
    533. exchange: MCX, tradingsymbol: GOLDM29OCT26125000CE, symboltoken: 581934
    534. exchange: MCX, tradingsymbol: GOLDM29OCT26125000PE, symboltoken: 582034
    535. exchange: MCX, tradingsymbol: GOLDM29OCT26125500CE, symboltoken: 581933
    536. exchange: MCX, tradingsymbol: GOLDM29OCT26125500PE, symboltoken: 582033
    537. exchange: MCX, tradingsymbol: GOLDM29OCT26126000CE, symboltoken: 581932
    538. exchange: MCX, tradingsymbol: GOLDM29OCT26126000PE, symboltoken: 582032
    539. exchange: MCX, tradingsymbol: GOLDM29OCT26126500CE, symboltoken: 581931
    540. exchange: MCX, tradingsymbol: GOLDM29OCT26126500PE, symboltoken: 582031
    541. exchange: MCX, tradingsymbol: GOLDM29OCT26127000CE, symboltoken: 581930
    542. exchange: MCX, tradingsymbol: GOLDM29OCT26127000PE, symboltoken: 582030
    543. exchange: MCX, tradingsymbol: GOLDM29OCT26127500CE, symboltoken: 581929
    544. exchange: MCX, tradingsymbol: GOLDM29OCT26127500PE, symboltoken: 582029
    545. exchange: MCX, tradingsymbol: GOLDM29OCT26128000CE, symboltoken: 581928
    546. exchange: MCX, tradingsymbol: GOLDM29OCT26128000PE, symboltoken: 582028
    547. exchange: MCX, tradingsymbol: GOLDM29OCT26128500CE, symboltoken: 581927
    548. exchange: MCX, tradingsymbol: GOLDM29OCT26128500PE, symboltoken: 582027
    549. exchange: MCX, tradingsymbol: GOLDM29OCT26129000CE, symboltoken: 581926
    550. exchange: MCX, tradingsymbol: GOLDM29OCT26129000PE, symboltoken: 582026
    551. exchange: MCX, tradingsymbol: GOLDM29OCT26129500CE, symboltoken: 581925
    552. exchange: MCX, tradingsymbol: GOLDM29OCT26129500PE, symboltoken: 582025
    553. exchange: MCX, tradingsymbol: GOLDM29OCT26130000CE, symboltoken: 581924
    554. exchange: MCX, tradingsymbol: GOLDM29OCT26130000PE, symboltoken: 582024
    555. exchange: MCX, tradingsymbol: GOLDM29OCT26130500CE, symboltoken: 581923
    556. exchange: MCX, tradingsymbol: GOLDM29OCT26130500PE, symboltoken: 582023
    557. exchange: MCX, tradingsymbol: GOLDM29OCT26131000CE, symboltoken: 581922
    558. exchange: MCX, tradingsymbol: GOLDM29OCT26131000PE, symboltoken: 582022
    559. exchange: MCX, tradingsymbol: GOLDM29OCT26131500CE, symboltoken: 581921
    560. exchange: MCX, tradingsymbol: GOLDM29OCT26131500PE, symboltoken: 582021
    561. exchange: MCX, tradingsymbol: GOLDM29OCT26132000CE, symboltoken: 581920
    562. exchange: MCX, tradingsymbol: GOLDM29OCT26132000PE, symboltoken: 582020
    563. exchange: MCX, tradingsymbol: GOLDM29OCT26132500CE, symboltoken: 581919
    564. exchange: MCX, tradingsymbol: GOLDM29OCT26132500PE, symboltoken: 582019
    565. exchange: MCX, tradingsymbol: GOLDM29OCT26133000CE, symboltoken: 581918
    566. exchange: MCX, tradingsymbol: GOLDM29OCT26133000PE, symboltoken: 582018
    567. exchange: MCX, tradingsymbol: GOLDM29OCT26133500CE, symboltoken: 581917
    568. exchange: MCX, tradingsymbol: GOLDM29OCT26133500PE, symboltoken: 582017
    569. exchange: MCX, tradingsymbol: GOLDM29OCT26134000CE, symboltoken: 581916
    570. exchange: MCX, tradingsymbol: GOLDM29OCT26134000PE, symboltoken: 582016
    571. exchange: MCX, tradingsymbol: GOLDM29OCT26134500CE, symboltoken: 581915
    572. exchange: MCX, tradingsymbol: GOLDM29OCT26134500PE, symboltoken: 582015
    573. exchange: MCX, tradingsymbol: GOLDM29OCT26135000CE, symboltoken: 581914
    574. exchange: MCX, tradingsymbol: GOLDM29OCT26135000PE, symboltoken: 582014
    575. exchange: MCX, tradingsymbol: GOLDM29OCT26135500CE, symboltoken: 581913
    576. exchange: MCX, tradingsymbol: GOLDM29OCT26135500PE, symboltoken: 582013
    577. exchange: MCX, tradingsymbol: GOLDM29OCT26136000CE, symboltoken: 581912
    578. exchange: MCX, tradingsymbol: GOLDM29OCT26136000PE, symboltoken: 582012
    579. exchange: MCX, tradingsymbol: GOLDM29OCT26136500CE, symboltoken: 581911
    580. exchange: MCX, tradingsymbol: GOLDM29OCT26136500PE, symboltoken: 582011
    581. exchange: MCX, tradingsymbol: GOLDM29OCT26137000CE, symboltoken: 581910
    582. exchange: MCX, tradingsymbol: GOLDM29OCT26137000PE, symboltoken: 582010
    583. exchange: MCX, tradingsymbol: GOLDM29OCT26137500CE, symboltoken: 581909
    584. exchange: MCX, tradingsymbol: GOLDM29OCT26137500PE, symboltoken: 582009
    585. exchange: MCX, tradingsymbol: GOLDM29OCT26138000CE, symboltoken: 581908
    586. exchange: MCX, tradingsymbol: GOLDM29OCT26138000PE, symboltoken: 582008
    587. exchange: MCX, tradingsymbol: GOLDM29OCT26138500CE, symboltoken: 581907
    588. exchange: MCX, tradingsymbol: GOLDM29OCT26138500PE, symboltoken: 582007
    589. exchange: MCX, tradingsymbol: GOLDM29OCT26139000CE, symboltoken: 581906
    590. exchange: MCX, tradingsymbol: GOLDM29OCT26139000PE, symboltoken: 582006
    591. exchange: MCX, tradingsymbol: GOLDM29OCT26139500CE, symboltoken: 581905
    592. exchange: MCX, tradingsymbol: GOLDM29OCT26139500PE, symboltoken: 582005
    593. exchange: MCX, tradingsymbol: GOLDM29OCT26140000CE, symboltoken: 581904
    594. exchange: MCX, tradingsymbol: GOLDM29OCT26140000PE, symboltoken: 582004
    595. exchange: MCX, tradingsymbol: GOLDM29OCT26140500CE, symboltoken: 581903
    596. exchange: MCX, tradingsymbol: GOLDM29OCT26140500PE, symboltoken: 582003
    597. exchange: MCX, tradingsymbol: GOLDM29OCT26141000CE, symboltoken: 581902
    598. exchange: MCX, tradingsymbol: GOLDM29OCT26141000PE, symboltoken: 582002
    599. exchange: MCX, tradingsymbol: GOLDM29OCT26141500CE, symboltoken: 581901
    600. exchange: MCX, tradingsymbol: GOLDM29OCT26141500PE, symboltoken: 582001
    601. exchange: MCX, tradingsymbol: GOLDM29OCT26142000CE, symboltoken: 581900
    602. exchange: MCX, tradingsymbol: GOLDM29OCT26142000PE, symboltoken: 582000
    603. exchange: MCX, tradingsymbol: GOLDM29OCT26142500CE, symboltoken: 581899
    604. exchange: MCX, tradingsymbol: GOLDM29OCT26142500PE, symboltoken: 581999
    605. exchange: MCX, tradingsymbol: GOLDM29OCT26143000CE, symboltoken: 581898
    606. exchange: MCX, tradingsymbol: GOLDM29OCT26143000PE, symboltoken: 581998
    607. exchange: MCX, tradingsymbol: GOLDM29OCT26143500CE, symboltoken: 581897
    608. exchange: MCX, tradingsymbol: GOLDM29OCT26143500PE, symboltoken: 581997
    609. exchange: MCX, tradingsymbol: GOLDM29OCT26144000CE, symboltoken: 581896
    610. exchange: MCX, tradingsymbol: GOLDM29OCT26144000PE, symboltoken: 581996
    611. exchange: MCX, tradingsymbol: GOLDM29OCT26144500CE, symboltoken: 581895
    612. exchange: MCX, tradingsymbol: GOLDM29OCT26144500PE, symboltoken: 581995
    613. exchange: MCX, tradingsymbol: GOLDM29OCT26145000CE, symboltoken: 581894
    614. exchange: MCX, tradingsymbol: GOLDM29OCT26145000PE, symboltoken: 581994
    615. exchange: MCX, tradingsymbol: GOLDM29OCT26145500CE, symboltoken: 581893
    616. exchange: MCX, tradingsymbol: GOLDM29OCT26145500PE, symboltoken: 581993
    617. exchange: MCX, tradingsymbol: GOLDM29OCT26146000CE, symboltoken: 581892
    618. exchange: MCX, tradingsymbol: GOLDM29OCT26146000PE, symboltoken: 581992
    619. exchange: MCX, tradingsymbol: GOLDM29OCT26146500CE, symboltoken: 581891
    620. exchange: MCX, tradingsymbol: GOLDM29OCT26146500PE, symboltoken: 581991
    621. exchange: MCX, tradingsymbol: GOLDM29OCT26147000CE, symboltoken: 581890
    622. exchange: MCX, tradingsymbol: GOLDM29OCT26147000PE, symboltoken: 581990
    623. exchange: MCX, tradingsymbol: GOLDM29OCT26147500CE, symboltoken: 581889
    624. exchange: MCX, tradingsymbol: GOLDM29OCT26147500PE, symboltoken: 581989
    625. exchange: MCX, tradingsymbol: GOLDM29OCT26148000CE, symboltoken: 581888
    626. exchange: MCX, tradingsymbol: GOLDM29OCT26148000PE, symboltoken: 581988
    627. exchange: MCX, tradingsymbol: GOLDM29OCT26148500CE, symboltoken: 581887
    628. exchange: MCX, tradingsymbol: GOLDM29OCT26148500PE, symboltoken: 581987
    629. exchange: MCX, tradingsymbol: GOLDM29OCT26149000CE, symboltoken: 581937
    630. exchange: MCX, tradingsymbol: GOLDM29OCT26149000PE, symboltoken: 582037
    631. exchange: MCX, tradingsymbol: GOLDM29OCT26149500CE, symboltoken: 581881
    632. exchange: MCX, tradingsymbol: GOLDM29OCT26149500PE, symboltoken: 581882
    633. exchange: MCX, tradingsymbol: GOLDM29OCT26150000CE, symboltoken: 581938
    634. exchange: MCX, tradingsymbol: GOLDM29OCT26150000PE, symboltoken: 582038
    635. exchange: MCX, tradingsymbol: GOLDM29OCT26150500CE, symboltoken: 581939
    636. exchange: MCX, tradingsymbol: GOLDM29OCT26150500PE, symboltoken: 582039
    637. exchange: MCX, tradingsymbol: GOLDM29OCT26151000CE, symboltoken: 581940
    638. exchange: MCX, tradingsymbol: GOLDM29OCT26151000PE, symboltoken: 582040
    639. exchange: MCX, tradingsymbol: GOLDM29OCT26151500CE, symboltoken: 581941
    640. exchange: MCX, tradingsymbol: GOLDM29OCT26151500PE, symboltoken: 582041
    641. exchange: MCX, tradingsymbol: GOLDM29OCT26152000CE, symboltoken: 581942
    642. exchange: MCX, tradingsymbol: GOLDM29OCT26152000PE, symboltoken: 582042
    643. exchange: MCX, tradingsymbol: GOLDM29OCT26152500CE, symboltoken: 581943
    644. exchange: MCX, tradingsymbol: GOLDM29OCT26152500PE, symboltoken: 582043
    645. exchange: MCX, tradingsymbol: GOLDM29OCT26153000CE, symboltoken: 581944
    646. exchange: MCX, tradingsymbol: GOLDM29OCT26153000PE, symboltoken: 582044
    647. exchange: MCX, tradingsymbol: GOLDM29OCT26153500CE, symboltoken: 581945
    648. exchange: MCX, tradingsymbol: GOLDM29OCT26153500PE, symboltoken: 582045
    649. exchange: MCX, tradingsymbol: GOLDM29OCT26154000CE, symboltoken: 581946
    650. exchange: MCX, tradingsymbol: GOLDM29OCT26154000PE, symboltoken: 582046
    651. exchange: MCX, tradingsymbol: GOLDM29OCT26154500CE, symboltoken: 581947
    652. exchange: MCX, tradingsymbol: GOLDM29OCT26154500PE, symboltoken: 582047
    653. exchange: MCX, tradingsymbol: GOLDM29OCT26155000CE, symboltoken: 581948
    654. exchange: MCX, tradingsymbol: GOLDM29OCT26155000PE, symboltoken: 582048
    655. exchange: MCX, tradingsymbol: GOLDM29OCT26155500CE, symboltoken: 581949
    656. exchange: MCX, tradingsymbol: GOLDM29OCT26155500PE, symboltoken: 582049
    657. exchange: MCX, tradingsymbol: GOLDM29OCT26156000CE, symboltoken: 581950
    658. exchange: MCX, tradingsymbol: GOLDM29OCT26156000PE, symboltoken: 582050
    659. exchange: MCX, tradingsymbol: GOLDM29OCT26156500CE, symboltoken: 581951
    660. exchange: MCX, tradingsymbol: GOLDM29OCT26156500PE, symboltoken: 582051
    661. exchange: MCX, tradingsymbol: GOLDM29OCT26157000CE, symboltoken: 581952
    662. exchange: MCX, tradingsymbol: GOLDM29OCT26157000PE, symboltoken: 582052
    663. exchange: MCX, tradingsymbol: GOLDM29OCT26157500CE, symboltoken: 581953
    664. exchange: MCX, tradingsymbol: GOLDM29OCT26157500PE, symboltoken: 582053
    665. exchange: MCX, tradingsymbol: GOLDM29OCT26158000CE, symboltoken: 581954
    666. exchange: MCX, tradingsymbol: GOLDM29OCT26158000PE, symboltoken: 582054
    667. exchange: MCX, tradingsymbol: GOLDM29OCT26158500CE, symboltoken: 581955
    668. exchange: MCX, tradingsymbol: GOLDM29OCT26158500PE, symboltoken: 582055
    669. exchange: MCX, tradingsymbol: GOLDM29OCT26159000CE, symboltoken: 581956
    670. exchange: MCX, tradingsymbol: GOLDM29OCT26159000PE, symboltoken: 582056
    671. exchange: MCX, tradingsymbol: GOLDM29OCT26159500CE, symboltoken: 581957
    672. exchange: MCX, tradingsymbol: GOLDM29OCT26159500PE, symboltoken: 582057
    673. exchange: MCX, tradingsymbol: GOLDM29OCT26160000CE, symboltoken: 581958
    674. exchange: MCX, tradingsymbol: GOLDM29OCT26160000PE, symboltoken: 582058
    675. exchange: MCX, tradingsymbol: GOLDM29OCT26160500CE, symboltoken: 581959
    676. exchange: MCX, tradingsymbol: GOLDM29OCT26160500PE, symboltoken: 582059
    677. exchange: MCX, tradingsymbol: GOLDM29OCT26161000CE, symboltoken: 581960
    678. exchange: MCX, tradingsymbol: GOLDM29OCT26161000PE, symboltoken: 582060
    679. exchange: MCX, tradingsymbol: GOLDM29OCT26161500CE, symboltoken: 581961
    680. exchange: MCX, tradingsymbol: GOLDM29OCT26161500PE, symboltoken: 582061
    681. exchange: MCX, tradingsymbol: GOLDM29OCT26162000CE, symboltoken: 581962
    682. exchange: MCX, tradingsymbol: GOLDM29OCT26162000PE, symboltoken: 582062
    683. exchange: MCX, tradingsymbol: GOLDM29OCT26162500CE, symboltoken: 581963
    684. exchange: MCX, tradingsymbol: GOLDM29OCT26162500PE, symboltoken: 582063
    685. exchange: MCX, tradingsymbol: GOLDM29OCT26163000CE, symboltoken: 581964
    686. exchange: MCX, tradingsymbol: GOLDM29OCT26163000PE, symboltoken: 582064
    687. exchange: MCX, tradingsymbol: GOLDM29OCT26163500CE, symboltoken: 581965
    688. exchange: MCX, tradingsymbol: GOLDM29OCT26163500PE, symboltoken: 582065
    689. exchange: MCX, tradingsymbol: GOLDM29OCT26164000CE, symboltoken: 581966
    690. exchange: MCX, tradingsymbol: GOLDM29OCT26164000PE, symboltoken: 582066
    691. exchange: MCX, tradingsymbol: GOLDM29OCT26164500CE, symboltoken: 581967
    692. exchange: MCX, tradingsymbol: GOLDM29OCT26164500PE, symboltoken: 582067
    693. exchange: MCX, tradingsymbol: GOLDM29OCT26165000CE, symboltoken: 581968
    694. exchange: MCX, tradingsymbol: GOLDM29OCT26165000PE, symboltoken: 582068
    695. exchange: MCX, tradingsymbol: GOLDM29OCT26165500CE, symboltoken: 581969
    696. exchange: MCX, tradingsymbol: GOLDM29OCT26165500PE, symboltoken: 582069
    697. exchange: MCX, tradingsymbol: GOLDM29OCT26166000CE, symboltoken: 581970
    698. exchange: MCX, tradingsymbol: GOLDM29OCT26166000PE, symboltoken: 582070
    699. exchange: MCX, tradingsymbol: GOLDM29OCT26166500CE, symboltoken: 581971
    700. exchange: MCX, tradingsymbol: GOLDM29OCT26166500PE, symboltoken: 582071
    701. exchange: MCX, tradingsymbol: GOLDM29OCT26167000CE, symboltoken: 581972
    702. exchange: MCX, tradingsymbol: GOLDM29OCT26167000PE, symboltoken: 582072
    703. exchange: MCX, tradingsymbol: GOLDM29OCT26167500CE, symboltoken: 581973
    704. exchange: MCX, tradingsymbol: GOLDM29OCT26167500PE, symboltoken: 582073
    705. exchange: MCX, tradingsymbol: GOLDM29OCT26168000CE, symboltoken: 581974
    706. exchange: MCX, tradingsymbol: GOLDM29OCT26168000PE, symboltoken: 582074
    707. exchange: MCX, tradingsymbol: GOLDM29OCT26168500CE, symboltoken: 581975
    708. exchange: MCX, tradingsymbol: GOLDM29OCT26168500PE, symboltoken: 582075
    709. exchange: MCX, tradingsymbol: GOLDM29OCT26169000CE, symboltoken: 581976
    710. exchange: MCX, tradingsymbol: GOLDM29OCT26169000PE, symboltoken: 582076
    711. exchange: MCX, tradingsymbol: GOLDM29OCT26169500CE, symboltoken: 581977
    712. exchange: MCX, tradingsymbol: GOLDM29OCT26169500PE, symboltoken: 582077
    713. exchange: MCX, tradingsymbol: GOLDM29OCT26170000CE, symboltoken: 581978
    714. exchange: MCX, tradingsymbol: GOLDM29OCT26170000PE, symboltoken: 582078
    715. exchange: MCX, tradingsymbol: GOLDM29OCT26170500CE, symboltoken: 581979
    716. exchange: MCX, tradingsymbol: GOLDM29OCT26170500PE, symboltoken: 582079
    717. exchange: MCX, tradingsymbol: GOLDM29OCT26171000CE, symboltoken: 581980
    718. exchange: MCX, tradingsymbol: GOLDM29OCT26171000PE, symboltoken: 582080
    719. exchange: MCX, tradingsymbol: GOLDM29OCT26171500CE, symboltoken: 581981
    720. exchange: MCX, tradingsymbol: GOLDM29OCT26171500PE, symboltoken: 582081
    721. exchange: MCX, tradingsymbol: GOLDM29OCT26172000CE, symboltoken: 581982
    722. exchange: MCX, tradingsymbol: GOLDM29OCT26172000PE, symboltoken: 582082
    723. exchange: MCX, tradingsymbol: GOLDM29OCT26172500CE, symboltoken: 581983
    724. exchange: MCX, tradingsymbol: GOLDM29OCT26172500PE, symboltoken: 582083
    725. exchange: MCX, tradingsymbol: GOLDM29OCT26173000CE, symboltoken: 581984
    726. exchange: MCX, tradingsymbol: GOLDM29OCT26173000PE, symboltoken: 582084
    727. exchange: MCX, tradingsymbol: GOLDM29OCT26173500CE, symboltoken: 581985
    728. exchange: MCX, tradingsymbol: GOLDM29OCT26173500PE, symboltoken: 582085
    729. exchange: MCX, tradingsymbol: GOLDM29OCT26174000CE, symboltoken: 581986
    730. exchange: MCX, tradingsymbol: GOLDM29OCT26174000PE, symboltoken: 582086
    731. exchange: MCX, tradingsymbol: GOLDM29OCT26174500CE, symboltoken: 582115
    732. exchange: MCX, tradingsymbol: GOLDM29OCT26174500PE, symboltoken: 582116
    733. exchange: MCX, tradingsymbol: GOLDM29OCT26175000CE, symboltoken: 582141
    734. exchange: MCX, tradingsymbol: GOLDM29OCT26175000PE, symboltoken: 582149
    735. exchange: MCX, tradingsymbol: GOLDM29OCT26175500CE, symboltoken: 582142
    736. exchange: MCX, tradingsymbol: GOLDM29OCT26175500PE, symboltoken: 582150
    737. exchange: MCX, tradingsymbol: GOLDM29OCT26176000CE, symboltoken: 582143
    738. exchange: MCX, tradingsymbol: GOLDM29OCT26176000PE, symboltoken: 582151
    739. exchange: MCX, tradingsymbol: GOLDM29OCT26176500CE, symboltoken: 582144
    740. exchange: MCX, tradingsymbol: GOLDM29OCT26176500PE, symboltoken: 582152
    741. exchange: MCX, tradingsymbol: GOLDM29OCT26177000CE, symboltoken: 582145
    742. exchange: MCX, tradingsymbol: GOLDM29OCT26177000PE, symboltoken: 582153
    743. exchange: MCX, tradingsymbol: GOLDM29OCT26177500CE, symboltoken: 582146
    744. exchange: MCX, tradingsymbol: GOLDM29OCT26177500PE, symboltoken: 582154
    745. exchange: MCX, tradingsymbol: GOLDM29OCT26178000CE, symboltoken: 582228
    746. exchange: MCX, tradingsymbol: GOLDM29OCT26178000PE, symboltoken: 582234
    747. exchange: MCX, tradingsymbol: GOLDM29OCT26178500CE, symboltoken: 582229
    748. exchange: MCX, tradingsymbol: GOLDM29OCT26178500PE, symboltoken: 582235
    749. exchange: MCX, tradingsymbol: GOLDM29OCT26179000CE, symboltoken: 582230
    750. exchange: MCX, tradingsymbol: GOLDM29OCT26179000PE, symboltoken: 582236
    751. exchange: MCX, tradingsymbol: GOLDM29OCT26179500CE, symboltoken: 582306
    752. exchange: MCX, tradingsymbol: GOLDM29OCT26179500PE, symboltoken: 582308
    753. exchange: MCX, tradingsymbol: GOLDM29OCT26180000CE, symboltoken: 582320
    754. exchange: MCX, tradingsymbol: GOLDM29OCT26180000PE, symboltoken: 582326
    755. exchange: MCX, tradingsymbol: GOLDM29OCT26180500CE, symboltoken: 582321
    756. exchange: MCX, tradingsymbol: GOLDM29OCT26180500PE, symboltoken: 582327
    757. exchange: MCX, tradingsymbol: GOLDM29OCT26181000CE, symboltoken: 582322
    758. exchange: MCX, tradingsymbol: GOLDM29OCT26181000PE, symboltoken: 582328
    759. exchange: MCX, tradingsymbol: GOLDMAHMCOM, symboltoken: 347
    760. exchange: MCX, tradingsymbol: GOLDMCOM, symboltoken: 117
    761. exchange: MCX, tradingsymbol: GOLDMDELCOM, symboltoken: 348
    762. exchange: MCX, tradingsymbol: GOLDMKOLCOM, symboltoken: 349
    763. exchange: MCX, tradingsymbol: GOLDMMUMCOM, symboltoken: 346
    764. exchange: MCX, tradingsymbol: GOLDMUMCOM, symboltoken: 342
    765. exchange: MCX, tradingsymbol: GOLDM29OCT26178000CE, symboltoken: 582228
    766. exchange: MCX, tradingsymbol: GOLDM29OCT26178000PE, symboltoken: 582234
    767. exchange: MCX, tradingsymbol: GOLDM29OCT26178500CE, symboltoken: 582229
    768. exchange: MCX, tradingsymbol: GOLDM29OCT26178500PE, symboltoken: 582235
    769. exchange: MCX, tradingsymbol: GOLDM29OCT26179000CE, symboltoken: 582230
    770. exchange: MCX, tradingsymbol: GOLDM29OCT26179000PE, symboltoken: 582236
    771. exchange: MCX, tradingsymbol: GOLDM29OCT26179500CE, symboltoken: 582306
    772. exchange: MCX, tradingsymbol: GOLDM29OCT26179500PE, symboltoken: 582308
    773. exchange: MCX, tradingsymbol: GOLDM29OCT26180000CE, symboltoken: 582320
    774. exchange: MCX, tradingsymbol: GOLDM29OCT26180000PE, symboltoken: 582326
    775. exchange: MCX, tradingsymbol: GOLDM29OCT26180500CE, symboltoken: 582321
    776. exchange: MCX, tradingsymbol: GOLDM29OCT26180500PE, symboltoken: 582327
    777. exchange: MCX, tradingsymbol: GOLDM29OCT26181000CE, symboltoken: 582322
    778. exchange: MCX, tradingsymbol: GOLDM29OCT26181000PE, symboltoken: 582328
    779. exchange: MCX, tradingsymbol: GOLDMAHMCOM, symboltoken: 347
    780. exchange: MCX, tradingsymbol: GOLDMCOM, symboltoken: 117
INFO:     Shutting down
INFO:     Waiting for application shutdown.
INFO:     Application shutdown complete.
INFO:     Finished server process [65466]
INFO:     Started server process [65608]
INFO:     Waiting for application startup.
INFO:     Application startup complete.
INFO:     Uvicorn running on http://0.0.0.0:8001 (Press CTRL+C to quit)
[I 260816 19:43:55 smartConnect:124] in pool
[I 260816 19:43:55 smartConnect:496] Search successful. Found 780 trading symbols for the given query:
    1. exchange: MCX, tradingsymbol: GOLDM04DEC26FUT, symboltoken: 575011
    2. exchange: MCX, tradingsymbol: GOLDM04SEP26FUT, symboltoken: 563946
    3. exchange: MCX, tradingsymbol: GOLDM05FEB27FUT, symboltoken: 581880
    4. exchange: MCX, tradingsymbol: GOLDM05JAN27FUT, symboltoken: 578779
    5. exchange: MCX, tradingsymbol: GOLDM05NOV26FUT, symboltoken: 571445
    6. exchange: MCX, tradingsymbol: GOLDM05OCT26FUT, symboltoken: 569003
    7. exchange: MCX, tradingsymbol: GOLDM25SEP26116500CE, symboltoken: 580161
    8. exchange: MCX, tradingsymbol: GOLDM25SEP26116500PE, symboltoken: 580165
    9. exchange: MCX, tradingsymbol: GOLDM25SEP26117000CE, symboltoken: 580160
    10. exchange: MCX, tradingsymbol: GOLDM25SEP26117000PE, symboltoken: 580164
    11. exchange: MCX, tradingsymbol: GOLDM25SEP26117500CE, symboltoken: 580159
    12. exchange: MCX, tradingsymbol: GOLDM25SEP26117500PE, symboltoken: 580163
    13. exchange: MCX, tradingsymbol: GOLDM25SEP26118000CE, symboltoken: 579247
    14. exchange: MCX, tradingsymbol: GOLDM25SEP26118000PE, symboltoken: 579258
    15. exchange: MCX, tradingsymbol: GOLDM25SEP26118500CE, symboltoken: 579246
    16. exchange: MCX, tradingsymbol: GOLDM25SEP26118500PE, symboltoken: 579257
    17. exchange: MCX, tradingsymbol: GOLDM25SEP26119000CE, symboltoken: 579245
    18. exchange: MCX, tradingsymbol: GOLDM25SEP26119000PE, symboltoken: 579256
    19. exchange: MCX, tradingsymbol: GOLDM25SEP26119500CE, symboltoken: 579244
    20. exchange: MCX, tradingsymbol: GOLDM25SEP26119500PE, symboltoken: 579255
    21. exchange: MCX, tradingsymbol: GOLDM25SEP26120000CE, symboltoken: 579243
    22. exchange: MCX, tradingsymbol: GOLDM25SEP26120000PE, symboltoken: 579254
    23. exchange: MCX, tradingsymbol: GOLDM25SEP26120500CE, symboltoken: 579242
    24. exchange: MCX, tradingsymbol: GOLDM25SEP26120500PE, symboltoken: 579253
    25. exchange: MCX, tradingsymbol: GOLDM25SEP26121000CE, symboltoken: 579056
    26. exchange: MCX, tradingsymbol: GOLDM25SEP26121000PE, symboltoken: 579058
    27. exchange: MCX, tradingsymbol: GOLDM25SEP26121500CE, symboltoken: 579055
    28. exchange: MCX, tradingsymbol: GOLDM25SEP26121500PE, symboltoken: 579057
    29. exchange: MCX, tradingsymbol: GOLDM25SEP26122000CE, symboltoken: 579019
    30. exchange: MCX, tradingsymbol: GOLDM25SEP26122000PE, symboltoken: 579022
    31. exchange: MCX, tradingsymbol: GOLDM25SEP26122500CE, symboltoken: 579018
    32. exchange: MCX, tradingsymbol: GOLDM25SEP26122500PE, symboltoken: 579021
    33. exchange: MCX, tradingsymbol: GOLDM25SEP26123000CE, symboltoken: 579017
    34. exchange: MCX, tradingsymbol: GOLDM25SEP26123000PE, symboltoken: 579020
    35. exchange: MCX, tradingsymbol: GOLDM25SEP26123500CE, symboltoken: 579013
    36. exchange: MCX, tradingsymbol: GOLDM25SEP26123500PE, symboltoken: 579016
    37. exchange: MCX, tradingsymbol: GOLDM25SEP26124000CE, symboltoken: 579012
    38. exchange: MCX, tradingsymbol: GOLDM25SEP26124000PE, symboltoken: 579015
    39. exchange: MCX, tradingsymbol: GOLDM25SEP26124500CE, symboltoken: 579011
    40. exchange: MCX, tradingsymbol: GOLDM25SEP26124500PE, symboltoken: 579014
    41. exchange: MCX, tradingsymbol: GOLDM25SEP26125000CE, symboltoken: 579005
    42. exchange: MCX, tradingsymbol: GOLDM25SEP26125000PE, symboltoken: 579006
    43. exchange: MCX, tradingsymbol: GOLDM25SEP26125500CE, symboltoken: 578833
    44. exchange: MCX, tradingsymbol: GOLDM25SEP26125500PE, symboltoken: 578933
    45. exchange: MCX, tradingsymbol: GOLDM25SEP26126000CE, symboltoken: 578832
    46. exchange: MCX, tradingsymbol: GOLDM25SEP26126000PE, symboltoken: 578932
    47. exchange: MCX, tradingsymbol: GOLDM25SEP26126500CE, symboltoken: 578831
    48. exchange: MCX, tradingsymbol: GOLDM25SEP26126500PE, symboltoken: 578931
    49. exchange: MCX, tradingsymbol: GOLDM25SEP26127000CE, symboltoken: 578830
    50. exchange: MCX, tradingsymbol: GOLDM25SEP26127000PE, symboltoken: 578930
    51. exchange: MCX, tradingsymbol: GOLDM25SEP26127500CE, symboltoken: 578829
    52. exchange: MCX, tradingsymbol: GOLDM25SEP26127500PE, symboltoken: 578929
    53. exchange: MCX, tradingsymbol: GOLDM25SEP26128000CE, symboltoken: 578828
    54. exchange: MCX, tradingsymbol: GOLDM25SEP26128000PE, symboltoken: 578928
    55. exchange: MCX, tradingsymbol: GOLDM25SEP26128500CE, symboltoken: 578827
    56. exchange: MCX, tradingsymbol: GOLDM25SEP26128500PE, symboltoken: 578927
    57. exchange: MCX, tradingsymbol: GOLDM25SEP26129000CE, symboltoken: 578826
    58. exchange: MCX, tradingsymbol: GOLDM25SEP26129000PE, symboltoken: 578926
    59. exchange: MCX, tradingsymbol: GOLDM25SEP26129500CE, symboltoken: 578825
    60. exchange: MCX, tradingsymbol: GOLDM25SEP26129500PE, symboltoken: 578925
    61. exchange: MCX, tradingsymbol: GOLDM25SEP26130000CE, symboltoken: 578824
    62. exchange: MCX, tradingsymbol: GOLDM25SEP26130000PE, symboltoken: 578924
    63. exchange: MCX, tradingsymbol: GOLDM25SEP26130500CE, symboltoken: 578823
    64. exchange: MCX, tradingsymbol: GOLDM25SEP26130500PE, symboltoken: 578923
    65. exchange: MCX, tradingsymbol: GOLDM25SEP26131000CE, symboltoken: 578822
    66. exchange: MCX, tradingsymbol: GOLDM25SEP26131000PE, symboltoken: 578922
    67. exchange: MCX, tradingsymbol: GOLDM25SEP26131500CE, symboltoken: 578821
    68. exchange: MCX, tradingsymbol: GOLDM25SEP26131500PE, symboltoken: 578921
    69. exchange: MCX, tradingsymbol: GOLDM25SEP26132000CE, symboltoken: 578820
    70. exchange: MCX, tradingsymbol: GOLDM25SEP26132000PE, symboltoken: 578920
    71. exchange: MCX, tradingsymbol: GOLDM25SEP26132500CE, symboltoken: 578819
    72. exchange: MCX, tradingsymbol: GOLDM25SEP26132500PE, symboltoken: 578919
    73. exchange: MCX, tradingsymbol: GOLDM25SEP26133000CE, symboltoken: 578818
    74. exchange: MCX, tradingsymbol: GOLDM25SEP26133000PE, symboltoken: 578918
    75. exchange: MCX, tradingsymbol: GOLDM25SEP26133500CE, symboltoken: 578817
    76. exchange: MCX, tradingsymbol: GOLDM25SEP26133500PE, symboltoken: 578917
    77. exchange: MCX, tradingsymbol: GOLDM25SEP26134000CE, symboltoken: 578816
    78. exchange: MCX, tradingsymbol: GOLDM25SEP26134000PE, symboltoken: 578916
    79. exchange: MCX, tradingsymbol: GOLDM25SEP26134500CE, symboltoken: 578815
    80. exchange: MCX, tradingsymbol: GOLDM25SEP26134500PE, symboltoken: 578915
    81. exchange: MCX, tradingsymbol: GOLDM25SEP26135000CE, symboltoken: 578814
    82. exchange: MCX, tradingsymbol: GOLDM25SEP26135000PE, symboltoken: 578914
    83. exchange: MCX, tradingsymbol: GOLDM25SEP26135500CE, symboltoken: 578813
    84. exchange: MCX, tradingsymbol: GOLDM25SEP26135500PE, symboltoken: 578913
    85. exchange: MCX, tradingsymbol: GOLDM25SEP26136000CE, symboltoken: 578812
    86. exchange: MCX, tradingsymbol: GOLDM25SEP26136000PE, symboltoken: 578912
    87. exchange: MCX, tradingsymbol: GOLDM25SEP26136500CE, symboltoken: 578811
    88. exchange: MCX, tradingsymbol: GOLDM25SEP26136500PE, symboltoken: 578911
    89. exchange: MCX, tradingsymbol: GOLDM25SEP26137000CE, symboltoken: 578810
    90. exchange: MCX, tradingsymbol: GOLDM25SEP26137000PE, symboltoken: 578910
    91. exchange: MCX, tradingsymbol: GOLDM25SEP26137500CE, symboltoken: 578809
    92. exchange: MCX, tradingsymbol: GOLDM25SEP26137500PE, symboltoken: 578909
    93. exchange: MCX, tradingsymbol: GOLDM25SEP26138000CE, symboltoken: 578808
    94. exchange: MCX, tradingsymbol: GOLDM25SEP26138000PE, symboltoken: 578908
    95. exchange: MCX, tradingsymbol: GOLDM25SEP26138500CE, symboltoken: 578807
    96. exchange: MCX, tradingsymbol: GOLDM25SEP26138500PE, symboltoken: 578907
    97. exchange: MCX, tradingsymbol: GOLDM25SEP26139000CE, symboltoken: 578806
    98. exchange: MCX, tradingsymbol: GOLDM25SEP26139000PE, symboltoken: 578906
    99. exchange: MCX, tradingsymbol: GOLDM25SEP26139500CE, symboltoken: 578805
    100. exchange: MCX, tradingsymbol: GOLDM25SEP26139500PE, symboltoken: 578905
    101. exchange: MCX, tradingsymbol: GOLDM25SEP26140000CE, symboltoken: 578804
    102. exchange: MCX, tradingsymbol: GOLDM25SEP26140000PE, symboltoken: 578904
    103. exchange: MCX, tradingsymbol: GOLDM25SEP26140500CE, symboltoken: 578803
    104. exchange: MCX, tradingsymbol: GOLDM25SEP26140500PE, symboltoken: 578903
    105. exchange: MCX, tradingsymbol: GOLDM25SEP26141000CE, symboltoken: 578802
    106. exchange: MCX, tradingsymbol: GOLDM25SEP26141000PE, symboltoken: 578902
    107. exchange: MCX, tradingsymbol: GOLDM25SEP26141500CE, symboltoken: 578801
    108. exchange: MCX, tradingsymbol: GOLDM25SEP26141500PE, symboltoken: 578901
    109. exchange: MCX, tradingsymbol: GOLDM25SEP26142000CE, symboltoken: 578800
    110. exchange: MCX, tradingsymbol: GOLDM25SEP26142000PE, symboltoken: 578900
    111. exchange: MCX, tradingsymbol: GOLDM25SEP26142500CE, symboltoken: 578799
    112. exchange: MCX, tradingsymbol: GOLDM25SEP26142500PE, symboltoken: 578899
    113. exchange: MCX, tradingsymbol: GOLDM25SEP26143000CE, symboltoken: 578798
    114. exchange: MCX, tradingsymbol: GOLDM25SEP26143000PE, symboltoken: 578898
    115. exchange: MCX, tradingsymbol: GOLDM25SEP26143500CE, symboltoken: 578797
    116. exchange: MCX, tradingsymbol: GOLDM25SEP26143500PE, symboltoken: 578897
    117. exchange: MCX, tradingsymbol: GOLDM25SEP26144000CE, symboltoken: 578796
    118. exchange: MCX, tradingsymbol: GOLDM25SEP26144000PE, symboltoken: 578896
    119. exchange: MCX, tradingsymbol: GOLDM25SEP26144500CE, symboltoken: 578795
    120. exchange: MCX, tradingsymbol: GOLDM25SEP26144500PE, symboltoken: 578895
    121. exchange: MCX, tradingsymbol: GOLDM25SEP26145000CE, symboltoken: 578794
    122. exchange: MCX, tradingsymbol: GOLDM25SEP26145000PE, symboltoken: 578894
    123. exchange: MCX, tradingsymbol: GOLDM25SEP26145500CE, symboltoken: 578793
    124. exchange: MCX, tradingsymbol: GOLDM25SEP26145500PE, symboltoken: 578893
    125. exchange: MCX, tradingsymbol: GOLDM25SEP26146000CE, symboltoken: 578792
    126. exchange: MCX, tradingsymbol: GOLDM25SEP26146000PE, symboltoken: 578892
    127. exchange: MCX, tradingsymbol: GOLDM25SEP26146500CE, symboltoken: 578791
    128. exchange: MCX, tradingsymbol: GOLDM25SEP26146500PE, symboltoken: 578891
    129. exchange: MCX, tradingsymbol: GOLDM25SEP26147000CE, symboltoken: 578790
    130. exchange: MCX, tradingsymbol: GOLDM25SEP26147000PE, symboltoken: 578890
    131. exchange: MCX, tradingsymbol: GOLDM25SEP26147500CE, symboltoken: 578789
    132. exchange: MCX, tradingsymbol: GOLDM25SEP26147500PE, symboltoken: 578889
    133. exchange: MCX, tradingsymbol: GOLDM25SEP26148000CE, symboltoken: 578788
    134. exchange: MCX, tradingsymbol: GOLDM25SEP26148000PE, symboltoken: 578888
    135. exchange: MCX, tradingsymbol: GOLDM25SEP26148500CE, symboltoken: 578787
    136. exchange: MCX, tradingsymbol: GOLDM25SEP26148500PE, symboltoken: 578887
    137. exchange: MCX, tradingsymbol: GOLDM25SEP26149000CE, symboltoken: 578786
    138. exchange: MCX, tradingsymbol: GOLDM25SEP26149000PE, symboltoken: 578886
    139. exchange: MCX, tradingsymbol: GOLDM25SEP26149500CE, symboltoken: 578785
    140. exchange: MCX, tradingsymbol: GOLDM25SEP26149500PE, symboltoken: 578885
    141. exchange: MCX, tradingsymbol: GOLDM25SEP26150000CE, symboltoken: 578784
    142. exchange: MCX, tradingsymbol: GOLDM25SEP26150000PE, symboltoken: 578884
    143. exchange: MCX, tradingsymbol: GOLDM25SEP26150500CE, symboltoken: 578780
    144. exchange: MCX, tradingsymbol: GOLDM25SEP26150500PE, symboltoken: 578781
    145. exchange: MCX, tradingsymbol: GOLDM25SEP26151000CE, symboltoken: 578834
    146. exchange: MCX, tradingsymbol: GOLDM25SEP26151000PE, symboltoken: 578934
    147. exchange: MCX, tradingsymbol: GOLDM25SEP26151500CE, symboltoken: 578835
    148. exchange: MCX, tradingsymbol: GOLDM25SEP26151500PE, symboltoken: 578935
    149. exchange: MCX, tradingsymbol: GOLDM25SEP26152000CE, symboltoken: 578836
    150. exchange: MCX, tradingsymbol: GOLDM25SEP26152000PE, symboltoken: 578936
    151. exchange: MCX, tradingsymbol: GOLDM25SEP26152500CE, symboltoken: 578837
    152. exchange: MCX, tradingsymbol: GOLDM25SEP26152500PE, symboltoken: 578937
    153. exchange: MCX, tradingsymbol: GOLDM25SEP26153000CE, symboltoken: 578838
    154. exchange: MCX, tradingsymbol: GOLDM25SEP26153000PE, symboltoken: 578938
    155. exchange: MCX, tradingsymbol: GOLDM25SEP26153500CE, symboltoken: 578839
    156. exchange: MCX, tradingsymbol: GOLDM25SEP26153500PE, symboltoken: 578939
    157. exchange: MCX, tradingsymbol: GOLDM25SEP26154000CE, symboltoken: 578840
    158. exchange: MCX, tradingsymbol: GOLDM25SEP26154000PE, symboltoken: 578940
    159. exchange: MCX, tradingsymbol: GOLDM25SEP26154500CE, symboltoken: 578841
    160. exchange: MCX, tradingsymbol: GOLDM25SEP26154500PE, symboltoken: 578941
    161. exchange: MCX, tradingsymbol: GOLDM25SEP26155000CE, symboltoken: 578842
    162. exchange: MCX, tradingsymbol: GOLDM25SEP26155000PE, symboltoken: 578942
    163. exchange: MCX, tradingsymbol: GOLDM25SEP26155500CE, symboltoken: 578843
    164. exchange: MCX, tradingsymbol: GOLDM25SEP26155500PE, symboltoken: 578943
    165. exchange: MCX, tradingsymbol: GOLDM25SEP26156000CE, symboltoken: 578844
    166. exchange: MCX, tradingsymbol: GOLDM25SEP26156000PE, symboltoken: 578944
    167. exchange: MCX, tradingsymbol: GOLDM25SEP26156500CE, symboltoken: 578845
    168. exchange: MCX, tradingsymbol: GOLDM25SEP26156500PE, symboltoken: 578945
    169. exchange: MCX, tradingsymbol: GOLDM25SEP26157000CE, symboltoken: 578846
    170. exchange: MCX, tradingsymbol: GOLDM25SEP26157000PE, symboltoken: 578946
    171. exchange: MCX, tradingsymbol: GOLDM25SEP26157500CE, symboltoken: 578847
    172. exchange: MCX, tradingsymbol: GOLDM25SEP26157500PE, symboltoken: 578947
    173. exchange: MCX, tradingsymbol: GOLDM25SEP26158000CE, symboltoken: 578848
    174. exchange: MCX, tradingsymbol: GOLDM25SEP26158000PE, symboltoken: 578948
    175. exchange: MCX, tradingsymbol: GOLDM25SEP26158500CE, symboltoken: 578849
    176. exchange: MCX, tradingsymbol: GOLDM25SEP26158500PE, symboltoken: 578949
    177. exchange: MCX, tradingsymbol: GOLDM25SEP26159000CE, symboltoken: 578850
    178. exchange: MCX, tradingsymbol: GOLDM25SEP26159000PE, symboltoken: 578950
    179. exchange: MCX, tradingsymbol: GOLDM25SEP26159500CE, symboltoken: 578851
    180. exchange: MCX, tradingsymbol: GOLDM25SEP26159500PE, symboltoken: 578951
    181. exchange: MCX, tradingsymbol: GOLDM25SEP26160000CE, symboltoken: 578852
    182. exchange: MCX, tradingsymbol: GOLDM25SEP26160000PE, symboltoken: 578952
    183. exchange: MCX, tradingsymbol: GOLDM25SEP26160500CE, symboltoken: 578853
    184. exchange: MCX, tradingsymbol: GOLDM25SEP26160500PE, symboltoken: 578953
    185. exchange: MCX, tradingsymbol: GOLDM25SEP26161000CE, symboltoken: 578854
    186. exchange: MCX, tradingsymbol: GOLDM25SEP26161000PE, symboltoken: 578954
    187. exchange: MCX, tradingsymbol: GOLDM25SEP26161500CE, symboltoken: 578855
    188. exchange: MCX, tradingsymbol: GOLDM25SEP26161500PE, symboltoken: 578955
    189. exchange: MCX, tradingsymbol: GOLDM25SEP26162000CE, symboltoken: 578856
    190. exchange: MCX, tradingsymbol: GOLDM25SEP26162000PE, symboltoken: 578956
    191. exchange: MCX, tradingsymbol: GOLDM25SEP26162500CE, symboltoken: 578857
    192. exchange: MCX, tradingsymbol: GOLDM25SEP26162500PE, symboltoken: 578957
    193. exchange: MCX, tradingsymbol: GOLDM25SEP26163000CE, symboltoken: 578858
    194. exchange: MCX, tradingsymbol: GOLDM25SEP26163000PE, symboltoken: 578958
    195. exchange: MCX, tradingsymbol: GOLDM25SEP26163500CE, symboltoken: 578859
    196. exchange: MCX, tradingsymbol: GOLDM25SEP26163500PE, symboltoken: 578959
    197. exchange: MCX, tradingsymbol: GOLDM25SEP26164000CE, symboltoken: 578860
    198. exchange: MCX, tradingsymbol: GOLDM25SEP26164000PE, symboltoken: 578960
    199. exchange: MCX, tradingsymbol: GOLDM25SEP26164500CE, symboltoken: 578861
    200. exchange: MCX, tradingsymbol: GOLDM25SEP26164500PE, symboltoken: 578961
    201. exchange: MCX, tradingsymbol: GOLDM25SEP26165000CE, symboltoken: 578862
    202. exchange: MCX, tradingsymbol: GOLDM25SEP26165000PE, symboltoken: 578962
    203. exchange: MCX, tradingsymbol: GOLDM25SEP26165500CE, symboltoken: 578863
    204. exchange: MCX, tradingsymbol: GOLDM25SEP26165500PE, symboltoken: 578963
    205. exchange: MCX, tradingsymbol: GOLDM25SEP26166000CE, symboltoken: 578864
    206. exchange: MCX, tradingsymbol: GOLDM25SEP26166000PE, symboltoken: 578964
    207. exchange: MCX, tradingsymbol: GOLDM25SEP26166500CE, symboltoken: 578865
    208. exchange: MCX, tradingsymbol: GOLDM25SEP26166500PE, symboltoken: 578965
    209. exchange: MCX, tradingsymbol: GOLDM25SEP26167000CE, symboltoken: 578866
    210. exchange: MCX, tradingsymbol: GOLDM25SEP26167000PE, symboltoken: 578966
    211. exchange: MCX, tradingsymbol: GOLDM25SEP26167500CE, symboltoken: 578867
    212. exchange: MCX, tradingsymbol: GOLDM25SEP26167500PE, symboltoken: 578967
    213. exchange: MCX, tradingsymbol: GOLDM25SEP26168000CE, symboltoken: 578868
    214. exchange: MCX, tradingsymbol: GOLDM25SEP26168000PE, symboltoken: 578968
    215. exchange: MCX, tradingsymbol: GOLDM25SEP26168500CE, symboltoken: 578869
    216. exchange: MCX, tradingsymbol: GOLDM25SEP26168500PE, symboltoken: 578969
    217. exchange: MCX, tradingsymbol: GOLDM25SEP26169000CE, symboltoken: 578870
    218. exchange: MCX, tradingsymbol: GOLDM25SEP26169000PE, symboltoken: 578970
    219. exchange: MCX, tradingsymbol: GOLDM25SEP26169500CE, symboltoken: 578871
    220. exchange: MCX, tradingsymbol: GOLDM25SEP26169500PE, symboltoken: 578971
    221. exchange: MCX, tradingsymbol: GOLDM25SEP26170000CE, symboltoken: 578872
    222. exchange: MCX, tradingsymbol: GOLDM25SEP26170000PE, symboltoken: 578972
    223. exchange: MCX, tradingsymbol: GOLDM25SEP26170500CE, symboltoken: 578873
    224. exchange: MCX, tradingsymbol: GOLDM25SEP26170500PE, symboltoken: 578973
    225. exchange: MCX, tradingsymbol: GOLDM25SEP26171000CE, symboltoken: 578874
    226. exchange: MCX, tradingsymbol: GOLDM25SEP26171000PE, symboltoken: 578974
    227. exchange: MCX, tradingsymbol: GOLDM25SEP26171500CE, symboltoken: 578875
    228. exchange: MCX, tradingsymbol: GOLDM25SEP26171500PE, symboltoken: 578975
    229. exchange: MCX, tradingsymbol: GOLDM25SEP26172000CE, symboltoken: 578876
    230. exchange: MCX, tradingsymbol: GOLDM25SEP26172000PE, symboltoken: 578976
    231. exchange: MCX, tradingsymbol: GOLDM25SEP26172500CE, symboltoken: 578877
    232. exchange: MCX, tradingsymbol: GOLDM25SEP26172500PE, symboltoken: 578977
    233. exchange: MCX, tradingsymbol: GOLDM25SEP26173000CE, symboltoken: 578878
    234. exchange: MCX, tradingsymbol: GOLDM25SEP26173000PE, symboltoken: 578978
    235. exchange: MCX, tradingsymbol: GOLDM25SEP26173500CE, symboltoken: 578879
    236. exchange: MCX, tradingsymbol: GOLDM25SEP26173500PE, symboltoken: 578979
    237. exchange: MCX, tradingsymbol: GOLDM25SEP26174000CE, symboltoken: 578880
    238. exchange: MCX, tradingsymbol: GOLDM25SEP26174000PE, symboltoken: 578980
    239. exchange: MCX, tradingsymbol: GOLDM25SEP26174500CE, symboltoken: 578881
    240. exchange: MCX, tradingsymbol: GOLDM25SEP26174500PE, symboltoken: 578981
    241. exchange: MCX, tradingsymbol: GOLDM25SEP26175000CE, symboltoken: 578882
    242. exchange: MCX, tradingsymbol: GOLDM25SEP26175000PE, symboltoken: 578982
    243. exchange: MCX, tradingsymbol: GOLDM25SEP26175500CE, symboltoken: 578883
    244. exchange: MCX, tradingsymbol: GOLDM25SEP26175500PE, symboltoken: 578983
    245. exchange: MCX, tradingsymbol: GOLDM25SEP26176000CE, symboltoken: 582139
    246. exchange: MCX, tradingsymbol: GOLDM25SEP26176000PE, symboltoken: 582147
    247. exchange: MCX, tradingsymbol: GOLDM25SEP26176500CE, symboltoken: 582140
    248. exchange: MCX, tradingsymbol: GOLDM25SEP26176500PE, symboltoken: 582148
    249. exchange: MCX, tradingsymbol: GOLDM25SEP26177000CE, symboltoken: 582225
    250. exchange: MCX, tradingsymbol: GOLDM25SEP26177000PE, symboltoken: 582231
    251. exchange: MCX, tradingsymbol: GOLDM25SEP26177500CE, symboltoken: 582226
    252. exchange: MCX, tradingsymbol: GOLDM25SEP26177500PE, symboltoken: 582232
    253. exchange: MCX, tradingsymbol: GOLDM25SEP26178000CE, symboltoken: 582227
    254. exchange: MCX, tradingsymbol: GOLDM25SEP26178000PE, symboltoken: 582233
    255. exchange: MCX, tradingsymbol: GOLDM25SEP26178500CE, symboltoken: 582305
    256. exchange: MCX, tradingsymbol: GOLDM25SEP26178500PE, symboltoken: 582307
    257. exchange: MCX, tradingsymbol: GOLDM25SEP26179000CE, symboltoken: 582317
    258. exchange: MCX, tradingsymbol: GOLDM25SEP26179000PE, symboltoken: 582323
    259. exchange: MCX, tradingsymbol: GOLDM25SEP26179500CE, symboltoken: 582318
    260. exchange: MCX, tradingsymbol: GOLDM25SEP26179500PE, symboltoken: 582324
    261. exchange: MCX, tradingsymbol: GOLDM25SEP26180000CE, symboltoken: 582319
    262. exchange: MCX, tradingsymbol: GOLDM25SEP26180000PE, symboltoken: 582325
    263. exchange: MCX, tradingsymbol: GOLDM28AUG26116000CE, symboltoken: 580158
    264. exchange: MCX, tradingsymbol: GOLDM28AUG26116000PE, symboltoken: 580162
    265. exchange: MCX, tradingsymbol: GOLDM28AUG26116500CE, symboltoken: 579241
    266. exchange: MCX, tradingsymbol: GOLDM28AUG26116500PE, symboltoken: 579252
    267. exchange: MCX, tradingsymbol: GOLDM28AUG26117000CE, symboltoken: 579240
    268. exchange: MCX, tradingsymbol: GOLDM28AUG26117000PE, symboltoken: 579251
    269. exchange: MCX, tradingsymbol: GOLDM28AUG26117500CE, symboltoken: 579239
    270. exchange: MCX, tradingsymbol: GOLDM28AUG26117500PE, symboltoken: 579250
    271. exchange: MCX, tradingsymbol: GOLDM28AUG26118000CE, symboltoken: 577377
    272. exchange: MCX, tradingsymbol: GOLDM28AUG26118000PE, symboltoken: 577408
    273. exchange: MCX, tradingsymbol: GOLDM28AUG26118500CE, symboltoken: 577376
    274. exchange: MCX, tradingsymbol: GOLDM28AUG26118500PE, symboltoken: 577407
    275. exchange: MCX, tradingsymbol: GOLDM28AUG26119000CE, symboltoken: 577375
    276. exchange: MCX, tradingsymbol: GOLDM28AUG26119000PE, symboltoken: 577406
    277. exchange: MCX, tradingsymbol: GOLDM28AUG26119500CE, symboltoken: 577374
    278. exchange: MCX, tradingsymbol: GOLDM28AUG26119500PE, symboltoken: 577405
    279. exchange: MCX, tradingsymbol: GOLDM28AUG26120000CE, symboltoken: 577373
    280. exchange: MCX, tradingsymbol: GOLDM28AUG26120000PE, symboltoken: 577404
    281. exchange: MCX, tradingsymbol: GOLDM28AUG26120500CE, symboltoken: 577372
    282. exchange: MCX, tradingsymbol: GOLDM28AUG26120500PE, symboltoken: 577403
    283. exchange: MCX, tradingsymbol: GOLDM28AUG26121000CE, symboltoken: 577371
    284. exchange: MCX, tradingsymbol: GOLDM28AUG26121000PE, symboltoken: 577402
    285. exchange: MCX, tradingsymbol: GOLDM28AUG26121500CE, symboltoken: 577370
    286. exchange: MCX, tradingsymbol: GOLDM28AUG26121500PE, symboltoken: 577401
    287. exchange: MCX, tradingsymbol: GOLDM28AUG26122000CE, symboltoken: 577369
    288. exchange: MCX, tradingsymbol: GOLDM28AUG26122000PE, symboltoken: 577400
    289. exchange: MCX, tradingsymbol: GOLDM28AUG26122500CE, symboltoken: 577368
    290. exchange: MCX, tradingsymbol: GOLDM28AUG26122500PE, symboltoken: 577399
    291. exchange: MCX, tradingsymbol: GOLDM28AUG26123000CE, symboltoken: 577367
    292. exchange: MCX, tradingsymbol: GOLDM28AUG26123000PE, symboltoken: 577398
    293. exchange: MCX, tradingsymbol: GOLDM28AUG26123500CE, symboltoken: 576957
    294. exchange: MCX, tradingsymbol: GOLDM28AUG26123500PE, symboltoken: 576960
    295. exchange: MCX, tradingsymbol: GOLDM28AUG26124000CE, symboltoken: 576901
    296. exchange: MCX, tradingsymbol: GOLDM28AUG26124000PE, symboltoken: 576908
    297. exchange: MCX, tradingsymbol: GOLDM28AUG26124500CE, symboltoken: 576900
    298. exchange: MCX, tradingsymbol: GOLDM28AUG26124500PE, symboltoken: 576907
    299. exchange: MCX, tradingsymbol: GOLDM28AUG26125000CE, symboltoken: 575569
    300. exchange: MCX, tradingsymbol: GOLDM28AUG26125000PE, symboltoken: 575595
    301. exchange: MCX, tradingsymbol: GOLDM28AUG26125500CE, symboltoken: 575568
    302. exchange: MCX, tradingsymbol: GOLDM28AUG26125500PE, symboltoken: 575594
    303. exchange: MCX, tradingsymbol: GOLDM28AUG26126000CE, symboltoken: 575567
    304. exchange: MCX, tradingsymbol: GOLDM28AUG26126000PE, symboltoken: 575593
    305. exchange: MCX, tradingsymbol: GOLDM28AUG26126500CE, symboltoken: 575566
    306. exchange: MCX, tradingsymbol: GOLDM28AUG26126500PE, symboltoken: 575592
    307. exchange: MCX, tradingsymbol: GOLDM28AUG26127000CE, symboltoken: 575565
    308. exchange: MCX, tradingsymbol: GOLDM28AUG26127000PE, symboltoken: 575591
    309. exchange: MCX, tradingsymbol: GOLDM28AUG26127500CE, symboltoken: 575564
    310. exchange: MCX, tradingsymbol: GOLDM28AUG26127500PE, symboltoken: 575590
    311. exchange: MCX, tradingsymbol: GOLDM28AUG26128000CE, symboltoken: 575563
    312. exchange: MCX, tradingsymbol: GOLDM28AUG26128000PE, symboltoken: 575589
    313. exchange: MCX, tradingsymbol: GOLDM28AUG26128500CE, symboltoken: 575562
    314. exchange: MCX, tradingsymbol: GOLDM28AUG26128500PE, symboltoken: 575588
    315. exchange: MCX, tradingsymbol: GOLDM28AUG26129000CE, symboltoken: 575561
    316. exchange: MCX, tradingsymbol: GOLDM28AUG26129000PE, symboltoken: 575587
    317. exchange: MCX, tradingsymbol: GOLDM28AUG26129500CE, symboltoken: 575408
    318. exchange: MCX, tradingsymbol: GOLDM28AUG26129500PE, symboltoken: 575413
    319. exchange: MCX, tradingsymbol: GOLDM28AUG26130000CE, symboltoken: 575407
    320. exchange: MCX, tradingsymbol: GOLDM28AUG26130000PE, symboltoken: 575412
    321. exchange: MCX, tradingsymbol: GOLDM28AUG26130500CE, symboltoken: 575406
    322. exchange: MCX, tradingsymbol: GOLDM28AUG26130500PE, symboltoken: 575411
    323. exchange: MCX, tradingsymbol: GOLDM28AUG26131000CE, symboltoken: 575405
    324. exchange: MCX, tradingsymbol: GOLDM28AUG26131000PE, symboltoken: 575410
    325. exchange: MCX, tradingsymbol: GOLDM28AUG26131500CE, symboltoken: 575360
    326. exchange: MCX, tradingsymbol: GOLDM28AUG26131500PE, symboltoken: 575361
    327. exchange: MCX, tradingsymbol: GOLDM28AUG26132000CE, symboltoken: 575066
    328. exchange: MCX, tradingsymbol: GOLDM28AUG26132000PE, symboltoken: 575166
    329. exchange: MCX, tradingsymbol: GOLDM28AUG26132500CE, symboltoken: 575065
    330. exchange: MCX, tradingsymbol: GOLDM28AUG26132500PE, symboltoken: 575165
    331. exchange: MCX, tradingsymbol: GOLDM28AUG26133000CE, symboltoken: 575064
    332. exchange: MCX, tradingsymbol: GOLDM28AUG26133000PE, symboltoken: 575164
    333. exchange: MCX, tradingsymbol: GOLDM28AUG26133500CE, symboltoken: 575063
    334. exchange: MCX, tradingsymbol: GOLDM28AUG26133500PE, symboltoken: 575163
    335. exchange: MCX, tradingsymbol: GOLDM28AUG26134000CE, symboltoken: 575062
    336. exchange: MCX, tradingsymbol: GOLDM28AUG26134000PE, symboltoken: 575162
    337. exchange: MCX, tradingsymbol: GOLDM28AUG26134500CE, symboltoken: 575061
    338. exchange: MCX, tradingsymbol: GOLDM28AUG26134500PE, symboltoken: 575161
    339. exchange: MCX, tradingsymbol: GOLDM28AUG26135000CE, symboltoken: 575060
    340. exchange: MCX, tradingsymbol: GOLDM28AUG26135000PE, symboltoken: 575160
    341. exchange: MCX, tradingsymbol: GOLDM28AUG26135500CE, symboltoken: 575059
    342. exchange: MCX, tradingsymbol: GOLDM28AUG26135500PE, symboltoken: 575159
    343. exchange: MCX, tradingsymbol: GOLDM28AUG26136000CE, symboltoken: 575058
    344. exchange: MCX, tradingsymbol: GOLDM28AUG26136000PE, symboltoken: 575158
    345. exchange: MCX, tradingsymbol: GOLDM28AUG26136500CE, symboltoken: 575057
    346. exchange: MCX, tradingsymbol: GOLDM28AUG26136500PE, symboltoken: 575157
    347. exchange: MCX, tradingsymbol: GOLDM28AUG26137000CE, symboltoken: 575056
    348. exchange: MCX, tradingsymbol: GOLDM28AUG26137000PE, symboltoken: 575156
    349. exchange: MCX, tradingsymbol: GOLDM28AUG26137500CE, symboltoken: 575055
    350. exchange: MCX, tradingsymbol: GOLDM28AUG26137500PE, symboltoken: 575155
    351. exchange: MCX, tradingsymbol: GOLDM28AUG26138000CE, symboltoken: 575054
    352. exchange: MCX, tradingsymbol: GOLDM28AUG26138000PE, symboltoken: 575154
    353. exchange: MCX, tradingsymbol: GOLDM28AUG26138500CE, symboltoken: 575053
    354. exchange: MCX, tradingsymbol: GOLDM28AUG26138500PE, symboltoken: 575153
    355. exchange: MCX, tradingsymbol: GOLDM28AUG26139000CE, symboltoken: 575052
    356. exchange: MCX, tradingsymbol: GOLDM28AUG26139000PE, symboltoken: 575152
    357. exchange: MCX, tradingsymbol: GOLDM28AUG26139500CE, symboltoken: 575051
    358. exchange: MCX, tradingsymbol: GOLDM28AUG26139500PE, symboltoken: 575151
    359. exchange: MCX, tradingsymbol: GOLDM28AUG26140000CE, symboltoken: 575050
    360. exchange: MCX, tradingsymbol: GOLDM28AUG26140000PE, symboltoken: 575150
    361. exchange: MCX, tradingsymbol: GOLDM28AUG26140500CE, symboltoken: 575049
    362. exchange: MCX, tradingsymbol: GOLDM28AUG26140500PE, symboltoken: 575149
    363. exchange: MCX, tradingsymbol: GOLDM28AUG26141000CE, symboltoken: 575048
    364. exchange: MCX, tradingsymbol: GOLDM28AUG26141000PE, symboltoken: 575148
    365. exchange: MCX, tradingsymbol: GOLDM28AUG26141500CE, symboltoken: 575047
    366. exchange: MCX, tradingsymbol: GOLDM28AUG26141500PE, symboltoken: 575147
    367. exchange: MCX, tradingsymbol: GOLDM28AUG26142000CE, symboltoken: 575046
    368. exchange: MCX, tradingsymbol: GOLDM28AUG26142000PE, symboltoken: 575146
    369. exchange: MCX, tradingsymbol: GOLDM28AUG26142500CE, symboltoken: 575045
    370. exchange: MCX, tradingsymbol: GOLDM28AUG26142500PE, symboltoken: 575145
    371. exchange: MCX, tradingsymbol: GOLDM28AUG26143000CE, symboltoken: 575044
    372. exchange: MCX, tradingsymbol: GOLDM28AUG26143000PE, symboltoken: 575144
    373. exchange: MCX, tradingsymbol: GOLDM28AUG26143500CE, symboltoken: 575043
    374. exchange: MCX, tradingsymbol: GOLDM28AUG26143500PE, symboltoken: 575143
    375. exchange: MCX, tradingsymbol: GOLDM28AUG26144000CE, symboltoken: 575042
    376. exchange: MCX, tradingsymbol: GOLDM28AUG26144000PE, symboltoken: 575142
    377. exchange: MCX, tradingsymbol: GOLDM28AUG26144500CE, symboltoken: 575041
    378. exchange: MCX, tradingsymbol: GOLDM28AUG26144500PE, symboltoken: 575141
    379. exchange: MCX, tradingsymbol: GOLDM28AUG26145000CE, symboltoken: 575040
    380. exchange: MCX, tradingsymbol: GOLDM28AUG26145000PE, symboltoken: 575140
    381. exchange: MCX, tradingsymbol: GOLDM28AUG26145500CE, symboltoken: 575039
    382. exchange: MCX, tradingsymbol: GOLDM28AUG26145500PE, symboltoken: 575139
    383. exchange: MCX, tradingsymbol: GOLDM28AUG26146000CE, symboltoken: 575038
    384. exchange: MCX, tradingsymbol: GOLDM28AUG26146000PE, symboltoken: 575138
    385. exchange: MCX, tradingsymbol: GOLDM28AUG26146500CE, symboltoken: 575037
    386. exchange: MCX, tradingsymbol: GOLDM28AUG26146500PE, symboltoken: 575137
    387. exchange: MCX, tradingsymbol: GOLDM28AUG26147000CE, symboltoken: 575036
    388. exchange: MCX, tradingsymbol: GOLDM28AUG26147000PE, symboltoken: 575136
    389. exchange: MCX, tradingsymbol: GOLDM28AUG26147500CE, symboltoken: 575035
    390. exchange: MCX, tradingsymbol: GOLDM28AUG26147500PE, symboltoken: 575135
    391. exchange: MCX, tradingsymbol: GOLDM28AUG26148000CE, symboltoken: 575034
    392. exchange: MCX, tradingsymbol: GOLDM28AUG26148000PE, symboltoken: 575134
    393. exchange: MCX, tradingsymbol: GOLDM28AUG26148500CE, symboltoken: 575033
    394. exchange: MCX, tradingsymbol: GOLDM28AUG26148500PE, symboltoken: 575133
    395. exchange: MCX, tradingsymbol: GOLDM28AUG26149000CE, symboltoken: 575032
    396. exchange: MCX, tradingsymbol: GOLDM28AUG26149000PE, symboltoken: 575132
    397. exchange: MCX, tradingsymbol: GOLDM28AUG26149500CE, symboltoken: 575031
    398. exchange: MCX, tradingsymbol: GOLDM28AUG26149500PE, symboltoken: 575131
    399. exchange: MCX, tradingsymbol: GOLDM28AUG26150000CE, symboltoken: 575030
    400. exchange: MCX, tradingsymbol: GOLDM28AUG26150000PE, symboltoken: 575130
    401. exchange: MCX, tradingsymbol: GOLDM28AUG26150500CE, symboltoken: 575029
    402. exchange: MCX, tradingsymbol: GOLDM28AUG26150500PE, symboltoken: 575129
    403. exchange: MCX, tradingsymbol: GOLDM28AUG26151000CE, symboltoken: 575028
    404. exchange: MCX, tradingsymbol: GOLDM28AUG26151000PE, symboltoken: 575128
    405. exchange: MCX, tradingsymbol: GOLDM28AUG26151500CE, symboltoken: 575027
    406. exchange: MCX, tradingsymbol: GOLDM28AUG26151500PE, symboltoken: 575127
    407. exchange: MCX, tradingsymbol: GOLDM28AUG26152000CE, symboltoken: 575026
    408. exchange: MCX, tradingsymbol: GOLDM28AUG26152000PE, symboltoken: 575126
    409. exchange: MCX, tradingsymbol: GOLDM28AUG26152500CE, symboltoken: 575025
    410. exchange: MCX, tradingsymbol: GOLDM28AUG26152500PE, symboltoken: 575125
    411. exchange: MCX, tradingsymbol: GOLDM28AUG26153000CE, symboltoken: 575024
    412. exchange: MCX, tradingsymbol: GOLDM28AUG26153000PE, symboltoken: 575124
    413. exchange: MCX, tradingsymbol: GOLDM28AUG26153500CE, symboltoken: 575023
    414. exchange: MCX, tradingsymbol: GOLDM28AUG26153500PE, symboltoken: 575123
    415. exchange: MCX, tradingsymbol: GOLDM28AUG26154000CE, symboltoken: 575022
    416. exchange: MCX, tradingsymbol: GOLDM28AUG26154000PE, symboltoken: 575122
    417. exchange: MCX, tradingsymbol: GOLDM28AUG26154500CE, symboltoken: 575021
    418. exchange: MCX, tradingsymbol: GOLDM28AUG26154500PE, symboltoken: 575121
    419. exchange: MCX, tradingsymbol: GOLDM28AUG26155000CE, symboltoken: 575020
    420. exchange: MCX, tradingsymbol: GOLDM28AUG26155000PE, symboltoken: 575120
    421. exchange: MCX, tradingsymbol: GOLDM28AUG26155500CE, symboltoken: 575019
    422. exchange: MCX, tradingsymbol: GOLDM28AUG26155500PE, symboltoken: 575119
    423. exchange: MCX, tradingsymbol: GOLDM28AUG26156000CE, symboltoken: 575018
    424. exchange: MCX, tradingsymbol: GOLDM28AUG26156000PE, symboltoken: 575118
    425. exchange: MCX, tradingsymbol: GOLDM28AUG26156500CE, symboltoken: 575012
    426. exchange: MCX, tradingsymbol: GOLDM28AUG26156500PE, symboltoken: 575013
    427. exchange: MCX, tradingsymbol: GOLDM28AUG26157000CE, symboltoken: 575067
    428. exchange: MCX, tradingsymbol: GOLDM28AUG26157000PE, symboltoken: 575167
    429. exchange: MCX, tradingsymbol: GOLDM28AUG26157500CE, symboltoken: 575068
    430. exchange: MCX, tradingsymbol: GOLDM28AUG26157500PE, symboltoken: 575168
    431. exchange: MCX, tradingsymbol: GOLDM28AUG26158000CE, symboltoken: 575069
    432. exchange: MCX, tradingsymbol: GOLDM28AUG26158000PE, symboltoken: 575169
    433. exchange: MCX, tradingsymbol: GOLDM28AUG26158500CE, symboltoken: 575070
    434. exchange: MCX, tradingsymbol: GOLDM28AUG26158500PE, symboltoken: 575170
    435. exchange: MCX, tradingsymbol: GOLDM28AUG26159000CE, symboltoken: 575071
    436. exchange: MCX, tradingsymbol: GOLDM28AUG26159000PE, symboltoken: 575171
    437. exchange: MCX, tradingsymbol: GOLDM28AUG26159500CE, symboltoken: 575072
    438. exchange: MCX, tradingsymbol: GOLDM28AUG26159500PE, symboltoken: 575172
    439. exchange: MCX, tradingsymbol: GOLDM28AUG26160000CE, symboltoken: 575073
    440. exchange: MCX, tradingsymbol: GOLDM28AUG26160000PE, symboltoken: 575173
    441. exchange: MCX, tradingsymbol: GOLDM28AUG26160500CE, symboltoken: 575074
    442. exchange: MCX, tradingsymbol: GOLDM28AUG26160500PE, symboltoken: 575174
    443. exchange: MCX, tradingsymbol: GOLDM28AUG26161000CE, symboltoken: 575075
    444. exchange: MCX, tradingsymbol: GOLDM28AUG26161000PE, symboltoken: 575175
    445. exchange: MCX, tradingsymbol: GOLDM28AUG26161500CE, symboltoken: 575076
    446. exchange: MCX, tradingsymbol: GOLDM28AUG26161500PE, symboltoken: 575176
    447. exchange: MCX, tradingsymbol: GOLDM28AUG26162000CE, symboltoken: 575077
    448. exchange: MCX, tradingsymbol: GOLDM28AUG26162000PE, symboltoken: 575177
    449. exchange: MCX, tradingsymbol: GOLDM28AUG26162500CE, symboltoken: 575078
    450. exchange: MCX, tradingsymbol: GOLDM28AUG26162500PE, symboltoken: 575178
    451. exchange: MCX, tradingsymbol: GOLDM28AUG26163000CE, symboltoken: 575079
    452. exchange: MCX, tradingsymbol: GOLDM28AUG26163000PE, symboltoken: 575179
    453. exchange: MCX, tradingsymbol: GOLDM28AUG26163500CE, symboltoken: 575080
    454. exchange: MCX, tradingsymbol: GOLDM28AUG26163500PE, symboltoken: 575180
    455. exchange: MCX, tradingsymbol: GOLDM28AUG26164000CE, symboltoken: 575081
    456. exchange: MCX, tradingsymbol: GOLDM28AUG26164000PE, symboltoken: 575181
    457. exchange: MCX, tradingsymbol: GOLDM28AUG26164500CE, symboltoken: 575082
    458. exchange: MCX, tradingsymbol: GOLDM28AUG26164500PE, symboltoken: 575182
    459. exchange: MCX, tradingsymbol: GOLDM28AUG26165000CE, symboltoken: 575083
    460. exchange: MCX, tradingsymbol: GOLDM28AUG26165000PE, symboltoken: 575183
    461. exchange: MCX, tradingsymbol: GOLDM28AUG26165500CE, symboltoken: 575084
    462. exchange: MCX, tradingsymbol: GOLDM28AUG26165500PE, symboltoken: 575184
    463. exchange: MCX, tradingsymbol: GOLDM28AUG26166000CE, symboltoken: 575085
    464. exchange: MCX, tradingsymbol: GOLDM28AUG26166000PE, symboltoken: 575185
    465. exchange: MCX, tradingsymbol: GOLDM28AUG26166500CE, symboltoken: 575086
    466. exchange: MCX, tradingsymbol: GOLDM28AUG26166500PE, symboltoken: 575186
    467. exchange: MCX, tradingsymbol: GOLDM28AUG26167000CE, symboltoken: 575087
    468. exchange: MCX, tradingsymbol: GOLDM28AUG26167000PE, symboltoken: 575187
    469. exchange: MCX, tradingsymbol: GOLDM28AUG26167500CE, symboltoken: 575088
    470. exchange: MCX, tradingsymbol: GOLDM28AUG26167500PE, symboltoken: 575188
    471. exchange: MCX, tradingsymbol: GOLDM28AUG26168000CE, symboltoken: 575089
    472. exchange: MCX, tradingsymbol: GOLDM28AUG26168000PE, symboltoken: 575189
    473. exchange: MCX, tradingsymbol: GOLDM28AUG26168500CE, symboltoken: 575090
    474. exchange: MCX, tradingsymbol: GOLDM28AUG26168500PE, symboltoken: 575190
    475. exchange: MCX, tradingsymbol: GOLDM28AUG26169000CE, symboltoken: 575091
    476. exchange: MCX, tradingsymbol: GOLDM28AUG26169000PE, symboltoken: 575191
    477. exchange: MCX, tradingsymbol: GOLDM28AUG26169500CE, symboltoken: 575092
    478. exchange: MCX, tradingsymbol: GOLDM28AUG26169500PE, symboltoken: 575192
    479. exchange: MCX, tradingsymbol: GOLDM28AUG26170000CE, symboltoken: 575093
    480. exchange: MCX, tradingsymbol: GOLDM28AUG26170000PE, symboltoken: 575193
    481. exchange: MCX, tradingsymbol: GOLDM28AUG26170500CE, symboltoken: 575094
    482. exchange: MCX, tradingsymbol: GOLDM28AUG26170500PE, symboltoken: 575194
    483. exchange: MCX, tradingsymbol: GOLDM28AUG26171000CE, symboltoken: 575095
    484. exchange: MCX, tradingsymbol: GOLDM28AUG26171000PE, symboltoken: 575195
    485. exchange: MCX, tradingsymbol: GOLDM28AUG26171500CE, symboltoken: 575096
    486. exchange: MCX, tradingsymbol: GOLDM28AUG26171500PE, symboltoken: 575196
    487. exchange: MCX, tradingsymbol: GOLDM28AUG26172000CE, symboltoken: 575097
    488. exchange: MCX, tradingsymbol: GOLDM28AUG26172000PE, symboltoken: 575197
    489. exchange: MCX, tradingsymbol: GOLDM28AUG26172500CE, symboltoken: 575098
    490. exchange: MCX, tradingsymbol: GOLDM28AUG26172500PE, symboltoken: 575198
    491. exchange: MCX, tradingsymbol: GOLDM28AUG26173000CE, symboltoken: 575099
    492. exchange: MCX, tradingsymbol: GOLDM28AUG26173000PE, symboltoken: 575199
    493. exchange: MCX, tradingsymbol: GOLDM28AUG26173500CE, symboltoken: 575100
    494. exchange: MCX, tradingsymbol: GOLDM28AUG26173500PE, symboltoken: 575200
    495. exchange: MCX, tradingsymbol: GOLDM28AUG26174000CE, symboltoken: 575101
    496. exchange: MCX, tradingsymbol: GOLDM28AUG26174000PE, symboltoken: 575201
    497. exchange: MCX, tradingsymbol: GOLDM28AUG26174500CE, symboltoken: 575102
    498. exchange: MCX, tradingsymbol: GOLDM28AUG26174500PE, symboltoken: 575202
    499. exchange: MCX, tradingsymbol: GOLDM28AUG26175000CE, symboltoken: 575103
    500. exchange: MCX, tradingsymbol: GOLDM28AUG26175000PE, symboltoken: 575203
    501. exchange: MCX, tradingsymbol: GOLDM28AUG26175500CE, symboltoken: 575104
    502. exchange: MCX, tradingsymbol: GOLDM28AUG26175500PE, symboltoken: 575204
    503. exchange: MCX, tradingsymbol: GOLDM28AUG26176000CE, symboltoken: 575105
    504. exchange: MCX, tradingsymbol: GOLDM28AUG26176000PE, symboltoken: 575205
    505. exchange: MCX, tradingsymbol: GOLDM28AUG26176500CE, symboltoken: 575106
    506. exchange: MCX, tradingsymbol: GOLDM28AUG26176500PE, symboltoken: 575206
    507. exchange: MCX, tradingsymbol: GOLDM28AUG26177000CE, symboltoken: 575107
    508. exchange: MCX, tradingsymbol: GOLDM28AUG26177000PE, symboltoken: 575207
    509. exchange: MCX, tradingsymbol: GOLDM28AUG26177500CE, symboltoken: 575108
    510. exchange: MCX, tradingsymbol: GOLDM28AUG26177500PE, symboltoken: 575208
    511. exchange: MCX, tradingsymbol: GOLDM28AUG26178000CE, symboltoken: 575109
    512. exchange: MCX, tradingsymbol: GOLDM28AUG26178000PE, symboltoken: 575209
    513. exchange: MCX, tradingsymbol: GOLDM28AUG26178500CE, symboltoken: 575110
    514. exchange: MCX, tradingsymbol: GOLDM28AUG26178500PE, symboltoken: 575210
    515. exchange: MCX, tradingsymbol: GOLDM28AUG26179000CE, symboltoken: 575111
    516. exchange: MCX, tradingsymbol: GOLDM28AUG26179000PE, symboltoken: 575211
    517. exchange: MCX, tradingsymbol: GOLDM28AUG26179500CE, symboltoken: 575112
    518. exchange: MCX, tradingsymbol: GOLDM28AUG26179500PE, symboltoken: 575212
    519. exchange: MCX, tradingsymbol: GOLDM28AUG26180000CE, symboltoken: 575113
    520. exchange: MCX, tradingsymbol: GOLDM28AUG26180000PE, symboltoken: 575213
    521. exchange: MCX, tradingsymbol: GOLDM28AUG26180500CE, symboltoken: 575114
    522. exchange: MCX, tradingsymbol: GOLDM28AUG26180500PE, symboltoken: 575214
    523. exchange: MCX, tradingsymbol: GOLDM28AUG26181000CE, symboltoken: 575115
    524. exchange: MCX, tradingsymbol: GOLDM28AUG26181000PE, symboltoken: 575215
    525. exchange: MCX, tradingsymbol: GOLDM28AUG26181500CE, symboltoken: 575116
    526. exchange: MCX, tradingsymbol: GOLDM28AUG26181500PE, symboltoken: 575216
    527. exchange: MCX, tradingsymbol: GOLDM28AUG26182000CE, symboltoken: 575117
    528. exchange: MCX, tradingsymbol: GOLDM28AUG26182000PE, symboltoken: 575217
    529. exchange: MCX, tradingsymbol: GOLDM29OCT26124000CE, symboltoken: 581936
    530. exchange: MCX, tradingsymbol: GOLDM29OCT26124000PE, symboltoken: 582036
    531. exchange: MCX, tradingsymbol: GOLDM29OCT26124500CE, symboltoken: 581935
    532. exchange: MCX, tradingsymbol: GOLDM29OCT26124500PE, symboltoken: 582035
    533. exchange: MCX, tradingsymbol: GOLDM29OCT26125000CE, symboltoken: 581934
    534. exchange: MCX, tradingsymbol: GOLDM29OCT26125000PE, symboltoken: 582034
    535. exchange: MCX, tradingsymbol: GOLDM29OCT26125500CE, symboltoken: 581933
    536. exchange: MCX, tradingsymbol: GOLDM29OCT26125500PE, symboltoken: 582033
    537. exchange: MCX, tradingsymbol: GOLDM29OCT26126000CE, symboltoken: 581932
    538. exchange: MCX, tradingsymbol: GOLDM29OCT26126000PE, symboltoken: 582032
    539. exchange: MCX, tradingsymbol: GOLDM29OCT26126500CE, symboltoken: 581931
    540. exchange: MCX, tradingsymbol: GOLDM29OCT26126500PE, symboltoken: 582031
    541. exchange: MCX, tradingsymbol: GOLDM29OCT26127000CE, symboltoken: 581930
    542. exchange: MCX, tradingsymbol: GOLDM29OCT26127000PE, symboltoken: 582030
    543. exchange: MCX, tradingsymbol: GOLDM29OCT26127500CE, symboltoken: 581929
    544. exchange: MCX, tradingsymbol: GOLDM29OCT26127500PE, symboltoken: 582029
    545. exchange: MCX, tradingsymbol: GOLDM29OCT26128000CE, symboltoken: 581928
    546. exchange: MCX, tradingsymbol: GOLDM29OCT26128000PE, symboltoken: 582028
    547. exchange: MCX, tradingsymbol: GOLDM29OCT26128500CE, symboltoken: 581927
    548. exchange: MCX, tradingsymbol: GOLDM29OCT26128500PE, symboltoken: 582027
    549. exchange: MCX, tradingsymbol: GOLDM29OCT26129000CE, symboltoken: 581926
    550. exchange: MCX, tradingsymbol: GOLDM29OCT26129000PE, symboltoken: 582026
    551. exchange: MCX, tradingsymbol: GOLDM29OCT26129500CE, symboltoken: 581925
    552. exchange: MCX, tradingsymbol: GOLDM29OCT26129500PE, symboltoken: 582025
    553. exchange: MCX, tradingsymbol: GOLDM29OCT26130000CE, symboltoken: 581924
    554. exchange: MCX, tradingsymbol: GOLDM29OCT26130000PE, symboltoken: 582024
    555. exchange: MCX, tradingsymbol: GOLDM29OCT26130500CE, symboltoken: 581923
    556. exchange: MCX, tradingsymbol: GOLDM29OCT26130500PE, symboltoken: 582023
    557. exchange: MCX, tradingsymbol: GOLDM29OCT26131000CE, symboltoken: 581922
    558. exchange: MCX, tradingsymbol: GOLDM29OCT26131000PE, symboltoken: 582022
    559. exchange: MCX, tradingsymbol: GOLDM29OCT26131500CE, symboltoken: 581921
    560. exchange: MCX, tradingsymbol: GOLDM29OCT26131500PE, symboltoken: 582021
    561. exchange: MCX, tradingsymbol: GOLDM29OCT26132000CE, symboltoken: 581920
    562. exchange: MCX, tradingsymbol: GOLDM29OCT26132000PE, symboltoken: 582020
    563. exchange: MCX, tradingsymbol: GOLDM29OCT26132500CE, symboltoken: 581919
    564. exchange: MCX, tradingsymbol: GOLDM29OCT26132500PE, symboltoken: 582019
    565. exchange: MCX, tradingsymbol: GOLDM29OCT26133000CE, symboltoken: 581918
    566. exchange: MCX, tradingsymbol: GOLDM29OCT26133000PE, symboltoken: 582018
    567. exchange: MCX, tradingsymbol: GOLDM29OCT26133500CE, symboltoken: 581917
    568. exchange: MCX, tradingsymbol: GOLDM29OCT26133500PE, symboltoken: 582017
    569. exchange: MCX, tradingsymbol: GOLDM29OCT26134000CE, symboltoken: 581916
    570. exchange: MCX, tradingsymbol: GOLDM29OCT26134000PE, symboltoken: 582016
    571. exchange: MCX, tradingsymbol: GOLDM29OCT26134500CE, symboltoken: 581915
    572. exchange: MCX, tradingsymbol: GOLDM29OCT26134500PE, symboltoken: 582015
    573. exchange: MCX, tradingsymbol: GOLDM29OCT26135000CE, symboltoken: 581914
    574. exchange: MCX, tradingsymbol: GOLDM29OCT26135000PE, symboltoken: 582014
    575. exchange: MCX, tradingsymbol: GOLDM29OCT26135500CE, symboltoken: 581913
    576. exchange: MCX, tradingsymbol: GOLDM29OCT26135500PE, symboltoken: 582013
    577. exchange: MCX, tradingsymbol: GOLDM29OCT26136000CE, symboltoken: 581912
    578. exchange: MCX, tradingsymbol: GOLDM29OCT26136000PE, symboltoken: 582012
    579. exchange: MCX, tradingsymbol: GOLDM29OCT26136500CE, symboltoken: 581911
    580. exchange: MCX, tradingsymbol: GOLDM29OCT26136500PE, symboltoken: 582011
    581. exchange: MCX, tradingsymbol: GOLDM29OCT26137000CE, symboltoken: 581910
    582. exchange: MCX, tradingsymbol: GOLDM29OCT26137000PE, symboltoken: 582010
    583. exchange: MCX, tradingsymbol: GOLDM29OCT26137500CE, symboltoken: 581909
    584. exchange: MCX, tradingsymbol: GOLDM29OCT26137500PE, symboltoken: 582009
    585. exchange: MCX, tradingsymbol: GOLDM29OCT26138000CE, symboltoken: 581908
    586. exchange: MCX, tradingsymbol: GOLDM29OCT26138000PE, symboltoken: 582008
    587. exchange: MCX, tradingsymbol: GOLDM29OCT26138500CE, symboltoken: 581907
    588. exchange: MCX, tradingsymbol: GOLDM29OCT26138500PE, symboltoken: 582007
    589. exchange: MCX, tradingsymbol: GOLDM29OCT26139000CE, symboltoken: 581906
    590. exchange: MCX, tradingsymbol: GOLDM29OCT26139000PE, symboltoken: 582006
    591. exchange: MCX, tradingsymbol: GOLDM29OCT26139500CE, symboltoken: 581905
    592. exchange: MCX, tradingsymbol: GOLDM29OCT26139500PE, symboltoken: 582005
    593. exchange: MCX, tradingsymbol: GOLDM29OCT26140000CE, symboltoken: 581904
    594. exchange: MCX, tradingsymbol: GOLDM29OCT26140000PE, symboltoken: 582004
    595. exchange: MCX, tradingsymbol: GOLDM29OCT26140500CE, symboltoken: 581903
    596. exchange: MCX, tradingsymbol: GOLDM29OCT26140500PE, symboltoken: 582003
    597. exchange: MCX, tradingsymbol: GOLDM29OCT26141000CE, symboltoken: 581902
    598. exchange: MCX, tradingsymbol: GOLDM29OCT26141000PE, symboltoken: 582002
    599. exchange: MCX, tradingsymbol: GOLDM29OCT26141500CE, symboltoken: 581901
    600. exchange: MCX, tradingsymbol: GOLDM29OCT26141500PE, symboltoken: 582001
    601. exchange: MCX, tradingsymbol: GOLDM29OCT26142000CE, symboltoken: 581900
    602. exchange: MCX, tradingsymbol: GOLDM29OCT26142000PE, symboltoken: 582000
    603. exchange: MCX, tradingsymbol: GOLDM29OCT26142500CE, symboltoken: 581899
    604. exchange: MCX, tradingsymbol: GOLDM29OCT26142500PE, symboltoken: 581999
    605. exchange: MCX, tradingsymbol: GOLDM29OCT26143000CE, symboltoken: 581898
    606. exchange: MCX, tradingsymbol: GOLDM29OCT26143000PE, symboltoken: 581998
    607. exchange: MCX, tradingsymbol: GOLDM29OCT26143500CE, symboltoken: 581897
    608. exchange: MCX, tradingsymbol: GOLDM29OCT26143500PE, symboltoken: 581997
    609. exchange: MCX, tradingsymbol: GOLDM29OCT26144000CE, symboltoken: 581896
    610. exchange: MCX, tradingsymbol: GOLDM29OCT26144000PE, symboltoken: 581996
    611. exchange: MCX, tradingsymbol: GOLDM29OCT26144500CE, symboltoken: 581895
    612. exchange: MCX, tradingsymbol: GOLDM29OCT26144500PE, symboltoken: 581995
    613. exchange: MCX, tradingsymbol: GOLDM29OCT26145000CE, symboltoken: 581894
    614. exchange: MCX, tradingsymbol: GOLDM29OCT26145000PE, symboltoken: 581994
    615. exchange: MCX, tradingsymbol: GOLDM29OCT26145500CE, symboltoken: 581893
    616. exchange: MCX, tradingsymbol: GOLDM29OCT26145500PE, symboltoken: 581993
    617. exchange: MCX, tradingsymbol: GOLDM29OCT26146000CE, symboltoken: 581892
    618. exchange: MCX, tradingsymbol: GOLDM29OCT26146000PE, symboltoken: 581992
    619. exchange: MCX, tradingsymbol: GOLDM29OCT26146500CE, symboltoken: 581891
    620. exchange: MCX, tradingsymbol: GOLDM29OCT26146500PE, symboltoken: 581991
    621. exchange: MCX, tradingsymbol: GOLDM29OCT26147000CE, symboltoken: 581890
    622. exchange: MCX, tradingsymbol: GOLDM29OCT26147000PE, symboltoken: 581990
    623. exchange: MCX, tradingsymbol: GOLDM29OCT26147500CE, symboltoken: 581889
    624. exchange: MCX, tradingsymbol: GOLDM29OCT26147500PE, symboltoken: 581989
    625. exchange: MCX, tradingsymbol: GOLDM29OCT26148000CE, symboltoken: 581888
    626. exchange: MCX, tradingsymbol: GOLDM29OCT26148000PE, symboltoken: 581988
    627. exchange: MCX, tradingsymbol: GOLDM29OCT26148500CE, symboltoken: 581887
    628. exchange: MCX, tradingsymbol: GOLDM29OCT26148500PE, symboltoken: 581987
    629. exchange: MCX, tradingsymbol: GOLDM29OCT26149000CE, symboltoken: 581937
    630. exchange: MCX, tradingsymbol: GOLDM29OCT26149000PE, symboltoken: 582037
    631. exchange: MCX, tradingsymbol: GOLDM29OCT26149500CE, symboltoken: 581881
    632. exchange: MCX, tradingsymbol: GOLDM29OCT26149500PE, symboltoken: 581882
    633. exchange: MCX, tradingsymbol: GOLDM29OCT26150000CE, symboltoken: 581938
    634. exchange: MCX, tradingsymbol: GOLDM29OCT26150000PE, symboltoken: 582038
    635. exchange: MCX, tradingsymbol: GOLDM29OCT26150500CE, symboltoken: 581939
    636. exchange: MCX, tradingsymbol: GOLDM29OCT26150500PE, symboltoken: 582039
    637. exchange: MCX, tradingsymbol: GOLDM29OCT26151000CE, symboltoken: 581940
    638. exchange: MCX, tradingsymbol: GOLDM29OCT26151000PE, symboltoken: 582040
    639. exchange: MCX, tradingsymbol: GOLDM29OCT26151500CE, symboltoken: 581941
    640. exchange: MCX, tradingsymbol: GOLDM29OCT26151500PE, symboltoken: 582041
    641. exchange: MCX, tradingsymbol: GOLDM29OCT26152000CE, symboltoken: 581942
    642. exchange: MCX, tradingsymbol: GOLDM29OCT26152000PE, symboltoken: 582042
    643. exchange: MCX, tradingsymbol: GOLDM29OCT26152500CE, symboltoken: 581943
    644. exchange: MCX, tradingsymbol: GOLDM29OCT26152500PE, symboltoken: 582043
    645. exchange: MCX, tradingsymbol: GOLDM29OCT26153000CE, symboltoken: 581944
    646. exchange: MCX, tradingsymbol: GOLDM29OCT26153000PE, symboltoken: 582044
    647. exchange: MCX, tradingsymbol: GOLDM29OCT26153500CE, symboltoken: 581945
    648. exchange: MCX, tradingsymbol: GOLDM29OCT26153500PE, symboltoken: 582045
    649. exchange: MCX, tradingsymbol: GOLDM29OCT26154000CE, symboltoken: 581946
    650. exchange: MCX, tradingsymbol: GOLDM29OCT26154000PE, symboltoken: 582046
    651. exchange: MCX, tradingsymbol: GOLDM29OCT26154500CE, symboltoken: 581947
    652. exchange: MCX, tradingsymbol: GOLDM29OCT26154500PE, symboltoken: 582047
    653. exchange: MCX, tradingsymbol: GOLDM29OCT26155000CE, symboltoken: 581948
    654. exchange: MCX, tradingsymbol: GOLDM29OCT26155000PE, symboltoken: 582048
    655. exchange: MCX, tradingsymbol: GOLDM29OCT26155500CE, symboltoken: 581949
    656. exchange: MCX, tradingsymbol: GOLDM29OCT26155500PE, symboltoken: 582049
    657. exchange: MCX, tradingsymbol: GOLDM29OCT26156000CE, symboltoken: 581950
    658. exchange: MCX, tradingsymbol: GOLDM29OCT26156000PE, symboltoken: 582050
    659. exchange: MCX, tradingsymbol: GOLDM29OCT26156500CE, symboltoken: 581951
    660. exchange: MCX, tradingsymbol: GOLDM29OCT26156500PE, symboltoken: 582051
    661. exchange: MCX, tradingsymbol: GOLDM29OCT26157000CE, symboltoken: 581952
    662. exchange: MCX, tradingsymbol: GOLDM29OCT26157000PE, symboltoken: 582052
    663. exchange: MCX, tradingsymbol: GOLDM29OCT26157500CE, symboltoken: 581953
    664. exchange: MCX, tradingsymbol: GOLDM29OCT26157500PE, symboltoken: 582053
    665. exchange: MCX, tradingsymbol: GOLDM29OCT26158000CE, symboltoken: 581954
    666. exchange: MCX, tradingsymbol: GOLDM29OCT26158000PE, symboltoken: 582054
    667. exchange: MCX, tradingsymbol: GOLDM29OCT26158500CE, symboltoken: 581955
    668. exchange: MCX, tradingsymbol: GOLDM29OCT26158500PE, symboltoken: 582055
    669. exchange: MCX, tradingsymbol: GOLDM29OCT26159000CE, symboltoken: 581956
    670. exchange: MCX, tradingsymbol: GOLDM29OCT26159000PE, symboltoken: 582056
    671. exchange: MCX, tradingsymbol: GOLDM29OCT26159500CE, symboltoken: 581957
    672. exchange: MCX, tradingsymbol: GOLDM29OCT26159500PE, symboltoken: 582057
    673. exchange: MCX, tradingsymbol: GOLDM29OCT26160000CE, symboltoken: 581958
    674. exchange: MCX, tradingsymbol: GOLDM29OCT26160000PE, symboltoken: 582058
    675. exchange: MCX, tradingsymbol: GOLDM29OCT26160500CE, symboltoken: 581959
    676. exchange: MCX, tradingsymbol: GOLDM29OCT26160500PE, symboltoken: 582059
    677. exchange: MCX, tradingsymbol: GOLDM29OCT26161000CE, symboltoken: 581960
    678. exchange: MCX, tradingsymbol: GOLDM29OCT26161000PE, symboltoken: 582060
    679. exchange: MCX, tradingsymbol: GOLDM29OCT26161500CE, symboltoken: 581961
    680. exchange: MCX, tradingsymbol: GOLDM29OCT26161500PE, symboltoken: 582061
    681. exchange: MCX, tradingsymbol: GOLDM29OCT26162000CE, symboltoken: 581962
    682. exchange: MCX, tradingsymbol: GOLDM29OCT26162000PE, symboltoken: 582062
    683. exchange: MCX, tradingsymbol: GOLDM29OCT26162500CE, symboltoken: 581963
    684. exchange: MCX, tradingsymbol: GOLDM29OCT26162500PE, symboltoken: 582063
    685. exchange: MCX, tradingsymbol: GOLDM29OCT26163000CE, symboltoken: 581964
    686. exchange: MCX, tradingsymbol: GOLDM29OCT26163000PE, symboltoken: 582064
    687. exchange: MCX, tradingsymbol: GOLDM29OCT26163500CE, symboltoken: 581965
    688. exchange: MCX, tradingsymbol: GOLDM29OCT26163500PE, symboltoken: 582065
    689. exchange: MCX, tradingsymbol: GOLDM29OCT26164000CE, symboltoken: 581966
    690. exchange: MCX, tradingsymbol: GOLDM29OCT26164000PE, symboltoken: 582066
    691. exchange: MCX, tradingsymbol: GOLDM29OCT26164500CE, symboltoken: 581967
    692. exchange: MCX, tradingsymbol: GOLDM29OCT26164500PE, symboltoken: 582067
    693. exchange: MCX, tradingsymbol: GOLDM29OCT26165000CE, symboltoken: 581968
    694. exchange: MCX, tradingsymbol: GOLDM29OCT26165000PE, symboltoken: 582068
    695. exchange: MCX, tradingsymbol: GOLDM29OCT26165500CE, symboltoken: 581969
    696. exchange: MCX, tradingsymbol: GOLDM29OCT26165500PE, symboltoken: 582069
    697. exchange: MCX, tradingsymbol: GOLDM29OCT26166000CE, symboltoken: 581970
    698. exchange: MCX, tradingsymbol: GOLDM29OCT26166000PE, symboltoken: 582070
    699. exchange: MCX, tradingsymbol: GOLDM29OCT26166500CE, symboltoken: 581971
    700. exchange: MCX, tradingsymbol: GOLDM29OCT26166500PE, symboltoken: 582071
    701. exchange: MCX, tradingsymbol: GOLDM29OCT26167000CE, symboltoken: 581972
    702. exchange: MCX, tradingsymbol: GOLDM29OCT26167000PE, symboltoken: 582072
    703. exchange: MCX, tradingsymbol: GOLDM29OCT26167500CE, symboltoken: 581973
    704. exchange: MCX, tradingsymbol: GOLDM29OCT26167500PE, symboltoken: 582073
    705. exchange: MCX, tradingsymbol: GOLDM29OCT26168000CE, symboltoken: 581974
    706. exchange: MCX, tradingsymbol: GOLDM29OCT26168000PE, symboltoken: 582074
    707. exchange: MCX, tradingsymbol: GOLDM29OCT26168500CE, symboltoken: 581975
    708. exchange: MCX, tradingsymbol: GOLDM29OCT26168500PE, symboltoken: 582075
    709. exchange: MCX, tradingsymbol: GOLDM29OCT26169000CE, symboltoken: 581976
    710. exchange: MCX, tradingsymbol: GOLDM29OCT26169000PE, symboltoken: 582076
    711. exchange: MCX, tradingsymbol: GOLDM29OCT26169500CE, symboltoken: 581977
    712. exchange: MCX, tradingsymbol: GOLDM29OCT26169500PE, symboltoken: 582077
    713. exchange: MCX, tradingsymbol: GOLDM29OCT26170000CE, symboltoken: 581978
    714. exchange: MCX, tradingsymbol: GOLDM29OCT26170000PE, symboltoken: 582078
    715. exchange: MCX, tradingsymbol: GOLDM29OCT26170500CE, symboltoken: 581979
    716. exchange: MCX, tradingsymbol: GOLDM29OCT26170500PE, symboltoken: 582079
    717. exchange: MCX, tradingsymbol: GOLDM29OCT26171000CE, symboltoken: 581980
    718. exchange: MCX, tradingsymbol: GOLDM29OCT26171000PE, symboltoken: 582080
    719. exchange: MCX, tradingsymbol: GOLDM29OCT26171500CE, symboltoken: 581981
    720. exchange: MCX, tradingsymbol: GOLDM29OCT26171500PE, symboltoken: 582081
    721. exchange: MCX, tradingsymbol: GOLDM29OCT26172000CE, symboltoken: 581982
    722. exchange: MCX, tradingsymbol: GOLDM29OCT26172000PE, symboltoken: 582082
    723. exchange: MCX, tradingsymbol: GOLDM29OCT26172500CE, symboltoken: 581983
    724. exchange: MCX, tradingsymbol: GOLDM29OCT26172500PE, symboltoken: 582083
    725. exchange: MCX, tradingsymbol: GOLDM29OCT26173000CE, symboltoken: 581984
    726. exchange: MCX, tradingsymbol: GOLDM29OCT26173000PE, symboltoken: 582084
    727. exchange: MCX, tradingsymbol: GOLDM29OCT26173500CE, symboltoken: 581985
    728. exchange: MCX, tradingsymbol: GOLDM29OCT26173500PE, symboltoken: 582085
    729. exchange: MCX, tradingsymbol: GOLDM29OCT26174000CE, symboltoken: 581986
    730. exchange: MCX, tradingsymbol: GOLDM29OCT26174000PE, symboltoken: 582086
    731. exchange: MCX, tradingsymbol: GOLDM29OCT26174500CE, symboltoken: 582115
    732. exchange: MCX, tradingsymbol: GOLDM29OCT26174500PE, symboltoken: 582116
    733. exchange: MCX, tradingsymbol: GOLDM29OCT26175000CE, symboltoken: 582141
    734. exchange: MCX, tradingsymbol: GOLDM29OCT26175000PE, symboltoken: 582149
    735. exchange: MCX, tradingsymbol: GOLDM29OCT26175500CE, symboltoken: 582142
    736. exchange: MCX, tradingsymbol: GOLDM29OCT26175500PE, symboltoken: 582150
    737. exchange: MCX, tradingsymbol: GOLDM29OCT26176000CE, symboltoken: 582143
    738. exchange: MCX, tradingsymbol: GOLDM29OCT26176000PE, symboltoken: 582151
    739. exchange: MCX, tradingsymbol: GOLDM29OCT26176500CE, symboltoken: 582144
    740. exchange: MCX, tradingsymbol: GOLDM29OCT26176500PE, symboltoken: 582152
    741. exchange: MCX, tradingsymbol: GOLDM29OCT26177000CE, symboltoken: 582145
    742. exchange: MCX, tradingsymbol: GOLDM29OCT26177000PE, symboltoken: 582153
    743. exchange: MCX, tradingsymbol: GOLDM29OCT26177500CE, symboltoken: 582146
    744. exchange: MCX, tradingsymbol: GOLDM29OCT26177500PE, symboltoken: 582154
    745. exchange: MCX, tradingsymbol: GOLDM29OCT26178000CE, symboltoken: 582228
    746. exchange: MCX, tradingsymbol: GOLDM29OCT26178000PE, symboltoken: 582234
    747. exchange: MCX, tradingsymbol: GOLDM29OCT26178500CE, symboltoken: 582229
    748. exchange: MCX, tradingsymbol: GOLDM29OCT26178500PE, symboltoken: 582235
    749. exchange: MCX, tradingsymbol: GOLDM29OCT26179000CE, symboltoken: 582230
    750. exchange: MCX, tradingsymbol: GOLDM29OCT26179000PE, symboltoken: 582236
    751. exchange: MCX, tradingsymbol: GOLDM29OCT26179500CE, symboltoken: 582306
    752. exchange: MCX, tradingsymbol: GOLDM29OCT26179500PE, symboltoken: 582308
    753. exchange: MCX, tradingsymbol: GOLDM29OCT26180000CE, symboltoken: 582320
    754. exchange: MCX, tradingsymbol: GOLDM29OCT26180000PE, symboltoken: 582326
    755. exchange: MCX, tradingsymbol: GOLDM29OCT26180500CE, symboltoken: 582321
    756. exchange: MCX, tradingsymbol: GOLDM29OCT26180500PE, symboltoken: 582327
    757. exchange: MCX, tradingsymbol: GOLDM29OCT26181000CE, symboltoken: 582322
    758. exchange: MCX, tradingsymbol: GOLDM29OCT26181000PE, symboltoken: 582328
    759. exchange: MCX, tradingsymbol: GOLDMAHMCOM, symboltoken: 347
    760. exchange: MCX, tradingsymbol: GOLDMCOM, symboltoken: 117
    761. exchange: MCX, tradingsymbol: GOLDMDELCOM, symboltoken: 348
    762. exchange: MCX, tradingsymbol: GOLDMKOLCOM, symboltoken: 349
    763. exchange: MCX, tradingsymbol: GOLDMMUMCOM, symboltoken: 346
    764. exchange: MCX, tradingsymbol: GOLDMUMCOM, symboltoken: 342
    765. exchange: MCX, tradingsymbol: GOLDM29OCT26178000CE, symboltoken: 582228
    766. exchange: MCX, tradingsymbol: GOLDM29OCT26178000PE, symboltoken: 582234
    767. exchange: MCX, tradingsymbol: GOLDM29OCT26178500CE, symboltoken: 582229
    768. exchange: MCX, tradingsymbol: GOLDM29OCT26178500PE, symboltoken: 582235
    769. exchange: MCX, tradingsymbol: GOLDM29OCT26179000CE, symboltoken: 582230
    770. exchange: MCX, tradingsymbol: GOLDM29OCT26179000PE, symboltoken: 582236
    771. exchange: MCX, tradingsymbol: GOLDM29OCT26179500CE, symboltoken: 582306
    772. exchange: MCX, tradingsymbol: GOLDM29OCT26179500PE, symboltoken: 582308
    773. exchange: MCX, tradingsymbol: GOLDM29OCT26180000CE, symboltoken: 582320
    774. exchange: MCX, tradingsymbol: GOLDM29OCT26180000PE, symboltoken: 582326
    775. exchange: MCX, tradingsymbol: GOLDM29OCT26180500CE, symboltoken: 582321
    776. exchange: MCX, tradingsymbol: GOLDM29OCT26180500PE, symboltoken: 582327
    777. exchange: MCX, tradingsymbol: GOLDM29OCT26181000CE, symboltoken: 582322
    778. exchange: MCX, tradingsymbol: GOLDM29OCT26181000PE, symboltoken: 582328
    779. exchange: MCX, tradingsymbol: GOLDMAHMCOM, symboltoken: 347
    780. exchange: MCX, tradingsymbol: GOLDMCOM, symboltoken: 117
INFO:     Shutting down
INFO:     Waiting for application shutdown.
INFO:     Application shutdown complete.
INFO:     Finished server process [65608]
INFO:     Started server process [65665]
INFO:     Waiting for application startup.
INFO:     Application startup complete.
INFO:     Uvicorn running on http://0.0.0.0:8001 (Press CTRL+C to quit)
[I 260816 19:47:55 smartConnect:124] in pool
[I 260816 19:47:55 smartConnect:496] Search successful. Found 780 trading symbols for the given query:
    1. exchange: MCX, tradingsymbol: GOLDM04DEC26FUT, symboltoken: 575011
    2. exchange: MCX, tradingsymbol: GOLDM04SEP26FUT, symboltoken: 563946
    3. exchange: MCX, tradingsymbol: GOLDM05FEB27FUT, symboltoken: 581880
    4. exchange: MCX, tradingsymbol: GOLDM05JAN27FUT, symboltoken: 578779
    5. exchange: MCX, tradingsymbol: GOLDM05NOV26FUT, symboltoken: 571445
    6. exchange: MCX, tradingsymbol: GOLDM05OCT26FUT, symboltoken: 569003
    7. exchange: MCX, tradingsymbol: GOLDM25SEP26116500CE, symboltoken: 580161
    8. exchange: MCX, tradingsymbol: GOLDM25SEP26116500PE, symboltoken: 580165
    9. exchange: MCX, tradingsymbol: GOLDM25SEP26117000CE, symboltoken: 580160
    10. exchange: MCX, tradingsymbol: GOLDM25SEP26117000PE, symboltoken: 580164
    11. exchange: MCX, tradingsymbol: GOLDM25SEP26117500CE, symboltoken: 580159
    12. exchange: MCX, tradingsymbol: GOLDM25SEP26117500PE, symboltoken: 580163
    13. exchange: MCX, tradingsymbol: GOLDM25SEP26118000CE, symboltoken: 579247
    14. exchange: MCX, tradingsymbol: GOLDM25SEP26118000PE, symboltoken: 579258
    15. exchange: MCX, tradingsymbol: GOLDM25SEP26118500CE, symboltoken: 579246
    16. exchange: MCX, tradingsymbol: GOLDM25SEP26118500PE, symboltoken: 579257
    17. exchange: MCX, tradingsymbol: GOLDM25SEP26119000CE, symboltoken: 579245
    18. exchange: MCX, tradingsymbol: GOLDM25SEP26119000PE, symboltoken: 579256
    19. exchange: MCX, tradingsymbol: GOLDM25SEP26119500CE, symboltoken: 579244
    20. exchange: MCX, tradingsymbol: GOLDM25SEP26119500PE, symboltoken: 579255
    21. exchange: MCX, tradingsymbol: GOLDM25SEP26120000CE, symboltoken: 579243
    22. exchange: MCX, tradingsymbol: GOLDM25SEP26120000PE, symboltoken: 579254
    23. exchange: MCX, tradingsymbol: GOLDM25SEP26120500CE, symboltoken: 579242
    24. exchange: MCX, tradingsymbol: GOLDM25SEP26120500PE, symboltoken: 579253
    25. exchange: MCX, tradingsymbol: GOLDM25SEP26121000CE, symboltoken: 579056
    26. exchange: MCX, tradingsymbol: GOLDM25SEP26121000PE, symboltoken: 579058
    27. exchange: MCX, tradingsymbol: GOLDM25SEP26121500CE, symboltoken: 579055
    28. exchange: MCX, tradingsymbol: GOLDM25SEP26121500PE, symboltoken: 579057
    29. exchange: MCX, tradingsymbol: GOLDM25SEP26122000CE, symboltoken: 579019
    30. exchange: MCX, tradingsymbol: GOLDM25SEP26122000PE, symboltoken: 579022
    31. exchange: MCX, tradingsymbol: GOLDM25SEP26122500CE, symboltoken: 579018
    32. exchange: MCX, tradingsymbol: GOLDM25SEP26122500PE, symboltoken: 579021
    33. exchange: MCX, tradingsymbol: GOLDM25SEP26123000CE, symboltoken: 579017
    34. exchange: MCX, tradingsymbol: GOLDM25SEP26123000PE, symboltoken: 579020
    35. exchange: MCX, tradingsymbol: GOLDM25SEP26123500CE, symboltoken: 579013
    36. exchange: MCX, tradingsymbol: GOLDM25SEP26123500PE, symboltoken: 579016
    37. exchange: MCX, tradingsymbol: GOLDM25SEP26124000CE, symboltoken: 579012
    38. exchange: MCX, tradingsymbol: GOLDM25SEP26124000PE, symboltoken: 579015
    39. exchange: MCX, tradingsymbol: GOLDM25SEP26124500CE, symboltoken: 579011
    40. exchange: MCX, tradingsymbol: GOLDM25SEP26124500PE, symboltoken: 579014
    41. exchange: MCX, tradingsymbol: GOLDM25SEP26125000CE, symboltoken: 579005
    42. exchange: MCX, tradingsymbol: GOLDM25SEP26125000PE, symboltoken: 579006
    43. exchange: MCX, tradingsymbol: GOLDM25SEP26125500CE, symboltoken: 578833
    44. exchange: MCX, tradingsymbol: GOLDM25SEP26125500PE, symboltoken: 578933
    45. exchange: MCX, tradingsymbol: GOLDM25SEP26126000CE, symboltoken: 578832
    46. exchange: MCX, tradingsymbol: GOLDM25SEP26126000PE, symboltoken: 578932
    47. exchange: MCX, tradingsymbol: GOLDM25SEP26126500CE, symboltoken: 578831
    48. exchange: MCX, tradingsymbol: GOLDM25SEP26126500PE, symboltoken: 578931
    49. exchange: MCX, tradingsymbol: GOLDM25SEP26127000CE, symboltoken: 578830
    50. exchange: MCX, tradingsymbol: GOLDM25SEP26127000PE, symboltoken: 578930
    51. exchange: MCX, tradingsymbol: GOLDM25SEP26127500CE, symboltoken: 578829
    52. exchange: MCX, tradingsymbol: GOLDM25SEP26127500PE, symboltoken: 578929
    53. exchange: MCX, tradingsymbol: GOLDM25SEP26128000CE, symboltoken: 578828
    54. exchange: MCX, tradingsymbol: GOLDM25SEP26128000PE, symboltoken: 578928
    55. exchange: MCX, tradingsymbol: GOLDM25SEP26128500CE, symboltoken: 578827
    56. exchange: MCX, tradingsymbol: GOLDM25SEP26128500PE, symboltoken: 578927
    57. exchange: MCX, tradingsymbol: GOLDM25SEP26129000CE, symboltoken: 578826
    58. exchange: MCX, tradingsymbol: GOLDM25SEP26129000PE, symboltoken: 578926
    59. exchange: MCX, tradingsymbol: GOLDM25SEP26129500CE, symboltoken: 578825
    60. exchange: MCX, tradingsymbol: GOLDM25SEP26129500PE, symboltoken: 578925
    61. exchange: MCX, tradingsymbol: GOLDM25SEP26130000CE, symboltoken: 578824
    62. exchange: MCX, tradingsymbol: GOLDM25SEP26130000PE, symboltoken: 578924
    63. exchange: MCX, tradingsymbol: GOLDM25SEP26130500CE, symboltoken: 578823
    64. exchange: MCX, tradingsymbol: GOLDM25SEP26130500PE, symboltoken: 578923
    65. exchange: MCX, tradingsymbol: GOLDM25SEP26131000CE, symboltoken: 578822
    66. exchange: MCX, tradingsymbol: GOLDM25SEP26131000PE, symboltoken: 578922
    67. exchange: MCX, tradingsymbol: GOLDM25SEP26131500CE, symboltoken: 578821
    68. exchange: MCX, tradingsymbol: GOLDM25SEP26131500PE, symboltoken: 578921
    69. exchange: MCX, tradingsymbol: GOLDM25SEP26132000CE, symboltoken: 578820
    70. exchange: MCX, tradingsymbol: GOLDM25SEP26132000PE, symboltoken: 578920
    71. exchange: MCX, tradingsymbol: GOLDM25SEP26132500CE, symboltoken: 578819
    72. exchange: MCX, tradingsymbol: GOLDM25SEP26132500PE, symboltoken: 578919
    73. exchange: MCX, tradingsymbol: GOLDM25SEP26133000CE, symboltoken: 578818
    74. exchange: MCX, tradingsymbol: GOLDM25SEP26133000PE, symboltoken: 578918
    75. exchange: MCX, tradingsymbol: GOLDM25SEP26133500CE, symboltoken: 578817
    76. exchange: MCX, tradingsymbol: GOLDM25SEP26133500PE, symboltoken: 578917
    77. exchange: MCX, tradingsymbol: GOLDM25SEP26134000CE, symboltoken: 578816
    78. exchange: MCX, tradingsymbol: GOLDM25SEP26134000PE, symboltoken: 578916
    79. exchange: MCX, tradingsymbol: GOLDM25SEP26134500CE, symboltoken: 578815
    80. exchange: MCX, tradingsymbol: GOLDM25SEP26134500PE, symboltoken: 578915
    81. exchange: MCX, tradingsymbol: GOLDM25SEP26135000CE, symboltoken: 578814
    82. exchange: MCX, tradingsymbol: GOLDM25SEP26135000PE, symboltoken: 578914
    83. exchange: MCX, tradingsymbol: GOLDM25SEP26135500CE, symboltoken: 578813
    84. exchange: MCX, tradingsymbol: GOLDM25SEP26135500PE, symboltoken: 578913
    85. exchange: MCX, tradingsymbol: GOLDM25SEP26136000CE, symboltoken: 578812
    86. exchange: MCX, tradingsymbol: GOLDM25SEP26136000PE, symboltoken: 578912
    87. exchange: MCX, tradingsymbol: GOLDM25SEP26136500CE, symboltoken: 578811
    88. exchange: MCX, tradingsymbol: GOLDM25SEP26136500PE, symboltoken: 578911
    89. exchange: MCX, tradingsymbol: GOLDM25SEP26137000CE, symboltoken: 578810
    90. exchange: MCX, tradingsymbol: GOLDM25SEP26137000PE, symboltoken: 578910
    91. exchange: MCX, tradingsymbol: GOLDM25SEP26137500CE, symboltoken: 578809
    92. exchange: MCX, tradingsymbol: GOLDM25SEP26137500PE, symboltoken: 578909
    93. exchange: MCX, tradingsymbol: GOLDM25SEP26138000CE, symboltoken: 578808
    94. exchange: MCX, tradingsymbol: GOLDM25SEP26138000PE, symboltoken: 578908
    95. exchange: MCX, tradingsymbol: GOLDM25SEP26138500CE, symboltoken: 578807
    96. exchange: MCX, tradingsymbol: GOLDM25SEP26138500PE, symboltoken: 578907
    97. exchange: MCX, tradingsymbol: GOLDM25SEP26139000CE, symboltoken: 578806
    98. exchange: MCX, tradingsymbol: GOLDM25SEP26139000PE, symboltoken: 578906
    99. exchange: MCX, tradingsymbol: GOLDM25SEP26139500CE, symboltoken: 578805
    100. exchange: MCX, tradingsymbol: GOLDM25SEP26139500PE, symboltoken: 578905
    101. exchange: MCX, tradingsymbol: GOLDM25SEP26140000CE, symboltoken: 578804
    102. exchange: MCX, tradingsymbol: GOLDM25SEP26140000PE, symboltoken: 578904
    103. exchange: MCX, tradingsymbol: GOLDM25SEP26140500CE, symboltoken: 578803
    104. exchange: MCX, tradingsymbol: GOLDM25SEP26140500PE, symboltoken: 578903
    105. exchange: MCX, tradingsymbol: GOLDM25SEP26141000CE, symboltoken: 578802
    106. exchange: MCX, tradingsymbol: GOLDM25SEP26141000PE, symboltoken: 578902
    107. exchange: MCX, tradingsymbol: GOLDM25SEP26141500CE, symboltoken: 578801
    108. exchange: MCX, tradingsymbol: GOLDM25SEP26141500PE, symboltoken: 578901
    109. exchange: MCX, tradingsymbol: GOLDM25SEP26142000CE, symboltoken: 578800
    110. exchange: MCX, tradingsymbol: GOLDM25SEP26142000PE, symboltoken: 578900
    111. exchange: MCX, tradingsymbol: GOLDM25SEP26142500CE, symboltoken: 578799
    112. exchange: MCX, tradingsymbol: GOLDM25SEP26142500PE, symboltoken: 578899
    113. exchange: MCX, tradingsymbol: GOLDM25SEP26143000CE, symboltoken: 578798
    114. exchange: MCX, tradingsymbol: GOLDM25SEP26143000PE, symboltoken: 578898
    115. exchange: MCX, tradingsymbol: GOLDM25SEP26143500CE, symboltoken: 578797
    116. exchange: MCX, tradingsymbol: GOLDM25SEP26143500PE, symboltoken: 578897
    117. exchange: MCX, tradingsymbol: GOLDM25SEP26144000CE, symboltoken: 578796
    118. exchange: MCX, tradingsymbol: GOLDM25SEP26144000PE, symboltoken: 578896
    119. exchange: MCX, tradingsymbol: GOLDM25SEP26144500CE, symboltoken: 578795
    120. exchange: MCX, tradingsymbol: GOLDM25SEP26144500PE, symboltoken: 578895
    121. exchange: MCX, tradingsymbol: GOLDM25SEP26145000CE, symboltoken: 578794
    122. exchange: MCX, tradingsymbol: GOLDM25SEP26145000PE, symboltoken: 578894
    123. exchange: MCX, tradingsymbol: GOLDM25SEP26145500CE, symboltoken: 578793
    124. exchange: MCX, tradingsymbol: GOLDM25SEP26145500PE, symboltoken: 578893
    125. exchange: MCX, tradingsymbol: GOLDM25SEP26146000CE, symboltoken: 578792
    126. exchange: MCX, tradingsymbol: GOLDM25SEP26146000PE, symboltoken: 578892
    127. exchange: MCX, tradingsymbol: GOLDM25SEP26146500CE, symboltoken: 578791
    128. exchange: MCX, tradingsymbol: GOLDM25SEP26146500PE, symboltoken: 578891
    129. exchange: MCX, tradingsymbol: GOLDM25SEP26147000CE, symboltoken: 578790
    130. exchange: MCX, tradingsymbol: GOLDM25SEP26147000PE, symboltoken: 578890
    131. exchange: MCX, tradingsymbol: GOLDM25SEP26147500CE, symboltoken: 578789
    132. exchange: MCX, tradingsymbol: GOLDM25SEP26147500PE, symboltoken: 578889
    133. exchange: MCX, tradingsymbol: GOLDM25SEP26148000CE, symboltoken: 578788
    134. exchange: MCX, tradingsymbol: GOLDM25SEP26148000PE, symboltoken: 578888
    135. exchange: MCX, tradingsymbol: GOLDM25SEP26148500CE, symboltoken: 578787
    136. exchange: MCX, tradingsymbol: GOLDM25SEP26148500PE, symboltoken: 578887
    137. exchange: MCX, tradingsymbol: GOLDM25SEP26149000CE, symboltoken: 578786
    138. exchange: MCX, tradingsymbol: GOLDM25SEP26149000PE, symboltoken: 578886
    139. exchange: MCX, tradingsymbol: GOLDM25SEP26149500CE, symboltoken: 578785
    140. exchange: MCX, tradingsymbol: GOLDM25SEP26149500PE, symboltoken: 578885
    141. exchange: MCX, tradingsymbol: GOLDM25SEP26150000CE, symboltoken: 578784
    142. exchange: MCX, tradingsymbol: GOLDM25SEP26150000PE, symboltoken: 578884
    143. exchange: MCX, tradingsymbol: GOLDM25SEP26150500CE, symboltoken: 578780
    144. exchange: MCX, tradingsymbol: GOLDM25SEP26150500PE, symboltoken: 578781
    145. exchange: MCX, tradingsymbol: GOLDM25SEP26151000CE, symboltoken: 578834
    146. exchange: MCX, tradingsymbol: GOLDM25SEP26151000PE, symboltoken: 578934
    147. exchange: MCX, tradingsymbol: GOLDM25SEP26151500CE, symboltoken: 578835
    148. exchange: MCX, tradingsymbol: GOLDM25SEP26151500PE, symboltoken: 578935
    149. exchange: MCX, tradingsymbol: GOLDM25SEP26152000CE, symboltoken: 578836
    150. exchange: MCX, tradingsymbol: GOLDM25SEP26152000PE, symboltoken: 578936
    151. exchange: MCX, tradingsymbol: GOLDM25SEP26152500CE, symboltoken: 578837
    152. exchange: MCX, tradingsymbol: GOLDM25SEP26152500PE, symboltoken: 578937
    153. exchange: MCX, tradingsymbol: GOLDM25SEP26153000CE, symboltoken: 578838
    154. exchange: MCX, tradingsymbol: GOLDM25SEP26153000PE, symboltoken: 578938
    155. exchange: MCX, tradingsymbol: GOLDM25SEP26153500CE, symboltoken: 578839
    156. exchange: MCX, tradingsymbol: GOLDM25SEP26153500PE, symboltoken: 578939
    157. exchange: MCX, tradingsymbol: GOLDM25SEP26154000CE, symboltoken: 578840
    158. exchange: MCX, tradingsymbol: GOLDM25SEP26154000PE, symboltoken: 578940
    159. exchange: MCX, tradingsymbol: GOLDM25SEP26154500CE, symboltoken: 578841
    160. exchange: MCX, tradingsymbol: GOLDM25SEP26154500PE, symboltoken: 578941
    161. exchange: MCX, tradingsymbol: GOLDM25SEP26155000CE, symboltoken: 578842
    162. exchange: MCX, tradingsymbol: GOLDM25SEP26155000PE, symboltoken: 578942
    163. exchange: MCX, tradingsymbol: GOLDM25SEP26155500CE, symboltoken: 578843
    164. exchange: MCX, tradingsymbol: GOLDM25SEP26155500PE, symboltoken: 578943
    165. exchange: MCX, tradingsymbol: GOLDM25SEP26156000CE, symboltoken: 578844
    166. exchange: MCX, tradingsymbol: GOLDM25SEP26156000PE, symboltoken: 578944
    167. exchange: MCX, tradingsymbol: GOLDM25SEP26156500CE, symboltoken: 578845
    168. exchange: MCX, tradingsymbol: GOLDM25SEP26156500PE, symboltoken: 578945
    169. exchange: MCX, tradingsymbol: GOLDM25SEP26157000CE, symboltoken: 578846
    170. exchange: MCX, tradingsymbol: GOLDM25SEP26157000PE, symboltoken: 578946
    171. exchange: MCX, tradingsymbol: GOLDM25SEP26157500CE, symboltoken: 578847
    172. exchange: MCX, tradingsymbol: GOLDM25SEP26157500PE, symboltoken: 578947
    173. exchange: MCX, tradingsymbol: GOLDM25SEP26158000CE, symboltoken: 578848
    174. exchange: MCX, tradingsymbol: GOLDM25SEP26158000PE, symboltoken: 578948
    175. exchange: MCX, tradingsymbol: GOLDM25SEP26158500CE, symboltoken: 578849
    176. exchange: MCX, tradingsymbol: GOLDM25SEP26158500PE, symboltoken: 578949
    177. exchange: MCX, tradingsymbol: GOLDM25SEP26159000CE, symboltoken: 578850
    178. exchange: MCX, tradingsymbol: GOLDM25SEP26159000PE, symboltoken: 578950
    179. exchange: MCX, tradingsymbol: GOLDM25SEP26159500CE, symboltoken: 578851
    180. exchange: MCX, tradingsymbol: GOLDM25SEP26159500PE, symboltoken: 578951
    181. exchange: MCX, tradingsymbol: GOLDM25SEP26160000CE, symboltoken: 578852
    182. exchange: MCX, tradingsymbol: GOLDM25SEP26160000PE, symboltoken: 578952
    183. exchange: MCX, tradingsymbol: GOLDM25SEP26160500CE, symboltoken: 578853
    184. exchange: MCX, tradingsymbol: GOLDM25SEP26160500PE, symboltoken: 578953
    185. exchange: MCX, tradingsymbol: GOLDM25SEP26161000CE, symboltoken: 578854
    186. exchange: MCX, tradingsymbol: GOLDM25SEP26161000PE, symboltoken: 578954
    187. exchange: MCX, tradingsymbol: GOLDM25SEP26161500CE, symboltoken: 578855
    188. exchange: MCX, tradingsymbol: GOLDM25SEP26161500PE, symboltoken: 578955
    189. exchange: MCX, tradingsymbol: GOLDM25SEP26162000CE, symboltoken: 578856
    190. exchange: MCX, tradingsymbol: GOLDM25SEP26162000PE, symboltoken: 578956
    191. exchange: MCX, tradingsymbol: GOLDM25SEP26162500CE, symboltoken: 578857
    192. exchange: MCX, tradingsymbol: GOLDM25SEP26162500PE, symboltoken: 578957
    193. exchange: MCX, tradingsymbol: GOLDM25SEP26163000CE, symboltoken: 578858
    194. exchange: MCX, tradingsymbol: GOLDM25SEP26163000PE, symboltoken: 578958
    195. exchange: MCX, tradingsymbol: GOLDM25SEP26163500CE, symboltoken: 578859
    196. exchange: MCX, tradingsymbol: GOLDM25SEP26163500PE, symboltoken: 578959
    197. exchange: MCX, tradingsymbol: GOLDM25SEP26164000CE, symboltoken: 578860
    198. exchange: MCX, tradingsymbol: GOLDM25SEP26164000PE, symboltoken: 578960
    199. exchange: MCX, tradingsymbol: GOLDM25SEP26164500CE, symboltoken: 578861
    200. exchange: MCX, tradingsymbol: GOLDM25SEP26164500PE, symboltoken: 578961
    201. exchange: MCX, tradingsymbol: GOLDM25SEP26165000CE, symboltoken: 578862
    202. exchange: MCX, tradingsymbol: GOLDM25SEP26165000PE, symboltoken: 578962
    203. exchange: MCX, tradingsymbol: GOLDM25SEP26165500CE, symboltoken: 578863
    204. exchange: MCX, tradingsymbol: GOLDM25SEP26165500PE, symboltoken: 578963
    205. exchange: MCX, tradingsymbol: GOLDM25SEP26166000CE, symboltoken: 578864
    206. exchange: MCX, tradingsymbol: GOLDM25SEP26166000PE, symboltoken: 578964
    207. exchange: MCX, tradingsymbol: GOLDM25SEP26166500CE, symboltoken: 578865
    208. exchange: MCX, tradingsymbol: GOLDM25SEP26166500PE, symboltoken: 578965
    209. exchange: MCX, tradingsymbol: GOLDM25SEP26167000CE, symboltoken: 578866
    210. exchange: MCX, tradingsymbol: GOLDM25SEP26167000PE, symboltoken: 578966
    211. exchange: MCX, tradingsymbol: GOLDM25SEP26167500CE, symboltoken: 578867
    212. exchange: MCX, tradingsymbol: GOLDM25SEP26167500PE, symboltoken: 578967
    213. exchange: MCX, tradingsymbol: GOLDM25SEP26168000CE, symboltoken: 578868
    214. exchange: MCX, tradingsymbol: GOLDM25SEP26168000PE, symboltoken: 578968
    215. exchange: MCX, tradingsymbol: GOLDM25SEP26168500CE, symboltoken: 578869
    216. exchange: MCX, tradingsymbol: GOLDM25SEP26168500PE, symboltoken: 578969
    217. exchange: MCX, tradingsymbol: GOLDM25SEP26169000CE, symboltoken: 578870
    218. exchange: MCX, tradingsymbol: GOLDM25SEP26169000PE, symboltoken: 578970
    219. exchange: MCX, tradingsymbol: GOLDM25SEP26169500CE, symboltoken: 578871
    220. exchange: MCX, tradingsymbol: GOLDM25SEP26169500PE, symboltoken: 578971
    221. exchange: MCX, tradingsymbol: GOLDM25SEP26170000CE, symboltoken: 578872
    222. exchange: MCX, tradingsymbol: GOLDM25SEP26170000PE, symboltoken: 578972
    223. exchange: MCX, tradingsymbol: GOLDM25SEP26170500CE, symboltoken: 578873
    224. exchange: MCX, tradingsymbol: GOLDM25SEP26170500PE, symboltoken: 578973
    225. exchange: MCX, tradingsymbol: GOLDM25SEP26171000CE, symboltoken: 578874
    226. exchange: MCX, tradingsymbol: GOLDM25SEP26171000PE, symboltoken: 578974
    227. exchange: MCX, tradingsymbol: GOLDM25SEP26171500CE, symboltoken: 578875
    228. exchange: MCX, tradingsymbol: GOLDM25SEP26171500PE, symboltoken: 578975
    229. exchange: MCX, tradingsymbol: GOLDM25SEP26172000CE, symboltoken: 578876
    230. exchange: MCX, tradingsymbol: GOLDM25SEP26172000PE, symboltoken: 578976
    231. exchange: MCX, tradingsymbol: GOLDM25SEP26172500CE, symboltoken: 578877
    232. exchange: MCX, tradingsymbol: GOLDM25SEP26172500PE, symboltoken: 578977
    233. exchange: MCX, tradingsymbol: GOLDM25SEP26173000CE, symboltoken: 578878
    234. exchange: MCX, tradingsymbol: GOLDM25SEP26173000PE, symboltoken: 578978
    235. exchange: MCX, tradingsymbol: GOLDM25SEP26173500CE, symboltoken: 578879
    236. exchange: MCX, tradingsymbol: GOLDM25SEP26173500PE, symboltoken: 578979
    237. exchange: MCX, tradingsymbol: GOLDM25SEP26174000CE, symboltoken: 578880
    238. exchange: MCX, tradingsymbol: GOLDM25SEP26174000PE, symboltoken: 578980
    239. exchange: MCX, tradingsymbol: GOLDM25SEP26174500CE, symboltoken: 578881
    240. exchange: MCX, tradingsymbol: GOLDM25SEP26174500PE, symboltoken: 578981
    241. exchange: MCX, tradingsymbol: GOLDM25SEP26175000CE, symboltoken: 578882
    242. exchange: MCX, tradingsymbol: GOLDM25SEP26175000PE, symboltoken: 578982
    243. exchange: MCX, tradingsymbol: GOLDM25SEP26175500CE, symboltoken: 578883
    244. exchange: MCX, tradingsymbol: GOLDM25SEP26175500PE, symboltoken: 578983
    245. exchange: MCX, tradingsymbol: GOLDM25SEP26176000CE, symboltoken: 582139
    246. exchange: MCX, tradingsymbol: GOLDM25SEP26176000PE, symboltoken: 582147
    247. exchange: MCX, tradingsymbol: GOLDM25SEP26176500CE, symboltoken: 582140
    248. exchange: MCX, tradingsymbol: GOLDM25SEP26176500PE, symboltoken: 582148
    249. exchange: MCX, tradingsymbol: GOLDM25SEP26177000CE, symboltoken: 582225
    250. exchange: MCX, tradingsymbol: GOLDM25SEP26177000PE, symboltoken: 582231
    251. exchange: MCX, tradingsymbol: GOLDM25SEP26177500CE, symboltoken: 582226
    252. exchange: MCX, tradingsymbol: GOLDM25SEP26177500PE, symboltoken: 582232
    253. exchange: MCX, tradingsymbol: GOLDM25SEP26178000CE, symboltoken: 582227
    254. exchange: MCX, tradingsymbol: GOLDM25SEP26178000PE, symboltoken: 582233
    255. exchange: MCX, tradingsymbol: GOLDM25SEP26178500CE, symboltoken: 582305
    256. exchange: MCX, tradingsymbol: GOLDM25SEP26178500PE, symboltoken: 582307
    257. exchange: MCX, tradingsymbol: GOLDM25SEP26179000CE, symboltoken: 582317
    258. exchange: MCX, tradingsymbol: GOLDM25SEP26179000PE, symboltoken: 582323
    259. exchange: MCX, tradingsymbol: GOLDM25SEP26179500CE, symboltoken: 582318
    260. exchange: MCX, tradingsymbol: GOLDM25SEP26179500PE, symboltoken: 582324
    261. exchange: MCX, tradingsymbol: GOLDM25SEP26180000CE, symboltoken: 582319
    262. exchange: MCX, tradingsymbol: GOLDM25SEP26180000PE, symboltoken: 582325
    263. exchange: MCX, tradingsymbol: GOLDM28AUG26116000CE, symboltoken: 580158
    264. exchange: MCX, tradingsymbol: GOLDM28AUG26116000PE, symboltoken: 580162
    265. exchange: MCX, tradingsymbol: GOLDM28AUG26116500CE, symboltoken: 579241
    266. exchange: MCX, tradingsymbol: GOLDM28AUG26116500PE, symboltoken: 579252
    267. exchange: MCX, tradingsymbol: GOLDM28AUG26117000CE, symboltoken: 579240
    268. exchange: MCX, tradingsymbol: GOLDM28AUG26117000PE, symboltoken: 579251
    269. exchange: MCX, tradingsymbol: GOLDM28AUG26117500CE, symboltoken: 579239
    270. exchange: MCX, tradingsymbol: GOLDM28AUG26117500PE, symboltoken: 579250
    271. exchange: MCX, tradingsymbol: GOLDM28AUG26118000CE, symboltoken: 577377
    272. exchange: MCX, tradingsymbol: GOLDM28AUG26118000PE, symboltoken: 577408
    273. exchange: MCX, tradingsymbol: GOLDM28AUG26118500CE, symboltoken: 577376
    274. exchange: MCX, tradingsymbol: GOLDM28AUG26118500PE, symboltoken: 577407
    275. exchange: MCX, tradingsymbol: GOLDM28AUG26119000CE, symboltoken: 577375
    276. exchange: MCX, tradingsymbol: GOLDM28AUG26119000PE, symboltoken: 577406
    277. exchange: MCX, tradingsymbol: GOLDM28AUG26119500CE, symboltoken: 577374
    278. exchange: MCX, tradingsymbol: GOLDM28AUG26119500PE, symboltoken: 577405
    279. exchange: MCX, tradingsymbol: GOLDM28AUG26120000CE, symboltoken: 577373
    280. exchange: MCX, tradingsymbol: GOLDM28AUG26120000PE, symboltoken: 577404
    281. exchange: MCX, tradingsymbol: GOLDM28AUG26120500CE, symboltoken: 577372
    282. exchange: MCX, tradingsymbol: GOLDM28AUG26120500PE, symboltoken: 577403
    283. exchange: MCX, tradingsymbol: GOLDM28AUG26121000CE, symboltoken: 577371
    284. exchange: MCX, tradingsymbol: GOLDM28AUG26121000PE, symboltoken: 577402
    285. exchange: MCX, tradingsymbol: GOLDM28AUG26121500CE, symboltoken: 577370
    286. exchange: MCX, tradingsymbol: GOLDM28AUG26121500PE, symboltoken: 577401
    287. exchange: MCX, tradingsymbol: GOLDM28AUG26122000CE, symboltoken: 577369
    288. exchange: MCX, tradingsymbol: GOLDM28AUG26122000PE, symboltoken: 577400
    289. exchange: MCX, tradingsymbol: GOLDM28AUG26122500CE, symboltoken: 577368
    290. exchange: MCX, tradingsymbol: GOLDM28AUG26122500PE, symboltoken: 577399
    291. exchange: MCX, tradingsymbol: GOLDM28AUG26123000CE, symboltoken: 577367
    292. exchange: MCX, tradingsymbol: GOLDM28AUG26123000PE, symboltoken: 577398
    293. exchange: MCX, tradingsymbol: GOLDM28AUG26123500CE, symboltoken: 576957
    294. exchange: MCX, tradingsymbol: GOLDM28AUG26123500PE, symboltoken: 576960
    295. exchange: MCX, tradingsymbol: GOLDM28AUG26124000CE, symboltoken: 576901
    296. exchange: MCX, tradingsymbol: GOLDM28AUG26124000PE, symboltoken: 576908
    297. exchange: MCX, tradingsymbol: GOLDM28AUG26124500CE, symboltoken: 576900
    298. exchange: MCX, tradingsymbol: GOLDM28AUG26124500PE, symboltoken: 576907
    299. exchange: MCX, tradingsymbol: GOLDM28AUG26125000CE, symboltoken: 575569
    300. exchange: MCX, tradingsymbol: GOLDM28AUG26125000PE, symboltoken: 575595
    301. exchange: MCX, tradingsymbol: GOLDM28AUG26125500CE, symboltoken: 575568
    302. exchange: MCX, tradingsymbol: GOLDM28AUG26125500PE, symboltoken: 575594
    303. exchange: MCX, tradingsymbol: GOLDM28AUG26126000CE, symboltoken: 575567
    304. exchange: MCX, tradingsymbol: GOLDM28AUG26126000PE, symboltoken: 575593
    305. exchange: MCX, tradingsymbol: GOLDM28AUG26126500CE, symboltoken: 575566
    306. exchange: MCX, tradingsymbol: GOLDM28AUG26126500PE, symboltoken: 575592
    307. exchange: MCX, tradingsymbol: GOLDM28AUG26127000CE, symboltoken: 575565
    308. exchange: MCX, tradingsymbol: GOLDM28AUG26127000PE, symboltoken: 575591
    309. exchange: MCX, tradingsymbol: GOLDM28AUG26127500CE, symboltoken: 575564
    310. exchange: MCX, tradingsymbol: GOLDM28AUG26127500PE, symboltoken: 575590
    311. exchange: MCX, tradingsymbol: GOLDM28AUG26128000CE, symboltoken: 575563
    312. exchange: MCX, tradingsymbol: GOLDM28AUG26128000PE, symboltoken: 575589
    313. exchange: MCX, tradingsymbol: GOLDM28AUG26128500CE, symboltoken: 575562
    314. exchange: MCX, tradingsymbol: GOLDM28AUG26128500PE, symboltoken: 575588
    315. exchange: MCX, tradingsymbol: GOLDM28AUG26129000CE, symboltoken: 575561
    316. exchange: MCX, tradingsymbol: GOLDM28AUG26129000PE, symboltoken: 575587
    317. exchange: MCX, tradingsymbol: GOLDM28AUG26129500CE, symboltoken: 575408
    318. exchange: MCX, tradingsymbol: GOLDM28AUG26129500PE, symboltoken: 575413
    319. exchange: MCX, tradingsymbol: GOLDM28AUG26130000CE, symboltoken: 575407
    320. exchange: MCX, tradingsymbol: GOLDM28AUG26130000PE, symboltoken: 575412
    321. exchange: MCX, tradingsymbol: GOLDM28AUG26130500CE, symboltoken: 575406
    322. exchange: MCX, tradingsymbol: GOLDM28AUG26130500PE, symboltoken: 575411
    323. exchange: MCX, tradingsymbol: GOLDM28AUG26131000CE, symboltoken: 575405
    324. exchange: MCX, tradingsymbol: GOLDM28AUG26131000PE, symboltoken: 575410
    325. exchange: MCX, tradingsymbol: GOLDM28AUG26131500CE, symboltoken: 575360
    326. exchange: MCX, tradingsymbol: GOLDM28AUG26131500PE, symboltoken: 575361
    327. exchange: MCX, tradingsymbol: GOLDM28AUG26132000CE, symboltoken: 575066
    328. exchange: MCX, tradingsymbol: GOLDM28AUG26132000PE, symboltoken: 575166
    329. exchange: MCX, tradingsymbol: GOLDM28AUG26132500CE, symboltoken: 575065
    330. exchange: MCX, tradingsymbol: GOLDM28AUG26132500PE, symboltoken: 575165
    331. exchange: MCX, tradingsymbol: GOLDM28AUG26133000CE, symboltoken: 575064
    332. exchange: MCX, tradingsymbol: GOLDM28AUG26133000PE, symboltoken: 575164
    333. exchange: MCX, tradingsymbol: GOLDM28AUG26133500CE, symboltoken: 575063
    334. exchange: MCX, tradingsymbol: GOLDM28AUG26133500PE, symboltoken: 575163
    335. exchange: MCX, tradingsymbol: GOLDM28AUG26134000CE, symboltoken: 575062
    336. exchange: MCX, tradingsymbol: GOLDM28AUG26134000PE, symboltoken: 575162
    337. exchange: MCX, tradingsymbol: GOLDM28AUG26134500CE, symboltoken: 575061
    338. exchange: MCX, tradingsymbol: GOLDM28AUG26134500PE, symboltoken: 575161
    339. exchange: MCX, tradingsymbol: GOLDM28AUG26135000CE, symboltoken: 575060
    340. exchange: MCX, tradingsymbol: GOLDM28AUG26135000PE, symboltoken: 575160
    341. exchange: MCX, tradingsymbol: GOLDM28AUG26135500CE, symboltoken: 575059
    342. exchange: MCX, tradingsymbol: GOLDM28AUG26135500PE, symboltoken: 575159
    343. exchange: MCX, tradingsymbol: GOLDM28AUG26136000CE, symboltoken: 575058
    344. exchange: MCX, tradingsymbol: GOLDM28AUG26136000PE, symboltoken: 575158
    345. exchange: MCX, tradingsymbol: GOLDM28AUG26136500CE, symboltoken: 575057
    346. exchange: MCX, tradingsymbol: GOLDM28AUG26136500PE, symboltoken: 575157
    347. exchange: MCX, tradingsymbol: GOLDM28AUG26137000CE, symboltoken: 575056
    348. exchange: MCX, tradingsymbol: GOLDM28AUG26137000PE, symboltoken: 575156
    349. exchange: MCX, tradingsymbol: GOLDM28AUG26137500CE, symboltoken: 575055
    350. exchange: MCX, tradingsymbol: GOLDM28AUG26137500PE, symboltoken: 575155
    351. exchange: MCX, tradingsymbol: GOLDM28AUG26138000CE, symboltoken: 575054
    352. exchange: MCX, tradingsymbol: GOLDM28AUG26138000PE, symboltoken: 575154
    353. exchange: MCX, tradingsymbol: GOLDM28AUG26138500CE, symboltoken: 575053
    354. exchange: MCX, tradingsymbol: GOLDM28AUG26138500PE, symboltoken: 575153
    355. exchange: MCX, tradingsymbol: GOLDM28AUG26139000CE, symboltoken: 575052
    356. exchange: MCX, tradingsymbol: GOLDM28AUG26139000PE, symboltoken: 575152
    357. exchange: MCX, tradingsymbol: GOLDM28AUG26139500CE, symboltoken: 575051
    358. exchange: MCX, tradingsymbol: GOLDM28AUG26139500PE, symboltoken: 575151
    359. exchange: MCX, tradingsymbol: GOLDM28AUG26140000CE, symboltoken: 575050
    360. exchange: MCX, tradingsymbol: GOLDM28AUG26140000PE, symboltoken: 575150
    361. exchange: MCX, tradingsymbol: GOLDM28AUG26140500CE, symboltoken: 575049
    362. exchange: MCX, tradingsymbol: GOLDM28AUG26140500PE, symboltoken: 575149
    363. exchange: MCX, tradingsymbol: GOLDM28AUG26141000CE, symboltoken: 575048
    364. exchange: MCX, tradingsymbol: GOLDM28AUG26141000PE, symboltoken: 575148
    365. exchange: MCX, tradingsymbol: GOLDM28AUG26141500CE, symboltoken: 575047
    366. exchange: MCX, tradingsymbol: GOLDM28AUG26141500PE, symboltoken: 575147
    367. exchange: MCX, tradingsymbol: GOLDM28AUG26142000CE, symboltoken: 575046
    368. exchange: MCX, tradingsymbol: GOLDM28AUG26142000PE, symboltoken: 575146
    369. exchange: MCX, tradingsymbol: GOLDM28AUG26142500CE, symboltoken: 575045
    370. exchange: MCX, tradingsymbol: GOLDM28AUG26142500PE, symboltoken: 575145
    371. exchange: MCX, tradingsymbol: GOLDM28AUG26143000CE, symboltoken: 575044
    372. exchange: MCX, tradingsymbol: GOLDM28AUG26143000PE, symboltoken: 575144
    373. exchange: MCX, tradingsymbol: GOLDM28AUG26143500CE, symboltoken: 575043
    374. exchange: MCX, tradingsymbol: GOLDM28AUG26143500PE, symboltoken: 575143
    375. exchange: MCX, tradingsymbol: GOLDM28AUG26144000CE, symboltoken: 575042
    376. exchange: MCX, tradingsymbol: GOLDM28AUG26144000PE, symboltoken: 575142
    377. exchange: MCX, tradingsymbol: GOLDM28AUG26144500CE, symboltoken: 575041
    378. exchange: MCX, tradingsymbol: GOLDM28AUG26144500PE, symboltoken: 575141
    379. exchange: MCX, tradingsymbol: GOLDM28AUG26145000CE, symboltoken: 575040
    380. exchange: MCX, tradingsymbol: GOLDM28AUG26145000PE, symboltoken: 575140
    381. exchange: MCX, tradingsymbol: GOLDM28AUG26145500CE, symboltoken: 575039
    382. exchange: MCX, tradingsymbol: GOLDM28AUG26145500PE, symboltoken: 575139
    383. exchange: MCX, tradingsymbol: GOLDM28AUG26146000CE, symboltoken: 575038
    384. exchange: MCX, tradingsymbol: GOLDM28AUG26146000PE, symboltoken: 575138
    385. exchange: MCX, tradingsymbol: GOLDM28AUG26146500CE, symboltoken: 575037
    386. exchange: MCX, tradingsymbol: GOLDM28AUG26146500PE, symboltoken: 575137
    387. exchange: MCX, tradingsymbol: GOLDM28AUG26147000CE, symboltoken: 575036
    388. exchange: MCX, tradingsymbol: GOLDM28AUG26147000PE, symboltoken: 575136
    389. exchange: MCX, tradingsymbol: GOLDM28AUG26147500CE, symboltoken: 575035
    390. exchange: MCX, tradingsymbol: GOLDM28AUG26147500PE, symboltoken: 575135
    391. exchange: MCX, tradingsymbol: GOLDM28AUG26148000CE, symboltoken: 575034
    392. exchange: MCX, tradingsymbol: GOLDM28AUG26148000PE, symboltoken: 575134
    393. exchange: MCX, tradingsymbol: GOLDM28AUG26148500CE, symboltoken: 575033
    394. exchange: MCX, tradingsymbol: GOLDM28AUG26148500PE, symboltoken: 575133
    395. exchange: MCX, tradingsymbol: GOLDM28AUG26149000CE, symboltoken: 575032
    396. exchange: MCX, tradingsymbol: GOLDM28AUG26149000PE, symboltoken: 575132
    397. exchange: MCX, tradingsymbol: GOLDM28AUG26149500CE, symboltoken: 575031
    398. exchange: MCX, tradingsymbol: GOLDM28AUG26149500PE, symboltoken: 575131
    399. exchange: MCX, tradingsymbol: GOLDM28AUG26150000CE, symboltoken: 575030
    400. exchange: MCX, tradingsymbol: GOLDM28AUG26150000PE, symboltoken: 575130
    401. exchange: MCX, tradingsymbol: GOLDM28AUG26150500CE, symboltoken: 575029
    402. exchange: MCX, tradingsymbol: GOLDM28AUG26150500PE, symboltoken: 575129
    403. exchange: MCX, tradingsymbol: GOLDM28AUG26151000CE, symboltoken: 575028
    404. exchange: MCX, tradingsymbol: GOLDM28AUG26151000PE, symboltoken: 575128
    405. exchange: MCX, tradingsymbol: GOLDM28AUG26151500CE, symboltoken: 575027
    406. exchange: MCX, tradingsymbol: GOLDM28AUG26151500PE, symboltoken: 575127
    407. exchange: MCX, tradingsymbol: GOLDM28AUG26152000CE, symboltoken: 575026
    408. exchange: MCX, tradingsymbol: GOLDM28AUG26152000PE, symboltoken: 575126
    409. exchange: MCX, tradingsymbol: GOLDM28AUG26152500CE, symboltoken: 575025
    410. exchange: MCX, tradingsymbol: GOLDM28AUG26152500PE, symboltoken: 575125
    411. exchange: MCX, tradingsymbol: GOLDM28AUG26153000CE, symboltoken: 575024
    412. exchange: MCX, tradingsymbol: GOLDM28AUG26153000PE, symboltoken: 575124
    413. exchange: MCX, tradingsymbol: GOLDM28AUG26153500CE, symboltoken: 575023
    414. exchange: MCX, tradingsymbol: GOLDM28AUG26153500PE, symboltoken: 575123
    415. exchange: MCX, tradingsymbol: GOLDM28AUG26154000CE, symboltoken: 575022
    416. exchange: MCX, tradingsymbol: GOLDM28AUG26154000PE, symboltoken: 575122
    417. exchange: MCX, tradingsymbol: GOLDM28AUG26154500CE, symboltoken: 575021
    418. exchange: MCX, tradingsymbol: GOLDM28AUG26154500PE, symboltoken: 575121
    419. exchange: MCX, tradingsymbol: GOLDM28AUG26155000CE, symboltoken: 575020
    420. exchange: MCX, tradingsymbol: GOLDM28AUG26155000PE, symboltoken: 575120
    421. exchange: MCX, tradingsymbol: GOLDM28AUG26155500CE, symboltoken: 575019
    422. exchange: MCX, tradingsymbol: GOLDM28AUG26155500PE, symboltoken: 575119
    423. exchange: MCX, tradingsymbol: GOLDM28AUG26156000CE, symboltoken: 575018
    424. exchange: MCX, tradingsymbol: GOLDM28AUG26156000PE, symboltoken: 575118
    425. exchange: MCX, tradingsymbol: GOLDM28AUG26156500CE, symboltoken: 575012
    426. exchange: MCX, tradingsymbol: GOLDM28AUG26156500PE, symboltoken: 575013
    427. exchange: MCX, tradingsymbol: GOLDM28AUG26157000CE, symboltoken: 575067
    428. exchange: MCX, tradingsymbol: GOLDM28AUG26157000PE, symboltoken: 575167
    429. exchange: MCX, tradingsymbol: GOLDM28AUG26157500CE, symboltoken: 575068
    430. exchange: MCX, tradingsymbol: GOLDM28AUG26157500PE, symboltoken: 575168
    431. exchange: MCX, tradingsymbol: GOLDM28AUG26158000CE, symboltoken: 575069
    432. exchange: MCX, tradingsymbol: GOLDM28AUG26158000PE, symboltoken: 575169
    433. exchange: MCX, tradingsymbol: GOLDM28AUG26158500CE, symboltoken: 575070
    434. exchange: MCX, tradingsymbol: GOLDM28AUG26158500PE, symboltoken: 575170
    435. exchange: MCX, tradingsymbol: GOLDM28AUG26159000CE, symboltoken: 575071
    436. exchange: MCX, tradingsymbol: GOLDM28AUG26159000PE, symboltoken: 575171
    437. exchange: MCX, tradingsymbol: GOLDM28AUG26159500CE, symboltoken: 575072
    438. exchange: MCX, tradingsymbol: GOLDM28AUG26159500PE, symboltoken: 575172
    439. exchange: MCX, tradingsymbol: GOLDM28AUG26160000CE, symboltoken: 575073
    440. exchange: MCX, tradingsymbol: GOLDM28AUG26160000PE, symboltoken: 575173
    441. exchange: MCX, tradingsymbol: GOLDM28AUG26160500CE, symboltoken: 575074
    442. exchange: MCX, tradingsymbol: GOLDM28AUG26160500PE, symboltoken: 575174
    443. exchange: MCX, tradingsymbol: GOLDM28AUG26161000CE, symboltoken: 575075
    444. exchange: MCX, tradingsymbol: GOLDM28AUG26161000PE, symboltoken: 575175
    445. exchange: MCX, tradingsymbol: GOLDM28AUG26161500CE, symboltoken: 575076
    446. exchange: MCX, tradingsymbol: GOLDM28AUG26161500PE, symboltoken: 575176
    447. exchange: MCX, tradingsymbol: GOLDM28AUG26162000CE, symboltoken: 575077
    448. exchange: MCX, tradingsymbol: GOLDM28AUG26162000PE, symboltoken: 575177
    449. exchange: MCX, tradingsymbol: GOLDM28AUG26162500CE, symboltoken: 575078
    450. exchange: MCX, tradingsymbol: GOLDM28AUG26162500PE, symboltoken: 575178
    451. exchange: MCX, tradingsymbol: GOLDM28AUG26163000CE, symboltoken: 575079
    452. exchange: MCX, tradingsymbol: GOLDM28AUG26163000PE, symboltoken: 575179
    453. exchange: MCX, tradingsymbol: GOLDM28AUG26163500CE, symboltoken: 575080
    454. exchange: MCX, tradingsymbol: GOLDM28AUG26163500PE, symboltoken: 575180
    455. exchange: MCX, tradingsymbol: GOLDM28AUG26164000CE, symboltoken: 575081
    456. exchange: MCX, tradingsymbol: GOLDM28AUG26164000PE, symboltoken: 575181
    457. exchange: MCX, tradingsymbol: GOLDM28AUG26164500CE, symboltoken: 575082
    458. exchange: MCX, tradingsymbol: GOLDM28AUG26164500PE, symboltoken: 575182
    459. exchange: MCX, tradingsymbol: GOLDM28AUG26165000CE, symboltoken: 575083
    460. exchange: MCX, tradingsymbol: GOLDM28AUG26165000PE, symboltoken: 575183
    461. exchange: MCX, tradingsymbol: GOLDM28AUG26165500CE, symboltoken: 575084
    462. exchange: MCX, tradingsymbol: GOLDM28AUG26165500PE, symboltoken: 575184
    463. exchange: MCX, tradingsymbol: GOLDM28AUG26166000CE, symboltoken: 575085
    464. exchange: MCX, tradingsymbol: GOLDM28AUG26166000PE, symboltoken: 575185
    465. exchange: MCX, tradingsymbol: GOLDM28AUG26166500CE, symboltoken: 575086
    466. exchange: MCX, tradingsymbol: GOLDM28AUG26166500PE, symboltoken: 575186
    467. exchange: MCX, tradingsymbol: GOLDM28AUG26167000CE, symboltoken: 575087
    468. exchange: MCX, tradingsymbol: GOLDM28AUG26167000PE, symboltoken: 575187
    469. exchange: MCX, tradingsymbol: GOLDM28AUG26167500CE, symboltoken: 575088
    470. exchange: MCX, tradingsymbol: GOLDM28AUG26167500PE, symboltoken: 575188
    471. exchange: MCX, tradingsymbol: GOLDM28AUG26168000CE, symboltoken: 575089
    472. exchange: MCX, tradingsymbol: GOLDM28AUG26168000PE, symboltoken: 575189
    473. exchange: MCX, tradingsymbol: GOLDM28AUG26168500CE, symboltoken: 575090
    474. exchange: MCX, tradingsymbol: GOLDM28AUG26168500PE, symboltoken: 575190
    475. exchange: MCX, tradingsymbol: GOLDM28AUG26169000CE, symboltoken: 575091
    476. exchange: MCX, tradingsymbol: GOLDM28AUG26169000PE, symboltoken: 575191
    477. exchange: MCX, tradingsymbol: GOLDM28AUG26169500CE, symboltoken: 575092
    478. exchange: MCX, tradingsymbol: GOLDM28AUG26169500PE, symboltoken: 575192
    479. exchange: MCX, tradingsymbol: GOLDM28AUG26170000CE, symboltoken: 575093
    480. exchange: MCX, tradingsymbol: GOLDM28AUG26170000PE, symboltoken: 575193
    481. exchange: MCX, tradingsymbol: GOLDM28AUG26170500CE, symboltoken: 575094
    482. exchange: MCX, tradingsymbol: GOLDM28AUG26170500PE, symboltoken: 575194
    483. exchange: MCX, tradingsymbol: GOLDM28AUG26171000CE, symboltoken: 575095
    484. exchange: MCX, tradingsymbol: GOLDM28AUG26171000PE, symboltoken: 575195
    485. exchange: MCX, tradingsymbol: GOLDM28AUG26171500CE, symboltoken: 575096
    486. exchange: MCX, tradingsymbol: GOLDM28AUG26171500PE, symboltoken: 575196
    487. exchange: MCX, tradingsymbol: GOLDM28AUG26172000CE, symboltoken: 575097
    488. exchange: MCX, tradingsymbol: GOLDM28AUG26172000PE, symboltoken: 575197
    489. exchange: MCX, tradingsymbol: GOLDM28AUG26172500CE, symboltoken: 575098
    490. exchange: MCX, tradingsymbol: GOLDM28AUG26172500PE, symboltoken: 575198
    491. exchange: MCX, tradingsymbol: GOLDM28AUG26173000CE, symboltoken: 575099
    492. exchange: MCX, tradingsymbol: GOLDM28AUG26173000PE, symboltoken: 575199
    493. exchange: MCX, tradingsymbol: GOLDM28AUG26173500CE, symboltoken: 575100
    494. exchange: MCX, tradingsymbol: GOLDM28AUG26173500PE, symboltoken: 575200
    495. exchange: MCX, tradingsymbol: GOLDM28AUG26174000CE, symboltoken: 575101
    496. exchange: MCX, tradingsymbol: GOLDM28AUG26174000PE, symboltoken: 575201
    497. exchange: MCX, tradingsymbol: GOLDM28AUG26174500CE, symboltoken: 575102
    498. exchange: MCX, tradingsymbol: GOLDM28AUG26174500PE, symboltoken: 575202
    499. exchange: MCX, tradingsymbol: GOLDM28AUG26175000CE, symboltoken: 575103
    500. exchange: MCX, tradingsymbol: GOLDM28AUG26175000PE, symboltoken: 575203
    501. exchange: MCX, tradingsymbol: GOLDM28AUG26175500CE, symboltoken: 575104
    502. exchange: MCX, tradingsymbol: GOLDM28AUG26175500PE, symboltoken: 575204
    503. exchange: MCX, tradingsymbol: GOLDM28AUG26176000CE, symboltoken: 575105
    504. exchange: MCX, tradingsymbol: GOLDM28AUG26176000PE, symboltoken: 575205
    505. exchange: MCX, tradingsymbol: GOLDM28AUG26176500CE, symboltoken: 575106
    506. exchange: MCX, tradingsymbol: GOLDM28AUG26176500PE, symboltoken: 575206
    507. exchange: MCX, tradingsymbol: GOLDM28AUG26177000CE, symboltoken: 575107
    508. exchange: MCX, tradingsymbol: GOLDM28AUG26177000PE, symboltoken: 575207
    509. exchange: MCX, tradingsymbol: GOLDM28AUG26177500CE, symboltoken: 575108
    510. exchange: MCX, tradingsymbol: GOLDM28AUG26177500PE, symboltoken: 575208
    511. exchange: MCX, tradingsymbol: GOLDM28AUG26178000CE, symboltoken: 575109
    512. exchange: MCX, tradingsymbol: GOLDM28AUG26178000PE, symboltoken: 575209
    513. exchange: MCX, tradingsymbol: GOLDM28AUG26178500CE, symboltoken: 575110
    514. exchange: MCX, tradingsymbol: GOLDM28AUG26178500PE, symboltoken: 575210
    515. exchange: MCX, tradingsymbol: GOLDM28AUG26179000CE, symboltoken: 575111
    516. exchange: MCX, tradingsymbol: GOLDM28AUG26179000PE, symboltoken: 575211
    517. exchange: MCX, tradingsymbol: GOLDM28AUG26179500CE, symboltoken: 575112
    518. exchange: MCX, tradingsymbol: GOLDM28AUG26179500PE, symboltoken: 575212
    519. exchange: MCX, tradingsymbol: GOLDM28AUG26180000CE, symboltoken: 575113
    520. exchange: MCX, tradingsymbol: GOLDM28AUG26180000PE, symboltoken: 575213
    521. exchange: MCX, tradingsymbol: GOLDM28AUG26180500CE, symboltoken: 575114
    522. exchange: MCX, tradingsymbol: GOLDM28AUG26180500PE, symboltoken: 575214
    523. exchange: MCX, tradingsymbol: GOLDM28AUG26181000CE, symboltoken: 575115
    524. exchange: MCX, tradingsymbol: GOLDM28AUG26181000PE, symboltoken: 575215
    525. exchange: MCX, tradingsymbol: GOLDM28AUG26181500CE, symboltoken: 575116
    526. exchange: MCX, tradingsymbol: GOLDM28AUG26181500PE, symboltoken: 575216
    527. exchange: MCX, tradingsymbol: GOLDM28AUG26182000CE, symboltoken: 575117
    528. exchange: MCX, tradingsymbol: GOLDM28AUG26182000PE, symboltoken: 575217
    529. exchange: MCX, tradingsymbol: GOLDM29OCT26124000CE, symboltoken: 581936
    530. exchange: MCX, tradingsymbol: GOLDM29OCT26124000PE, symboltoken: 582036
    531. exchange: MCX, tradingsymbol: GOLDM29OCT26124500CE, symboltoken: 581935
    532. exchange: MCX, tradingsymbol: GOLDM29OCT26124500PE, symboltoken: 582035
    533. exchange: MCX, tradingsymbol: GOLDM29OCT26125000CE, symboltoken: 581934
    534. exchange: MCX, tradingsymbol: GOLDM29OCT26125000PE, symboltoken: 582034
    535. exchange: MCX, tradingsymbol: GOLDM29OCT26125500CE, symboltoken: 581933
    536. exchange: MCX, tradingsymbol: GOLDM29OCT26125500PE, symboltoken: 582033
    537. exchange: MCX, tradingsymbol: GOLDM29OCT26126000CE, symboltoken: 581932
    538. exchange: MCX, tradingsymbol: GOLDM29OCT26126000PE, symboltoken: 582032
    539. exchange: MCX, tradingsymbol: GOLDM29OCT26126500CE, symboltoken: 581931
    540. exchange: MCX, tradingsymbol: GOLDM29OCT26126500PE, symboltoken: 582031
    541. exchange: MCX, tradingsymbol: GOLDM29OCT26127000CE, symboltoken: 581930
    542. exchange: MCX, tradingsymbol: GOLDM29OCT26127000PE, symboltoken: 582030
    543. exchange: MCX, tradingsymbol: GOLDM29OCT26127500CE, symboltoken: 581929
    544. exchange: MCX, tradingsymbol: GOLDM29OCT26127500PE, symboltoken: 582029
    545. exchange: MCX, tradingsymbol: GOLDM29OCT26128000CE, symboltoken: 581928
    546. exchange: MCX, tradingsymbol: GOLDM29OCT26128000PE, symboltoken: 582028
    547. exchange: MCX, tradingsymbol: GOLDM29OCT26128500CE, symboltoken: 581927
    548. exchange: MCX, tradingsymbol: GOLDM29OCT26128500PE, symboltoken: 582027
    549. exchange: MCX, tradingsymbol: GOLDM29OCT26129000CE, symboltoken: 581926
    550. exchange: MCX, tradingsymbol: GOLDM29OCT26129000PE, symboltoken: 582026
    551. exchange: MCX, tradingsymbol: GOLDM29OCT26129500CE, symboltoken: 581925
    552. exchange: MCX, tradingsymbol: GOLDM29OCT26129500PE, symboltoken: 582025
    553. exchange: MCX, tradingsymbol: GOLDM29OCT26130000CE, symboltoken: 581924
    554. exchange: MCX, tradingsymbol: GOLDM29OCT26130000PE, symboltoken: 582024
    555. exchange: MCX, tradingsymbol: GOLDM29OCT26130500CE, symboltoken: 581923
    556. exchange: MCX, tradingsymbol: GOLDM29OCT26130500PE, symboltoken: 582023
    557. exchange: MCX, tradingsymbol: GOLDM29OCT26131000CE, symboltoken: 581922
    558. exchange: MCX, tradingsymbol: GOLDM29OCT26131000PE, symboltoken: 582022
    559. exchange: MCX, tradingsymbol: GOLDM29OCT26131500CE, symboltoken: 581921
    560. exchange: MCX, tradingsymbol: GOLDM29OCT26131500PE, symboltoken: 582021
    561. exchange: MCX, tradingsymbol: GOLDM29OCT26132000CE, symboltoken: 581920
    562. exchange: MCX, tradingsymbol: GOLDM29OCT26132000PE, symboltoken: 582020
    563. exchange: MCX, tradingsymbol: GOLDM29OCT26132500CE, symboltoken: 581919
    564. exchange: MCX, tradingsymbol: GOLDM29OCT26132500PE, symboltoken: 582019
    565. exchange: MCX, tradingsymbol: GOLDM29OCT26133000CE, symboltoken: 581918
    566. exchange: MCX, tradingsymbol: GOLDM29OCT26133000PE, symboltoken: 582018
    567. exchange: MCX, tradingsymbol: GOLDM29OCT26133500CE, symboltoken: 581917
    568. exchange: MCX, tradingsymbol: GOLDM29OCT26133500PE, symboltoken: 582017
    569. exchange: MCX, tradingsymbol: GOLDM29OCT26134000CE, symboltoken: 581916
    570. exchange: MCX, tradingsymbol: GOLDM29OCT26134000PE, symboltoken: 582016
    571. exchange: MCX, tradingsymbol: GOLDM29OCT26134500CE, symboltoken: 581915
    572. exchange: MCX, tradingsymbol: GOLDM29OCT26134500PE, symboltoken: 582015
    573. exchange: MCX, tradingsymbol: GOLDM29OCT26135000CE, symboltoken: 581914
    574. exchange: MCX, tradingsymbol: GOLDM29OCT26135000PE, symboltoken: 582014
    575. exchange: MCX, tradingsymbol: GOLDM29OCT26135500CE, symboltoken: 581913
    576. exchange: MCX, tradingsymbol: GOLDM29OCT26135500PE, symboltoken: 582013
    577. exchange: MCX, tradingsymbol: GOLDM29OCT26136000CE, symboltoken: 581912
    578. exchange: MCX, tradingsymbol: GOLDM29OCT26136000PE, symboltoken: 582012
    579. exchange: MCX, tradingsymbol: GOLDM29OCT26136500CE, symboltoken: 581911
    580. exchange: MCX, tradingsymbol: GOLDM29OCT26136500PE, symboltoken: 582011
    581. exchange: MCX, tradingsymbol: GOLDM29OCT26137000CE, symboltoken: 581910
    582. exchange: MCX, tradingsymbol: GOLDM29OCT26137000PE, symboltoken: 582010
    583. exchange: MCX, tradingsymbol: GOLDM29OCT26137500CE, symboltoken: 581909
    584. exchange: MCX, tradingsymbol: GOLDM29OCT26137500PE, symboltoken: 582009
    585. exchange: MCX, tradingsymbol: GOLDM29OCT26138000CE, symboltoken: 581908
    586. exchange: MCX, tradingsymbol: GOLDM29OCT26138000PE, symboltoken: 582008
    587. exchange: MCX, tradingsymbol: GOLDM29OCT26138500CE, symboltoken: 581907
    588. exchange: MCX, tradingsymbol: GOLDM29OCT26138500PE, symboltoken: 582007
    589. exchange: MCX, tradingsymbol: GOLDM29OCT26139000CE, symboltoken: 581906
    590. exchange: MCX, tradingsymbol: GOLDM29OCT26139000PE, symboltoken: 582006
    591. exchange: MCX, tradingsymbol: GOLDM29OCT26139500CE, symboltoken: 581905
    592. exchange: MCX, tradingsymbol: GOLDM29OCT26139500PE, symboltoken: 582005
    593. exchange: MCX, tradingsymbol: GOLDM29OCT26140000CE, symboltoken: 581904
    594. exchange: MCX, tradingsymbol: GOLDM29OCT26140000PE, symboltoken: 582004
    595. exchange: MCX, tradingsymbol: GOLDM29OCT26140500CE, symboltoken: 581903
    596. exchange: MCX, tradingsymbol: GOLDM29OCT26140500PE, symboltoken: 582003
    597. exchange: MCX, tradingsymbol: GOLDM29OCT26141000CE, symboltoken: 581902
    598. exchange: MCX, tradingsymbol: GOLDM29OCT26141000PE, symboltoken: 582002
    599. exchange: MCX, tradingsymbol: GOLDM29OCT26141500CE, symboltoken: 581901
    600. exchange: MCX, tradingsymbol: GOLDM29OCT26141500PE, symboltoken: 582001
    601. exchange: MCX, tradingsymbol: GOLDM29OCT26142000CE, symboltoken: 581900
    602. exchange: MCX, tradingsymbol: GOLDM29OCT26142000PE, symboltoken: 582000
    603. exchange: MCX, tradingsymbol: GOLDM29OCT26142500CE, symboltoken: 581899
    604. exchange: MCX, tradingsymbol: GOLDM29OCT26142500PE, symboltoken: 581999
    605. exchange: MCX, tradingsymbol: GOLDM29OCT26143000CE, symboltoken: 581898
    606. exchange: MCX, tradingsymbol: GOLDM29OCT26143000PE, symboltoken: 581998
    607. exchange: MCX, tradingsymbol: GOLDM29OCT26143500CE, symboltoken: 581897
    608. exchange: MCX, tradingsymbol: GOLDM29OCT26143500PE, symboltoken: 581997
    609. exchange: MCX, tradingsymbol: GOLDM29OCT26144000CE, symboltoken: 581896
    610. exchange: MCX, tradingsymbol: GOLDM29OCT26144000PE, symboltoken: 581996
    611. exchange: MCX, tradingsymbol: GOLDM29OCT26144500CE, symboltoken: 581895
    612. exchange: MCX, tradingsymbol: GOLDM29OCT26144500PE, symboltoken: 581995
    613. exchange: MCX, tradingsymbol: GOLDM29OCT26145000CE, symboltoken: 581894
    614. exchange: MCX, tradingsymbol: GOLDM29OCT26145000PE, symboltoken: 581994
    615. exchange: MCX, tradingsymbol: GOLDM29OCT26145500CE, symboltoken: 581893
    616. exchange: MCX, tradingsymbol: GOLDM29OCT26145500PE, symboltoken: 581993
    617. exchange: MCX, tradingsymbol: GOLDM29OCT26146000CE, symboltoken: 581892
    618. exchange: MCX, tradingsymbol: GOLDM29OCT26146000PE, symboltoken: 581992
    619. exchange: MCX, tradingsymbol: GOLDM29OCT26146500CE, symboltoken: 581891
    620. exchange: MCX, tradingsymbol: GOLDM29OCT26146500PE, symboltoken: 581991
    621. exchange: MCX, tradingsymbol: GOLDM29OCT26147000CE, symboltoken: 581890
    622. exchange: MCX, tradingsymbol: GOLDM29OCT26147000PE, symboltoken: 581990
    623. exchange: MCX, tradingsymbol: GOLDM29OCT26147500CE, symboltoken: 581889
    624. exchange: MCX, tradingsymbol: GOLDM29OCT26147500PE, symboltoken: 581989
    625. exchange: MCX, tradingsymbol: GOLDM29OCT26148000CE, symboltoken: 581888
    626. exchange: MCX, tradingsymbol: GOLDM29OCT26148000PE, symboltoken: 581988
    627. exchange: MCX, tradingsymbol: GOLDM29OCT26148500CE, symboltoken: 581887
    628. exchange: MCX, tradingsymbol: GOLDM29OCT26148500PE, symboltoken: 581987
    629. exchange: MCX, tradingsymbol: GOLDM29OCT26149000CE, symboltoken: 581937
    630. exchange: MCX, tradingsymbol: GOLDM29OCT26149000PE, symboltoken: 582037
    631. exchange: MCX, tradingsymbol: GOLDM29OCT26149500CE, symboltoken: 581881
    632. exchange: MCX, tradingsymbol: GOLDM29OCT26149500PE, symboltoken: 581882
    633. exchange: MCX, tradingsymbol: GOLDM29OCT26150000CE, symboltoken: 581938
    634. exchange: MCX, tradingsymbol: GOLDM29OCT26150000PE, symboltoken: 582038
    635. exchange: MCX, tradingsymbol: GOLDM29OCT26150500CE, symboltoken: 581939
    636. exchange: MCX, tradingsymbol: GOLDM29OCT26150500PE, symboltoken: 582039
    637. exchange: MCX, tradingsymbol: GOLDM29OCT26151000CE, symboltoken: 581940
    638. exchange: MCX, tradingsymbol: GOLDM29OCT26151000PE, symboltoken: 582040
    639. exchange: MCX, tradingsymbol: GOLDM29OCT26151500CE, symboltoken: 581941
    640. exchange: MCX, tradingsymbol: GOLDM29OCT26151500PE, symboltoken: 582041
    641. exchange: MCX, tradingsymbol: GOLDM29OCT26152000CE, symboltoken: 581942
    642. exchange: MCX, tradingsymbol: GOLDM29OCT26152000PE, symboltoken: 582042
    643. exchange: MCX, tradingsymbol: GOLDM29OCT26152500CE, symboltoken: 581943
    644. exchange: MCX, tradingsymbol: GOLDM29OCT26152500PE, symboltoken: 582043
    645. exchange: MCX, tradingsymbol: GOLDM29OCT26153000CE, symboltoken: 581944
    646. exchange: MCX, tradingsymbol: GOLDM29OCT26153000PE, symboltoken: 582044
    647. exchange: MCX, tradingsymbol: GOLDM29OCT26153500CE, symboltoken: 581945
    648. exchange: MCX, tradingsymbol: GOLDM29OCT26153500PE, symboltoken: 582045
    649. exchange: MCX, tradingsymbol: GOLDM29OCT26154000CE, symboltoken: 581946
    650. exchange: MCX, tradingsymbol: GOLDM29OCT26154000PE, symboltoken: 582046
    651. exchange: MCX, tradingsymbol: GOLDM29OCT26154500CE, symboltoken: 581947
    652. exchange: MCX, tradingsymbol: GOLDM29OCT26154500PE, symboltoken: 582047
    653. exchange: MCX, tradingsymbol: GOLDM29OCT26155000CE, symboltoken: 581948
    654. exchange: MCX, tradingsymbol: GOLDM29OCT26155000PE, symboltoken: 582048
    655. exchange: MCX, tradingsymbol: GOLDM29OCT26155500CE, symboltoken: 581949
    656. exchange: MCX, tradingsymbol: GOLDM29OCT26155500PE, symboltoken: 582049
    657. exchange: MCX, tradingsymbol: GOLDM29OCT26156000CE, symboltoken: 581950
    658. exchange: MCX, tradingsymbol: GOLDM29OCT26156000PE, symboltoken: 582050
    659. exchange: MCX, tradingsymbol: GOLDM29OCT26156500CE, symboltoken: 581951
    660. exchange: MCX, tradingsymbol: GOLDM29OCT26156500PE, symboltoken: 582051
    661. exchange: MCX, tradingsymbol: GOLDM29OCT26157000CE, symboltoken: 581952
    662. exchange: MCX, tradingsymbol: GOLDM29OCT26157000PE, symboltoken: 582052
    663. exchange: MCX, tradingsymbol: GOLDM29OCT26157500CE, symboltoken: 581953
    664. exchange: MCX, tradingsymbol: GOLDM29OCT26157500PE, symboltoken: 582053
    665. exchange: MCX, tradingsymbol: GOLDM29OCT26158000CE, symboltoken: 581954
    666. exchange: MCX, tradingsymbol: GOLDM29OCT26158000PE, symboltoken: 582054
    667. exchange: MCX, tradingsymbol: GOLDM29OCT26158500CE, symboltoken: 581955
    668. exchange: MCX, tradingsymbol: GOLDM29OCT26158500PE, symboltoken: 582055
    669. exchange: MCX, tradingsymbol: GOLDM29OCT26159000CE, symboltoken: 581956
    670. exchange: MCX, tradingsymbol: GOLDM29OCT26159000PE, symboltoken: 582056
    671. exchange: MCX, tradingsymbol: GOLDM29OCT26159500CE, symboltoken: 581957
    672. exchange: MCX, tradingsymbol: GOLDM29OCT26159500PE, symboltoken: 582057
    673. exchange: MCX, tradingsymbol: GOLDM29OCT26160000CE, symboltoken: 581958
    674. exchange: MCX, tradingsymbol: GOLDM29OCT26160000PE, symboltoken: 582058
    675. exchange: MCX, tradingsymbol: GOLDM29OCT26160500CE, symboltoken: 581959
    676. exchange: MCX, tradingsymbol: GOLDM29OCT26160500PE, symboltoken: 582059
    677. exchange: MCX, tradingsymbol: GOLDM29OCT26161000CE, symboltoken: 581960
    678. exchange: MCX, tradingsymbol: GOLDM29OCT26161000PE, symboltoken: 582060
    679. exchange: MCX, tradingsymbol: GOLDM29OCT26161500CE, symboltoken: 581961
    680. exchange: MCX, tradingsymbol: GOLDM29OCT26161500PE, symboltoken: 582061
    681. exchange: MCX, tradingsymbol: GOLDM29OCT26162000CE, symboltoken: 581962
    682. exchange: MCX, tradingsymbol: GOLDM29OCT26162000PE, symboltoken: 582062
    683. exchange: MCX, tradingsymbol: GOLDM29OCT26162500CE, symboltoken: 581963
    684. exchange: MCX, tradingsymbol: GOLDM29OCT26162500PE, symboltoken: 582063
    685. exchange: MCX, tradingsymbol: GOLDM29OCT26163000CE, symboltoken: 581964
    686. exchange: MCX, tradingsymbol: GOLDM29OCT26163000PE, symboltoken: 582064
    687. exchange: MCX, tradingsymbol: GOLDM29OCT26163500CE, symboltoken: 581965
    688. exchange: MCX, tradingsymbol: GOLDM29OCT26163500PE, symboltoken: 582065
    689. exchange: MCX, tradingsymbol: GOLDM29OCT26164000CE, symboltoken: 581966
    690. exchange: MCX, tradingsymbol: GOLDM29OCT26164000PE, symboltoken: 582066
    691. exchange: MCX, tradingsymbol: GOLDM29OCT26164500CE, symboltoken: 581967
    692. exchange: MCX, tradingsymbol: GOLDM29OCT26164500PE, symboltoken: 582067
    693. exchange: MCX, tradingsymbol: GOLDM29OCT26165000CE, symboltoken: 581968
    694. exchange: MCX, tradingsymbol: GOLDM29OCT26165000PE, symboltoken: 582068
    695. exchange: MCX, tradingsymbol: GOLDM29OCT26165500CE, symboltoken: 581969
    696. exchange: MCX, tradingsymbol: GOLDM29OCT26165500PE, symboltoken: 582069
    697. exchange: MCX, tradingsymbol: GOLDM29OCT26166000CE, symboltoken: 581970
    698. exchange: MCX, tradingsymbol: GOLDM29OCT26166000PE, symboltoken: 582070
    699. exchange: MCX, tradingsymbol: GOLDM29OCT26166500CE, symboltoken: 581971
    700. exchange: MCX, tradingsymbol: GOLDM29OCT26166500PE, symboltoken: 582071
    701. exchange: MCX, tradingsymbol: GOLDM29OCT26167000CE, symboltoken: 581972
    702. exchange: MCX, tradingsymbol: GOLDM29OCT26167000PE, symboltoken: 582072
    703. exchange: MCX, tradingsymbol: GOLDM29OCT26167500CE, symboltoken: 581973
    704. exchange: MCX, tradingsymbol: GOLDM29OCT26167500PE, symboltoken: 582073
    705. exchange: MCX, tradingsymbol: GOLDM29OCT26168000CE, symboltoken: 581974
    706. exchange: MCX, tradingsymbol: GOLDM29OCT26168000PE, symboltoken: 582074
    707. exchange: MCX, tradingsymbol: GOLDM29OCT26168500CE, symboltoken: 581975
    708. exchange: MCX, tradingsymbol: GOLDM29OCT26168500PE, symboltoken: 582075
    709. exchange: MCX, tradingsymbol: GOLDM29OCT26169000CE, symboltoken: 581976
    710. exchange: MCX, tradingsymbol: GOLDM29OCT26169000PE, symboltoken: 582076
    711. exchange: MCX, tradingsymbol: GOLDM29OCT26169500CE, symboltoken: 581977
    712. exchange: MCX, tradingsymbol: GOLDM29OCT26169500PE, symboltoken: 582077
    713. exchange: MCX, tradingsymbol: GOLDM29OCT26170000CE, symboltoken: 581978
    714. exchange: MCX, tradingsymbol: GOLDM29OCT26170000PE, symboltoken: 582078
    715. exchange: MCX, tradingsymbol: GOLDM29OCT26170500CE, symboltoken: 581979
    716. exchange: MCX, tradingsymbol: GOLDM29OCT26170500PE, symboltoken: 582079
    717. exchange: MCX, tradingsymbol: GOLDM29OCT26171000CE, symboltoken: 581980
    718. exchange: MCX, tradingsymbol: GOLDM29OCT26171000PE, symboltoken: 582080
    719. exchange: MCX, tradingsymbol: GOLDM29OCT26171500CE, symboltoken: 581981
    720. exchange: MCX, tradingsymbol: GOLDM29OCT26171500PE, symboltoken: 582081
    721. exchange: MCX, tradingsymbol: GOLDM29OCT26172000CE, symboltoken: 581982
    722. exchange: MCX, tradingsymbol: GOLDM29OCT26172000PE, symboltoken: 582082
    723. exchange: MCX, tradingsymbol: GOLDM29OCT26172500CE, symboltoken: 581983
    724. exchange: MCX, tradingsymbol: GOLDM29OCT26172500PE, symboltoken: 582083
    725. exchange: MCX, tradingsymbol: GOLDM29OCT26173000CE, symboltoken: 581984
    726. exchange: MCX, tradingsymbol: GOLDM29OCT26173000PE, symboltoken: 582084
    727. exchange: MCX, tradingsymbol: GOLDM29OCT26173500CE, symboltoken: 581985
    728. exchange: MCX, tradingsymbol: GOLDM29OCT26173500PE, symboltoken: 582085
    729. exchange: MCX, tradingsymbol: GOLDM29OCT26174000CE, symboltoken: 581986
    730. exchange: MCX, tradingsymbol: GOLDM29OCT26174000PE, symboltoken: 582086
    731. exchange: MCX, tradingsymbol: GOLDM29OCT26174500CE, symboltoken: 582115
    732. exchange: MCX, tradingsymbol: GOLDM29OCT26174500PE, symboltoken: 582116
    733. exchange: MCX, tradingsymbol: GOLDM29OCT26175000CE, symboltoken: 582141
    734. exchange: MCX, tradingsymbol: GOLDM29OCT26175000PE, symboltoken: 582149
    735. exchange: MCX, tradingsymbol: GOLDM29OCT26175500CE, symboltoken: 582142
    736. exchange: MCX, tradingsymbol: GOLDM29OCT26175500PE, symboltoken: 582150
    737. exchange: MCX, tradingsymbol: GOLDM29OCT26176000CE, symboltoken: 582143
    738. exchange: MCX, tradingsymbol: GOLDM29OCT26176000PE, symboltoken: 582151
    739. exchange: MCX, tradingsymbol: GOLDM29OCT26176500CE, symboltoken: 582144
    740. exchange: MCX, tradingsymbol: GOLDM29OCT26176500PE, symboltoken: 582152
    741. exchange: MCX, tradingsymbol: GOLDM29OCT26177000CE, symboltoken: 582145
    742. exchange: MCX, tradingsymbol: GOLDM29OCT26177000PE, symboltoken: 582153
    743. exchange: MCX, tradingsymbol: GOLDM29OCT26177500CE, symboltoken: 582146
    744. exchange: MCX, tradingsymbol: GOLDM29OCT26177500PE, symboltoken: 582154
    745. exchange: MCX, tradingsymbol: GOLDM29OCT26178000CE, symboltoken: 582228
    746. exchange: MCX, tradingsymbol: GOLDM29OCT26178000PE, symboltoken: 582234
    747. exchange: MCX, tradingsymbol: GOLDM29OCT26178500CE, symboltoken: 582229
    748. exchange: MCX, tradingsymbol: GOLDM29OCT26178500PE, symboltoken: 582235
    749. exchange: MCX, tradingsymbol: GOLDM29OCT26179000CE, symboltoken: 582230
    750. exchange: MCX, tradingsymbol: GOLDM29OCT26179000PE, symboltoken: 582236
    751. exchange: MCX, tradingsymbol: GOLDM29OCT26179500CE, symboltoken: 582306
    752. exchange: MCX, tradingsymbol: GOLDM29OCT26179500PE, symboltoken: 582308
    753. exchange: MCX, tradingsymbol: GOLDM29OCT26180000CE, symboltoken: 582320
    754. exchange: MCX, tradingsymbol: GOLDM29OCT26180000PE, symboltoken: 582326
    755. exchange: MCX, tradingsymbol: GOLDM29OCT26180500CE, symboltoken: 582321
    756. exchange: MCX, tradingsymbol: GOLDM29OCT26180500PE, symboltoken: 582327
    757. exchange: MCX, tradingsymbol: GOLDM29OCT26181000CE, symboltoken: 582322
    758. exchange: MCX, tradingsymbol: GOLDM29OCT26181000PE, symboltoken: 582328
    759. exchange: MCX, tradingsymbol: GOLDMAHMCOM, symboltoken: 347
    760. exchange: MCX, tradingsymbol: GOLDMCOM, symboltoken: 117
    761. exchange: MCX, tradingsymbol: GOLDMDELCOM, symboltoken: 348
    762. exchange: MCX, tradingsymbol: GOLDMKOLCOM, symboltoken: 349
    763. exchange: MCX, tradingsymbol: GOLDMMUMCOM, symboltoken: 346
    764. exchange: MCX, tradingsymbol: GOLDMUMCOM, symboltoken: 342
    765. exchange: MCX, tradingsymbol: GOLDM29OCT26178000CE, symboltoken: 582228
    766. exchange: MCX, tradingsymbol: GOLDM29OCT26178000PE, symboltoken: 582234
    767. exchange: MCX, tradingsymbol: GOLDM29OCT26178500CE, symboltoken: 582229
    768. exchange: MCX, tradingsymbol: GOLDM29OCT26178500PE, symboltoken: 582235
    769. exchange: MCX, tradingsymbol: GOLDM29OCT26179000CE, symboltoken: 582230
    770. exchange: MCX, tradingsymbol: GOLDM29OCT26179000PE, symboltoken: 582236
    771. exchange: MCX, tradingsymbol: GOLDM29OCT26179500CE, symboltoken: 582306
    772. exchange: MCX, tradingsymbol: GOLDM29OCT26179500PE, symboltoken: 582308
    773. exchange: MCX, tradingsymbol: GOLDM29OCT26180000CE, symboltoken: 582320
    774. exchange: MCX, tradingsymbol: GOLDM29OCT26180000PE, symboltoken: 582326
    775. exchange: MCX, tradingsymbol: GOLDM29OCT26180500CE, symboltoken: 582321
    776. exchange: MCX, tradingsymbol: GOLDM29OCT26180500PE, symboltoken: 582327
    777. exchange: MCX, tradingsymbol: GOLDM29OCT26181000CE, symboltoken: 582322
    778. exchange: MCX, tradingsymbol: GOLDM29OCT26181000PE, symboltoken: 582328
    779. exchange: MCX, tradingsymbol: GOLDMAHMCOM, symboltoken: 347
    780. exchange: MCX, tradingsymbol: GOLDMCOM, symboltoken: 117
[W 260816 20:30:00 smartWebSocketV2:318] Attempting to resubscribe/reconnect (Attempt 1)...
WARNING:  Invalid HTTP request received.
WARNING:  Invalid HTTP request received.
INFO:     Shutting down
INFO:     Waiting for application shutdown.
INFO:     Application shutdown complete.
INFO:     Finished server process [65665]
INFO:     Started server process [68982]
INFO:     Waiting for application startup.
INFO:     Application startup complete.
INFO:     Uvicorn running on http://0.0.0.0:8001 (Press CTRL+C to quit)
[I 260817 07:13:08 smartConnect:124] in pool
[I 260817 07:13:08 smartConnect:496] Search successful. Found 780 trading symbols for the given query:
    1. exchange: MCX, tradingsymbol: GOLDM04DEC26FUT, symboltoken: 575011
    2. exchange: MCX, tradingsymbol: GOLDM04SEP26FUT, symboltoken: 563946
    3. exchange: MCX, tradingsymbol: GOLDM05FEB27FUT, symboltoken: 581880
    4. exchange: MCX, tradingsymbol: GOLDM05JAN27FUT, symboltoken: 578779
    5. exchange: MCX, tradingsymbol: GOLDM05NOV26FUT, symboltoken: 571445
    6. exchange: MCX, tradingsymbol: GOLDM05OCT26FUT, symboltoken: 569003
    7. exchange: MCX, tradingsymbol: GOLDM25SEP26116500CE, symboltoken: 580161
    8. exchange: MCX, tradingsymbol: GOLDM25SEP26116500PE, symboltoken: 580165
    9. exchange: MCX, tradingsymbol: GOLDM25SEP26117000CE, symboltoken: 580160
    10. exchange: MCX, tradingsymbol: GOLDM25SEP26117000PE, symboltoken: 580164
    11. exchange: MCX, tradingsymbol: GOLDM25SEP26117500CE, symboltoken: 580159
    12. exchange: MCX, tradingsymbol: GOLDM25SEP26117500PE, symboltoken: 580163
    13. exchange: MCX, tradingsymbol: GOLDM25SEP26118000CE, symboltoken: 579247
    14. exchange: MCX, tradingsymbol: GOLDM25SEP26118000PE, symboltoken: 579258
    15. exchange: MCX, tradingsymbol: GOLDM25SEP26118500CE, symboltoken: 579246
    16. exchange: MCX, tradingsymbol: GOLDM25SEP26118500PE, symboltoken: 579257
    17. exchange: MCX, tradingsymbol: GOLDM25SEP26119000CE, symboltoken: 579245
    18. exchange: MCX, tradingsymbol: GOLDM25SEP26119000PE, symboltoken: 579256
    19. exchange: MCX, tradingsymbol: GOLDM25SEP26119500CE, symboltoken: 579244
    20. exchange: MCX, tradingsymbol: GOLDM25SEP26119500PE, symboltoken: 579255
    21. exchange: MCX, tradingsymbol: GOLDM25SEP26120000CE, symboltoken: 579243
    22. exchange: MCX, tradingsymbol: GOLDM25SEP26120000PE, symboltoken: 579254
    23. exchange: MCX, tradingsymbol: GOLDM25SEP26120500CE, symboltoken: 579242
    24. exchange: MCX, tradingsymbol: GOLDM25SEP26120500PE, symboltoken: 579253
    25. exchange: MCX, tradingsymbol: GOLDM25SEP26121000CE, symboltoken: 579056
    26. exchange: MCX, tradingsymbol: GOLDM25SEP26121000PE, symboltoken: 579058
    27. exchange: MCX, tradingsymbol: GOLDM25SEP26121500CE, symboltoken: 579055
    28. exchange: MCX, tradingsymbol: GOLDM25SEP26121500PE, symboltoken: 579057
    29. exchange: MCX, tradingsymbol: GOLDM25SEP26122000CE, symboltoken: 579019
    30. exchange: MCX, tradingsymbol: GOLDM25SEP26122000PE, symboltoken: 579022
    31. exchange: MCX, tradingsymbol: GOLDM25SEP26122500CE, symboltoken: 579018
    32. exchange: MCX, tradingsymbol: GOLDM25SEP26122500PE, symboltoken: 579021
    33. exchange: MCX, tradingsymbol: GOLDM25SEP26123000CE, symboltoken: 579017
    34. exchange: MCX, tradingsymbol: GOLDM25SEP26123000PE, symboltoken: 579020
    35. exchange: MCX, tradingsymbol: GOLDM25SEP26123500CE, symboltoken: 579013
    36. exchange: MCX, tradingsymbol: GOLDM25SEP26123500PE, symboltoken: 579016
    37. exchange: MCX, tradingsymbol: GOLDM25SEP26124000CE, symboltoken: 579012
    38. exchange: MCX, tradingsymbol: GOLDM25SEP26124000PE, symboltoken: 579015
    39. exchange: MCX, tradingsymbol: GOLDM25SEP26124500CE, symboltoken: 579011
    40. exchange: MCX, tradingsymbol: GOLDM25SEP26124500PE, symboltoken: 579014
    41. exchange: MCX, tradingsymbol: GOLDM25SEP26125000CE, symboltoken: 579005
    42. exchange: MCX, tradingsymbol: GOLDM25SEP26125000PE, symboltoken: 579006
    43. exchange: MCX, tradingsymbol: GOLDM25SEP26125500CE, symboltoken: 578833
    44. exchange: MCX, tradingsymbol: GOLDM25SEP26125500PE, symboltoken: 578933
    45. exchange: MCX, tradingsymbol: GOLDM25SEP26126000CE, symboltoken: 578832
    46. exchange: MCX, tradingsymbol: GOLDM25SEP26126000PE, symboltoken: 578932
    47. exchange: MCX, tradingsymbol: GOLDM25SEP26126500CE, symboltoken: 578831
    48. exchange: MCX, tradingsymbol: GOLDM25SEP26126500PE, symboltoken: 578931
    49. exchange: MCX, tradingsymbol: GOLDM25SEP26127000CE, symboltoken: 578830
    50. exchange: MCX, tradingsymbol: GOLDM25SEP26127000PE, symboltoken: 578930
    51. exchange: MCX, tradingsymbol: GOLDM25SEP26127500CE, symboltoken: 578829
    52. exchange: MCX, tradingsymbol: GOLDM25SEP26127500PE, symboltoken: 578929
    53. exchange: MCX, tradingsymbol: GOLDM25SEP26128000CE, symboltoken: 578828
    54. exchange: MCX, tradingsymbol: GOLDM25SEP26128000PE, symboltoken: 578928
    55. exchange: MCX, tradingsymbol: GOLDM25SEP26128500CE, symboltoken: 578827
    56. exchange: MCX, tradingsymbol: GOLDM25SEP26128500PE, symboltoken: 578927
    57. exchange: MCX, tradingsymbol: GOLDM25SEP26129000CE, symboltoken: 578826
    58. exchange: MCX, tradingsymbol: GOLDM25SEP26129000PE, symboltoken: 578926
    59. exchange: MCX, tradingsymbol: GOLDM25SEP26129500CE, symboltoken: 578825
    60. exchange: MCX, tradingsymbol: GOLDM25SEP26129500PE, symboltoken: 578925
    61. exchange: MCX, tradingsymbol: GOLDM25SEP26130000CE, symboltoken: 578824
    62. exchange: MCX, tradingsymbol: GOLDM25SEP26130000PE, symboltoken: 578924
    63. exchange: MCX, tradingsymbol: GOLDM25SEP26130500CE, symboltoken: 578823
    64. exchange: MCX, tradingsymbol: GOLDM25SEP26130500PE, symboltoken: 578923
    65. exchange: MCX, tradingsymbol: GOLDM25SEP26131000CE, symboltoken: 578822
    66. exchange: MCX, tradingsymbol: GOLDM25SEP26131000PE, symboltoken: 578922
    67. exchange: MCX, tradingsymbol: GOLDM25SEP26131500CE, symboltoken: 578821
    68. exchange: MCX, tradingsymbol: GOLDM25SEP26131500PE, symboltoken: 578921
    69. exchange: MCX, tradingsymbol: GOLDM25SEP26132000CE, symboltoken: 578820
    70. exchange: MCX, tradingsymbol: GOLDM25SEP26132000PE, symboltoken: 578920
    71. exchange: MCX, tradingsymbol: GOLDM25SEP26132500CE, symboltoken: 578819
    72. exchange: MCX, tradingsymbol: GOLDM25SEP26132500PE, symboltoken: 578919
    73. exchange: MCX, tradingsymbol: GOLDM25SEP26133000CE, symboltoken: 578818
    74. exchange: MCX, tradingsymbol: GOLDM25SEP26133000PE, symboltoken: 578918
    75. exchange: MCX, tradingsymbol: GOLDM25SEP26133500CE, symboltoken: 578817
    76. exchange: MCX, tradingsymbol: GOLDM25SEP26133500PE, symboltoken: 578917
    77. exchange: MCX, tradingsymbol: GOLDM25SEP26134000CE, symboltoken: 578816
    78. exchange: MCX, tradingsymbol: GOLDM25SEP26134000PE, symboltoken: 578916
    79. exchange: MCX, tradingsymbol: GOLDM25SEP26134500CE, symboltoken: 578815
    80. exchange: MCX, tradingsymbol: GOLDM25SEP26134500PE, symboltoken: 578915
    81. exchange: MCX, tradingsymbol: GOLDM25SEP26135000CE, symboltoken: 578814
    82. exchange: MCX, tradingsymbol: GOLDM25SEP26135000PE, symboltoken: 578914
    83. exchange: MCX, tradingsymbol: GOLDM25SEP26135500CE, symboltoken: 578813
    84. exchange: MCX, tradingsymbol: GOLDM25SEP26135500PE, symboltoken: 578913
    85. exchange: MCX, tradingsymbol: GOLDM25SEP26136000CE, symboltoken: 578812
    86. exchange: MCX, tradingsymbol: GOLDM25SEP26136000PE, symboltoken: 578912
    87. exchange: MCX, tradingsymbol: GOLDM25SEP26136500CE, symboltoken: 578811
    88. exchange: MCX, tradingsymbol: GOLDM25SEP26136500PE, symboltoken: 578911
    89. exchange: MCX, tradingsymbol: GOLDM25SEP26137000CE, symboltoken: 578810
    90. exchange: MCX, tradingsymbol: GOLDM25SEP26137000PE, symboltoken: 578910
    91. exchange: MCX, tradingsymbol: GOLDM25SEP26137500CE, symboltoken: 578809
    92. exchange: MCX, tradingsymbol: GOLDM25SEP26137500PE, symboltoken: 578909
    93. exchange: MCX, tradingsymbol: GOLDM25SEP26138000CE, symboltoken: 578808
    94. exchange: MCX, tradingsymbol: GOLDM25SEP26138000PE, symboltoken: 578908
    95. exchange: MCX, tradingsymbol: GOLDM25SEP26138500CE, symboltoken: 578807
    96. exchange: MCX, tradingsymbol: GOLDM25SEP26138500PE, symboltoken: 578907
    97. exchange: MCX, tradingsymbol: GOLDM25SEP26139000CE, symboltoken: 578806
    98. exchange: MCX, tradingsymbol: GOLDM25SEP26139000PE, symboltoken: 578906
    99. exchange: MCX, tradingsymbol: GOLDM25SEP26139500CE, symboltoken: 578805
    100. exchange: MCX, tradingsymbol: GOLDM25SEP26139500PE, symboltoken: 578905
    101. exchange: MCX, tradingsymbol: GOLDM25SEP26140000CE, symboltoken: 578804
    102. exchange: MCX, tradingsymbol: GOLDM25SEP26140000PE, symboltoken: 578904
    103. exchange: MCX, tradingsymbol: GOLDM25SEP26140500CE, symboltoken: 578803
    104. exchange: MCX, tradingsymbol: GOLDM25SEP26140500PE, symboltoken: 578903
    105. exchange: MCX, tradingsymbol: GOLDM25SEP26141000CE, symboltoken: 578802
    106. exchange: MCX, tradingsymbol: GOLDM25SEP26141000PE, symboltoken: 578902
    107. exchange: MCX, tradingsymbol: GOLDM25SEP26141500CE, symboltoken: 578801
    108. exchange: MCX, tradingsymbol: GOLDM25SEP26141500PE, symboltoken: 578901
    109. exchange: MCX, tradingsymbol: GOLDM25SEP26142000CE, symboltoken: 578800
    110. exchange: MCX, tradingsymbol: GOLDM25SEP26142000PE, symboltoken: 578900
    111. exchange: MCX, tradingsymbol: GOLDM25SEP26142500CE, symboltoken: 578799
    112. exchange: MCX, tradingsymbol: GOLDM25SEP26142500PE, symboltoken: 578899
    113. exchange: MCX, tradingsymbol: GOLDM25SEP26143000CE, symboltoken: 578798
    114. exchange: MCX, tradingsymbol: GOLDM25SEP26143000PE, symboltoken: 578898
    115. exchange: MCX, tradingsymbol: GOLDM25SEP26143500CE, symboltoken: 578797
    116. exchange: MCX, tradingsymbol: GOLDM25SEP26143500PE, symboltoken: 578897
    117. exchange: MCX, tradingsymbol: GOLDM25SEP26144000CE, symboltoken: 578796
    118. exchange: MCX, tradingsymbol: GOLDM25SEP26144000PE, symboltoken: 578896
    119. exchange: MCX, tradingsymbol: GOLDM25SEP26144500CE, symboltoken: 578795
    120. exchange: MCX, tradingsymbol: GOLDM25SEP26144500PE, symboltoken: 578895
    121. exchange: MCX, tradingsymbol: GOLDM25SEP26145000CE, symboltoken: 578794
    122. exchange: MCX, tradingsymbol: GOLDM25SEP26145000PE, symboltoken: 578894
    123. exchange: MCX, tradingsymbol: GOLDM25SEP26145500CE, symboltoken: 578793
    124. exchange: MCX, tradingsymbol: GOLDM25SEP26145500PE, symboltoken: 578893
    125. exchange: MCX, tradingsymbol: GOLDM25SEP26146000CE, symboltoken: 578792
    126. exchange: MCX, tradingsymbol: GOLDM25SEP26146000PE, symboltoken: 578892
    127. exchange: MCX, tradingsymbol: GOLDM25SEP26146500CE, symboltoken: 578791
    128. exchange: MCX, tradingsymbol: GOLDM25SEP26146500PE, symboltoken: 578891
    129. exchange: MCX, tradingsymbol: GOLDM25SEP26147000CE, symboltoken: 578790
    130. exchange: MCX, tradingsymbol: GOLDM25SEP26147000PE, symboltoken: 578890
    131. exchange: MCX, tradingsymbol: GOLDM25SEP26147500CE, symboltoken: 578789
    132. exchange: MCX, tradingsymbol: GOLDM25SEP26147500PE, symboltoken: 578889
    133. exchange: MCX, tradingsymbol: GOLDM25SEP26148000CE, symboltoken: 578788
    134. exchange: MCX, tradingsymbol: GOLDM25SEP26148000PE, symboltoken: 578888
    135. exchange: MCX, tradingsymbol: GOLDM25SEP26148500CE, symboltoken: 578787
    136. exchange: MCX, tradingsymbol: GOLDM25SEP26148500PE, symboltoken: 578887
    137. exchange: MCX, tradingsymbol: GOLDM25SEP26149000CE, symboltoken: 578786
    138. exchange: MCX, tradingsymbol: GOLDM25SEP26149000PE, symboltoken: 578886
    139. exchange: MCX, tradingsymbol: GOLDM25SEP26149500CE, symboltoken: 578785
    140. exchange: MCX, tradingsymbol: GOLDM25SEP26149500PE, symboltoken: 578885
    141. exchange: MCX, tradingsymbol: GOLDM25SEP26150000CE, symboltoken: 578784
    142. exchange: MCX, tradingsymbol: GOLDM25SEP26150000PE, symboltoken: 578884
    143. exchange: MCX, tradingsymbol: GOLDM25SEP26150500CE, symboltoken: 578780
    144. exchange: MCX, tradingsymbol: GOLDM25SEP26150500PE, symboltoken: 578781
    145. exchange: MCX, tradingsymbol: GOLDM25SEP26151000CE, symboltoken: 578834
    146. exchange: MCX, tradingsymbol: GOLDM25SEP26151000PE, symboltoken: 578934
    147. exchange: MCX, tradingsymbol: GOLDM25SEP26151500CE, symboltoken: 578835
    148. exchange: MCX, tradingsymbol: GOLDM25SEP26151500PE, symboltoken: 578935
    149. exchange: MCX, tradingsymbol: GOLDM25SEP26152000CE, symboltoken: 578836
    150. exchange: MCX, tradingsymbol: GOLDM25SEP26152000PE, symboltoken: 578936
    151. exchange: MCX, tradingsymbol: GOLDM25SEP26152500CE, symboltoken: 578837
    152. exchange: MCX, tradingsymbol: GOLDM25SEP26152500PE, symboltoken: 578937
    153. exchange: MCX, tradingsymbol: GOLDM25SEP26153000CE, symboltoken: 578838
    154. exchange: MCX, tradingsymbol: GOLDM25SEP26153000PE, symboltoken: 578938
    155. exchange: MCX, tradingsymbol: GOLDM25SEP26153500CE, symboltoken: 578839
    156. exchange: MCX, tradingsymbol: GOLDM25SEP26153500PE, symboltoken: 578939
    157. exchange: MCX, tradingsymbol: GOLDM25SEP26154000CE, symboltoken: 578840
    158. exchange: MCX, tradingsymbol: GOLDM25SEP26154000PE, symboltoken: 578940
    159. exchange: MCX, tradingsymbol: GOLDM25SEP26154500CE, symboltoken: 578841
    160. exchange: MCX, tradingsymbol: GOLDM25SEP26154500PE, symboltoken: 578941
    161. exchange: MCX, tradingsymbol: GOLDM25SEP26155000CE, symboltoken: 578842
    162. exchange: MCX, tradingsymbol: GOLDM25SEP26155000PE, symboltoken: 578942
    163. exchange: MCX, tradingsymbol: GOLDM25SEP26155500CE, symboltoken: 578843
    164. exchange: MCX, tradingsymbol: GOLDM25SEP26155500PE, symboltoken: 578943
    165. exchange: MCX, tradingsymbol: GOLDM25SEP26156000CE, symboltoken: 578844
    166. exchange: MCX, tradingsymbol: GOLDM25SEP26156000PE, symboltoken: 578944
    167. exchange: MCX, tradingsymbol: GOLDM25SEP26156500CE, symboltoken: 578845
    168. exchange: MCX, tradingsymbol: GOLDM25SEP26156500PE, symboltoken: 578945
    169. exchange: MCX, tradingsymbol: GOLDM25SEP26157000CE, symboltoken: 578846
    170. exchange: MCX, tradingsymbol: GOLDM25SEP26157000PE, symboltoken: 578946
    171. exchange: MCX, tradingsymbol: GOLDM25SEP26157500CE, symboltoken: 578847
    172. exchange: MCX, tradingsymbol: GOLDM25SEP26157500PE, symboltoken: 578947
    173. exchange: MCX, tradingsymbol: GOLDM25SEP26158000CE, symboltoken: 578848
    174. exchange: MCX, tradingsymbol: GOLDM25SEP26158000PE, symboltoken: 578948
    175. exchange: MCX, tradingsymbol: GOLDM25SEP26158500CE, symboltoken: 578849
    176. exchange: MCX, tradingsymbol: GOLDM25SEP26158500PE, symboltoken: 578949
    177. exchange: MCX, tradingsymbol: GOLDM25SEP26159000CE, symboltoken: 578850
    178. exchange: MCX, tradingsymbol: GOLDM25SEP26159000PE, symboltoken: 578950
    179. exchange: MCX, tradingsymbol: GOLDM25SEP26159500CE, symboltoken: 578851
    180. exchange: MCX, tradingsymbol: GOLDM25SEP26159500PE, symboltoken: 578951
    181. exchange: MCX, tradingsymbol: GOLDM25SEP26160000CE, symboltoken: 578852
    182. exchange: MCX, tradingsymbol: GOLDM25SEP26160000PE, symboltoken: 578952
    183. exchange: MCX, tradingsymbol: GOLDM25SEP26160500CE, symboltoken: 578853
    184. exchange: MCX, tradingsymbol: GOLDM25SEP26160500PE, symboltoken: 578953
    185. exchange: MCX, tradingsymbol: GOLDM25SEP26161000CE, symboltoken: 578854
    186. exchange: MCX, tradingsymbol: GOLDM25SEP26161000PE, symboltoken: 578954
    187. exchange: MCX, tradingsymbol: GOLDM25SEP26161500CE, symboltoken: 578855
    188. exchange: MCX, tradingsymbol: GOLDM25SEP26161500PE, symboltoken: 578955
    189. exchange: MCX, tradingsymbol: GOLDM25SEP26162000CE, symboltoken: 578856
    190. exchange: MCX, tradingsymbol: GOLDM25SEP26162000PE, symboltoken: 578956
    191. exchange: MCX, tradingsymbol: GOLDM25SEP26162500CE, symboltoken: 578857
    192. exchange: MCX, tradingsymbol: GOLDM25SEP26162500PE, symboltoken: 578957
    193. exchange: MCX, tradingsymbol: GOLDM25SEP26163000CE, symboltoken: 578858
    194. exchange: MCX, tradingsymbol: GOLDM25SEP26163000PE, symboltoken: 578958
    195. exchange: MCX, tradingsymbol: GOLDM25SEP26163500CE, symboltoken: 578859
    196. exchange: MCX, tradingsymbol: GOLDM25SEP26163500PE, symboltoken: 578959
    197. exchange: MCX, tradingsymbol: GOLDM25SEP26164000CE, symboltoken: 578860
    198. exchange: MCX, tradingsymbol: GOLDM25SEP26164000PE, symboltoken: 578960
    199. exchange: MCX, tradingsymbol: GOLDM25SEP26164500CE, symboltoken: 578861
    200. exchange: MCX, tradingsymbol: GOLDM25SEP26164500PE, symboltoken: 578961
    201. exchange: MCX, tradingsymbol: GOLDM25SEP26165000CE, symboltoken: 578862
    202. exchange: MCX, tradingsymbol: GOLDM25SEP26165000PE, symboltoken: 578962
    203. exchange: MCX, tradingsymbol: GOLDM25SEP26165500CE, symboltoken: 578863
    204. exchange: MCX, tradingsymbol: GOLDM25SEP26165500PE, symboltoken: 578963
    205. exchange: MCX, tradingsymbol: GOLDM25SEP26166000CE, symboltoken: 578864
    206. exchange: MCX, tradingsymbol: GOLDM25SEP26166000PE, symboltoken: 578964
    207. exchange: MCX, tradingsymbol: GOLDM25SEP26166500CE, symboltoken: 578865
    208. exchange: MCX, tradingsymbol: GOLDM25SEP26166500PE, symboltoken: 578965
    209. exchange: MCX, tradingsymbol: GOLDM25SEP26167000CE, symboltoken: 578866
    210. exchange: MCX, tradingsymbol: GOLDM25SEP26167000PE, symboltoken: 578966
    211. exchange: MCX, tradingsymbol: GOLDM25SEP26167500CE, symboltoken: 578867
    212. exchange: MCX, tradingsymbol: GOLDM25SEP26167500PE, symboltoken: 578967
    213. exchange: MCX, tradingsymbol: GOLDM25SEP26168000CE, symboltoken: 578868
    214. exchange: MCX, tradingsymbol: GOLDM25SEP26168000PE, symboltoken: 578968
    215. exchange: MCX, tradingsymbol: GOLDM25SEP26168500CE, symboltoken: 578869
    216. exchange: MCX, tradingsymbol: GOLDM25SEP26168500PE, symboltoken: 578969
    217. exchange: MCX, tradingsymbol: GOLDM25SEP26169000CE, symboltoken: 578870
    218. exchange: MCX, tradingsymbol: GOLDM25SEP26169000PE, symboltoken: 578970
    219. exchange: MCX, tradingsymbol: GOLDM25SEP26169500CE, symboltoken: 578871
    220. exchange: MCX, tradingsymbol: GOLDM25SEP26169500PE, symboltoken: 578971
    221. exchange: MCX, tradingsymbol: GOLDM25SEP26170000CE, symboltoken: 578872
    222. exchange: MCX, tradingsymbol: GOLDM25SEP26170000PE, symboltoken: 578972
    223. exchange: MCX, tradingsymbol: GOLDM25SEP26170500CE, symboltoken: 578873
    224. exchange: MCX, tradingsymbol: GOLDM25SEP26170500PE, symboltoken: 578973
    225. exchange: MCX, tradingsymbol: GOLDM25SEP26171000CE, symboltoken: 578874
    226. exchange: MCX, tradingsymbol: GOLDM25SEP26171000PE, symboltoken: 578974
    227. exchange: MCX, tradingsymbol: GOLDM25SEP26171500CE, symboltoken: 578875
    228. exchange: MCX, tradingsymbol: GOLDM25SEP26171500PE, symboltoken: 578975
    229. exchange: MCX, tradingsymbol: GOLDM25SEP26172000CE, symboltoken: 578876
    230. exchange: MCX, tradingsymbol: GOLDM25SEP26172000PE, symboltoken: 578976
    231. exchange: MCX, tradingsymbol: GOLDM25SEP26172500CE, symboltoken: 578877
    232. exchange: MCX, tradingsymbol: GOLDM25SEP26172500PE, symboltoken: 578977
    233. exchange: MCX, tradingsymbol: GOLDM25SEP26173000CE, symboltoken: 578878
    234. exchange: MCX, tradingsymbol: GOLDM25SEP26173000PE, symboltoken: 578978
    235. exchange: MCX, tradingsymbol: GOLDM25SEP26173500CE, symboltoken: 578879
    236. exchange: MCX, tradingsymbol: GOLDM25SEP26173500PE, symboltoken: 578979
    237. exchange: MCX, tradingsymbol: GOLDM25SEP26174000CE, symboltoken: 578880
    238. exchange: MCX, tradingsymbol: GOLDM25SEP26174000PE, symboltoken: 578980
    239. exchange: MCX, tradingsymbol: GOLDM25SEP26174500CE, symboltoken: 578881
    240. exchange: MCX, tradingsymbol: GOLDM25SEP26174500PE, symboltoken: 578981
    241. exchange: MCX, tradingsymbol: GOLDM25SEP26175000CE, symboltoken: 578882
    242. exchange: MCX, tradingsymbol: GOLDM25SEP26175000PE, symboltoken: 578982
    243. exchange: MCX, tradingsymbol: GOLDM25SEP26175500CE, symboltoken: 578883
    244. exchange: MCX, tradingsymbol: GOLDM25SEP26175500PE, symboltoken: 578983
    245. exchange: MCX, tradingsymbol: GOLDM25SEP26176000CE, symboltoken: 582139
    246. exchange: MCX, tradingsymbol: GOLDM25SEP26176000PE, symboltoken: 582147
    247. exchange: MCX, tradingsymbol: GOLDM25SEP26176500CE, symboltoken: 582140
    248. exchange: MCX, tradingsymbol: GOLDM25SEP26176500PE, symboltoken: 582148
    249. exchange: MCX, tradingsymbol: GOLDM25SEP26177000CE, symboltoken: 582225
    250. exchange: MCX, tradingsymbol: GOLDM25SEP26177000PE, symboltoken: 582231
    251. exchange: MCX, tradingsymbol: GOLDM25SEP26177500CE, symboltoken: 582226
    252. exchange: MCX, tradingsymbol: GOLDM25SEP26177500PE, symboltoken: 582232
    253. exchange: MCX, tradingsymbol: GOLDM25SEP26178000CE, symboltoken: 582227
    254. exchange: MCX, tradingsymbol: GOLDM25SEP26178000PE, symboltoken: 582233
    255. exchange: MCX, tradingsymbol: GOLDM25SEP26178500CE, symboltoken: 582305
    256. exchange: MCX, tradingsymbol: GOLDM25SEP26178500PE, symboltoken: 582307
    257. exchange: MCX, tradingsymbol: GOLDM25SEP26179000CE, symboltoken: 582317
    258. exchange: MCX, tradingsymbol: GOLDM25SEP26179000PE, symboltoken: 582323
    259. exchange: MCX, tradingsymbol: GOLDM25SEP26179500CE, symboltoken: 582318
    260. exchange: MCX, tradingsymbol: GOLDM25SEP26179500PE, symboltoken: 582324
    261. exchange: MCX, tradingsymbol: GOLDM25SEP26180000CE, symboltoken: 582319
    262. exchange: MCX, tradingsymbol: GOLDM25SEP26180000PE, symboltoken: 582325
    263. exchange: MCX, tradingsymbol: GOLDM28AUG26116000CE, symboltoken: 580158
    264. exchange: MCX, tradingsymbol: GOLDM28AUG26116000PE, symboltoken: 580162
    265. exchange: MCX, tradingsymbol: GOLDM28AUG26116500CE, symboltoken: 579241
    266. exchange: MCX, tradingsymbol: GOLDM28AUG26116500PE, symboltoken: 579252
    267. exchange: MCX, tradingsymbol: GOLDM28AUG26117000CE, symboltoken: 579240
    268. exchange: MCX, tradingsymbol: GOLDM28AUG26117000PE, symboltoken: 579251
    269. exchange: MCX, tradingsymbol: GOLDM28AUG26117500CE, symboltoken: 579239
    270. exchange: MCX, tradingsymbol: GOLDM28AUG26117500PE, symboltoken: 579250
    271. exchange: MCX, tradingsymbol: GOLDM28AUG26118000CE, symboltoken: 577377
    272. exchange: MCX, tradingsymbol: GOLDM28AUG26118000PE, symboltoken: 577408
    273. exchange: MCX, tradingsymbol: GOLDM28AUG26118500CE, symboltoken: 577376
    274. exchange: MCX, tradingsymbol: GOLDM28AUG26118500PE, symboltoken: 577407
    275. exchange: MCX, tradingsymbol: GOLDM28AUG26119000CE, symboltoken: 577375
    276. exchange: MCX, tradingsymbol: GOLDM28AUG26119000PE, symboltoken: 577406
    277. exchange: MCX, tradingsymbol: GOLDM28AUG26119500CE, symboltoken: 577374
    278. exchange: MCX, tradingsymbol: GOLDM28AUG26119500PE, symboltoken: 577405
    279. exchange: MCX, tradingsymbol: GOLDM28AUG26120000CE, symboltoken: 577373
    280. exchange: MCX, tradingsymbol: GOLDM28AUG26120000PE, symboltoken: 577404
    281. exchange: MCX, tradingsymbol: GOLDM28AUG26120500CE, symboltoken: 577372
    282. exchange: MCX, tradingsymbol: GOLDM28AUG26120500PE, symboltoken: 577403
    283. exchange: MCX, tradingsymbol: GOLDM28AUG26121000CE, symboltoken: 577371
    284. exchange: MCX, tradingsymbol: GOLDM28AUG26121000PE, symboltoken: 577402
    285. exchange: MCX, tradingsymbol: GOLDM28AUG26121500CE, symboltoken: 577370
    286. exchange: MCX, tradingsymbol: GOLDM28AUG26121500PE, symboltoken: 577401
    287. exchange: MCX, tradingsymbol: GOLDM28AUG26122000CE, symboltoken: 577369
    288. exchange: MCX, tradingsymbol: GOLDM28AUG26122000PE, symboltoken: 577400
    289. exchange: MCX, tradingsymbol: GOLDM28AUG26122500CE, symboltoken: 577368
    290. exchange: MCX, tradingsymbol: GOLDM28AUG26122500PE, symboltoken: 577399
    291. exchange: MCX, tradingsymbol: GOLDM28AUG26123000CE, symboltoken: 577367
    292. exchange: MCX, tradingsymbol: GOLDM28AUG26123000PE, symboltoken: 577398
    293. exchange: MCX, tradingsymbol: GOLDM28AUG26123500CE, symboltoken: 576957
    294. exchange: MCX, tradingsymbol: GOLDM28AUG26123500PE, symboltoken: 576960
    295. exchange: MCX, tradingsymbol: GOLDM28AUG26124000CE, symboltoken: 576901
    296. exchange: MCX, tradingsymbol: GOLDM28AUG26124000PE, symboltoken: 576908
    297. exchange: MCX, tradingsymbol: GOLDM28AUG26124500CE, symboltoken: 576900
    298. exchange: MCX, tradingsymbol: GOLDM28AUG26124500PE, symboltoken: 576907
    299. exchange: MCX, tradingsymbol: GOLDM28AUG26125000CE, symboltoken: 575569
    300. exchange: MCX, tradingsymbol: GOLDM28AUG26125000PE, symboltoken: 575595
    301. exchange: MCX, tradingsymbol: GOLDM28AUG26125500CE, symboltoken: 575568
    302. exchange: MCX, tradingsymbol: GOLDM28AUG26125500PE, symboltoken: 575594
    303. exchange: MCX, tradingsymbol: GOLDM28AUG26126000CE, symboltoken: 575567
    304. exchange: MCX, tradingsymbol: GOLDM28AUG26126000PE, symboltoken: 575593
    305. exchange: MCX, tradingsymbol: GOLDM28AUG26126500CE, symboltoken: 575566
    306. exchange: MCX, tradingsymbol: GOLDM28AUG26126500PE, symboltoken: 575592
    307. exchange: MCX, tradingsymbol: GOLDM28AUG26127000CE, symboltoken: 575565
    308. exchange: MCX, tradingsymbol: GOLDM28AUG26127000PE, symboltoken: 575591
    309. exchange: MCX, tradingsymbol: GOLDM28AUG26127500CE, symboltoken: 575564
    310. exchange: MCX, tradingsymbol: GOLDM28AUG26127500PE, symboltoken: 575590
    311. exchange: MCX, tradingsymbol: GOLDM28AUG26128000CE, symboltoken: 575563
    312. exchange: MCX, tradingsymbol: GOLDM28AUG26128000PE, symboltoken: 575589
    313. exchange: MCX, tradingsymbol: GOLDM28AUG26128500CE, symboltoken: 575562
    314. exchange: MCX, tradingsymbol: GOLDM28AUG26128500PE, symboltoken: 575588
    315. exchange: MCX, tradingsymbol: GOLDM28AUG26129000CE, symboltoken: 575561
    316. exchange: MCX, tradingsymbol: GOLDM28AUG26129000PE, symboltoken: 575587
    317. exchange: MCX, tradingsymbol: GOLDM28AUG26129500CE, symboltoken: 575408
    318. exchange: MCX, tradingsymbol: GOLDM28AUG26129500PE, symboltoken: 575413
    319. exchange: MCX, tradingsymbol: GOLDM28AUG26130000CE, symboltoken: 575407
    320. exchange: MCX, tradingsymbol: GOLDM28AUG26130000PE, symboltoken: 575412
    321. exchange: MCX, tradingsymbol: GOLDM28AUG26130500CE, symboltoken: 575406
    322. exchange: MCX, tradingsymbol: GOLDM28AUG26130500PE, symboltoken: 575411
    323. exchange: MCX, tradingsymbol: GOLDM28AUG26131000CE, symboltoken: 575405
    324. exchange: MCX, tradingsymbol: GOLDM28AUG26131000PE, symboltoken: 575410
    325. exchange: MCX, tradingsymbol: GOLDM28AUG26131500CE, symboltoken: 575360
    326. exchange: MCX, tradingsymbol: GOLDM28AUG26131500PE, symboltoken: 575361
    327. exchange: MCX, tradingsymbol: GOLDM28AUG26132000CE, symboltoken: 575066
    328. exchange: MCX, tradingsymbol: GOLDM28AUG26132000PE, symboltoken: 575166
    329. exchange: MCX, tradingsymbol: GOLDM28AUG26132500CE, symboltoken: 575065
    330. exchange: MCX, tradingsymbol: GOLDM28AUG26132500PE, symboltoken: 575165
    331. exchange: MCX, tradingsymbol: GOLDM28AUG26133000CE, symboltoken: 575064
    332. exchange: MCX, tradingsymbol: GOLDM28AUG26133000PE, symboltoken: 575164
    333. exchange: MCX, tradingsymbol: GOLDM28AUG26133500CE, symboltoken: 575063
    334. exchange: MCX, tradingsymbol: GOLDM28AUG26133500PE, symboltoken: 575163
    335. exchange: MCX, tradingsymbol: GOLDM28AUG26134000CE, symboltoken: 575062
    336. exchange: MCX, tradingsymbol: GOLDM28AUG26134000PE, symboltoken: 575162
    337. exchange: MCX, tradingsymbol: GOLDM28AUG26134500CE, symboltoken: 575061
    338. exchange: MCX, tradingsymbol: GOLDM28AUG26134500PE, symboltoken: 575161
    339. exchange: MCX, tradingsymbol: GOLDM28AUG26135000CE, symboltoken: 575060
    340. exchange: MCX, tradingsymbol: GOLDM28AUG26135000PE, symboltoken: 575160
    341. exchange: MCX, tradingsymbol: GOLDM28AUG26135500CE, symboltoken: 575059
    342. exchange: MCX, tradingsymbol: GOLDM28AUG26135500PE, symboltoken: 575159
    343. exchange: MCX, tradingsymbol: GOLDM28AUG26136000CE, symboltoken: 575058
    344. exchange: MCX, tradingsymbol: GOLDM28AUG26136000PE, symboltoken: 575158
    345. exchange: MCX, tradingsymbol: GOLDM28AUG26136500CE, symboltoken: 575057
    346. exchange: MCX, tradingsymbol: GOLDM28AUG26136500PE, symboltoken: 575157
    347. exchange: MCX, tradingsymbol: GOLDM28AUG26137000CE, symboltoken: 575056
    348. exchange: MCX, tradingsymbol: GOLDM28AUG26137000PE, symboltoken: 575156
    349. exchange: MCX, tradingsymbol: GOLDM28AUG26137500CE, symboltoken: 575055
    350. exchange: MCX, tradingsymbol: GOLDM28AUG26137500PE, symboltoken: 575155
    351. exchange: MCX, tradingsymbol: GOLDM28AUG26138000CE, symboltoken: 575054
    352. exchange: MCX, tradingsymbol: GOLDM28AUG26138000PE, symboltoken: 575154
    353. exchange: MCX, tradingsymbol: GOLDM28AUG26138500CE, symboltoken: 575053
    354. exchange: MCX, tradingsymbol: GOLDM28AUG26138500PE, symboltoken: 575153
    355. exchange: MCX, tradingsymbol: GOLDM28AUG26139000CE, symboltoken: 575052
    356. exchange: MCX, tradingsymbol: GOLDM28AUG26139000PE, symboltoken: 575152
    357. exchange: MCX, tradingsymbol: GOLDM28AUG26139500CE, symboltoken: 575051
    358. exchange: MCX, tradingsymbol: GOLDM28AUG26139500PE, symboltoken: 575151
    359. exchange: MCX, tradingsymbol: GOLDM28AUG26140000CE, symboltoken: 575050
    360. exchange: MCX, tradingsymbol: GOLDM28AUG26140000PE, symboltoken: 575150
    361. exchange: MCX, tradingsymbol: GOLDM28AUG26140500CE, symboltoken: 575049
    362. exchange: MCX, tradingsymbol: GOLDM28AUG26140500PE, symboltoken: 575149
    363. exchange: MCX, tradingsymbol: GOLDM28AUG26141000CE, symboltoken: 575048
    364. exchange: MCX, tradingsymbol: GOLDM28AUG26141000PE, symboltoken: 575148
    365. exchange: MCX, tradingsymbol: GOLDM28AUG26141500CE, symboltoken: 575047
    366. exchange: MCX, tradingsymbol: GOLDM28AUG26141500PE, symboltoken: 575147
    367. exchange: MCX, tradingsymbol: GOLDM28AUG26142000CE, symboltoken: 575046
    368. exchange: MCX, tradingsymbol: GOLDM28AUG26142000PE, symboltoken: 575146
    369. exchange: MCX, tradingsymbol: GOLDM28AUG26142500CE, symboltoken: 575045
    370. exchange: MCX, tradingsymbol: GOLDM28AUG26142500PE, symboltoken: 575145
    371. exchange: MCX, tradingsymbol: GOLDM28AUG26143000CE, symboltoken: 575044
    372. exchange: MCX, tradingsymbol: GOLDM28AUG26143000PE, symboltoken: 575144
    373. exchange: MCX, tradingsymbol: GOLDM28AUG26143500CE, symboltoken: 575043
    374. exchange: MCX, tradingsymbol: GOLDM28AUG26143500PE, symboltoken: 575143
    375. exchange: MCX, tradingsymbol: GOLDM28AUG26144000CE, symboltoken: 575042
    376. exchange: MCX, tradingsymbol: GOLDM28AUG26144000PE, symboltoken: 575142
    377. exchange: MCX, tradingsymbol: GOLDM28AUG26144500CE, symboltoken: 575041
    378. exchange: MCX, tradingsymbol: GOLDM28AUG26144500PE, symboltoken: 575141
    379. exchange: MCX, tradingsymbol: GOLDM28AUG26145000CE, symboltoken: 575040
    380. exchange: MCX, tradingsymbol: GOLDM28AUG26145000PE, symboltoken: 575140
    381. exchange: MCX, tradingsymbol: GOLDM28AUG26145500CE, symboltoken: 575039
    382. exchange: MCX, tradingsymbol: GOLDM28AUG26145500PE, symboltoken: 575139
    383. exchange: MCX, tradingsymbol: GOLDM28AUG26146000CE, symboltoken: 575038
    384. exchange: MCX, tradingsymbol: GOLDM28AUG26146000PE, symboltoken: 575138
    385. exchange: MCX, tradingsymbol: GOLDM28AUG26146500CE, symboltoken: 575037
    386. exchange: MCX, tradingsymbol: GOLDM28AUG26146500PE, symboltoken: 575137
    387. exchange: MCX, tradingsymbol: GOLDM28AUG26147000CE, symboltoken: 575036
    388. exchange: MCX, tradingsymbol: GOLDM28AUG26147000PE, symboltoken: 575136
    389. exchange: MCX, tradingsymbol: GOLDM28AUG26147500CE, symboltoken: 575035
    390. exchange: MCX, tradingsymbol: GOLDM28AUG26147500PE, symboltoken: 575135
    391. exchange: MCX, tradingsymbol: GOLDM28AUG26148000CE, symboltoken: 575034
    392. exchange: MCX, tradingsymbol: GOLDM28AUG26148000PE, symboltoken: 575134
    393. exchange: MCX, tradingsymbol: GOLDM28AUG26148500CE, symboltoken: 575033
    394. exchange: MCX, tradingsymbol: GOLDM28AUG26148500PE, symboltoken: 575133
    395. exchange: MCX, tradingsymbol: GOLDM28AUG26149000CE, symboltoken: 575032
    396. exchange: MCX, tradingsymbol: GOLDM28AUG26149000PE, symboltoken: 575132
    397. exchange: MCX, tradingsymbol: GOLDM28AUG26149500CE, symboltoken: 575031
    398. exchange: MCX, tradingsymbol: GOLDM28AUG26149500PE, symboltoken: 575131
    399. exchange: MCX, tradingsymbol: GOLDM28AUG26150000CE, symboltoken: 575030
    400. exchange: MCX, tradingsymbol: GOLDM28AUG26150000PE, symboltoken: 575130
    401. exchange: MCX, tradingsymbol: GOLDM28AUG26150500CE, symboltoken: 575029
    402. exchange: MCX, tradingsymbol: GOLDM28AUG26150500PE, symboltoken: 575129
    403. exchange: MCX, tradingsymbol: GOLDM28AUG26151000CE, symboltoken: 575028
    404. exchange: MCX, tradingsymbol: GOLDM28AUG26151000PE, symboltoken: 575128
    405. exchange: MCX, tradingsymbol: GOLDM28AUG26151500CE, symboltoken: 575027
    406. exchange: MCX, tradingsymbol: GOLDM28AUG26151500PE, symboltoken: 575127
    407. exchange: MCX, tradingsymbol: GOLDM28AUG26152000CE, symboltoken: 575026
    408. exchange: MCX, tradingsymbol: GOLDM28AUG26152000PE, symboltoken: 575126
    409. exchange: MCX, tradingsymbol: GOLDM28AUG26152500CE, symboltoken: 575025
    410. exchange: MCX, tradingsymbol: GOLDM28AUG26152500PE, symboltoken: 575125
    411. exchange: MCX, tradingsymbol: GOLDM28AUG26153000CE, symboltoken: 575024
    412. exchange: MCX, tradingsymbol: GOLDM28AUG26153000PE, symboltoken: 575124
    413. exchange: MCX, tradingsymbol: GOLDM28AUG26153500CE, symboltoken: 575023
    414. exchange: MCX, tradingsymbol: GOLDM28AUG26153500PE, symboltoken: 575123
    415. exchange: MCX, tradingsymbol: GOLDM28AUG26154000CE, symboltoken: 575022
    416. exchange: MCX, tradingsymbol: GOLDM28AUG26154000PE, symboltoken: 575122
    417. exchange: MCX, tradingsymbol: GOLDM28AUG26154500CE, symboltoken: 575021
    418. exchange: MCX, tradingsymbol: GOLDM28AUG26154500PE, symboltoken: 575121
    419. exchange: MCX, tradingsymbol: GOLDM28AUG26155000CE, symboltoken: 575020
    420. exchange: MCX, tradingsymbol: GOLDM28AUG26155000PE, symboltoken: 575120
    421. exchange: MCX, tradingsymbol: GOLDM28AUG26155500CE, symboltoken: 575019
    422. exchange: MCX, tradingsymbol: GOLDM28AUG26155500PE, symboltoken: 575119
    423. exchange: MCX, tradingsymbol: GOLDM28AUG26156000CE, symboltoken: 575018
    424. exchange: MCX, tradingsymbol: GOLDM28AUG26156000PE, symboltoken: 575118
    425. exchange: MCX, tradingsymbol: GOLDM28AUG26156500CE, symboltoken: 575012
    426. exchange: MCX, tradingsymbol: GOLDM28AUG26156500PE, symboltoken: 575013
    427. exchange: MCX, tradingsymbol: GOLDM28AUG26157000CE, symboltoken: 575067
    428. exchange: MCX, tradingsymbol: GOLDM28AUG26157000PE, symboltoken: 575167
    429. exchange: MCX, tradingsymbol: GOLDM28AUG26157500CE, symboltoken: 575068
    430. exchange: MCX, tradingsymbol: GOLDM28AUG26157500PE, symboltoken: 575168
    431. exchange: MCX, tradingsymbol: GOLDM28AUG26158000CE, symboltoken: 575069
    432. exchange: MCX, tradingsymbol: GOLDM28AUG26158000PE, symboltoken: 575169
    433. exchange: MCX, tradingsymbol: GOLDM28AUG26158500CE, symboltoken: 575070
    434. exchange: MCX, tradingsymbol: GOLDM28AUG26158500PE, symboltoken: 575170
    435. exchange: MCX, tradingsymbol: GOLDM28AUG26159000CE, symboltoken: 575071
    436. exchange: MCX, tradingsymbol: GOLDM28AUG26159000PE, symboltoken: 575171
    437. exchange: MCX, tradingsymbol: GOLDM28AUG26159500CE, symboltoken: 575072
    438. exchange: MCX, tradingsymbol: GOLDM28AUG26159500PE, symboltoken: 575172
    439. exchange: MCX, tradingsymbol: GOLDM28AUG26160000CE, symboltoken: 575073
    440. exchange: MCX, tradingsymbol: GOLDM28AUG26160000PE, symboltoken: 575173
    441. exchange: MCX, tradingsymbol: GOLDM28AUG26160500CE, symboltoken: 575074
    442. exchange: MCX, tradingsymbol: GOLDM28AUG26160500PE, symboltoken: 575174
    443. exchange: MCX, tradingsymbol: GOLDM28AUG26161000CE, symboltoken: 575075
    444. exchange: MCX, tradingsymbol: GOLDM28AUG26161000PE, symboltoken: 575175
    445. exchange: MCX, tradingsymbol: GOLDM28AUG26161500CE, symboltoken: 575076
    446. exchange: MCX, tradingsymbol: GOLDM28AUG26161500PE, symboltoken: 575176
    447. exchange: MCX, tradingsymbol: GOLDM28AUG26162000CE, symboltoken: 575077
    448. exchange: MCX, tradingsymbol: GOLDM28AUG26162000PE, symboltoken: 575177
    449. exchange: MCX, tradingsymbol: GOLDM28AUG26162500CE, symboltoken: 575078
    450. exchange: MCX, tradingsymbol: GOLDM28AUG26162500PE, symboltoken: 575178
    451. exchange: MCX, tradingsymbol: GOLDM28AUG26163000CE, symboltoken: 575079
    452. exchange: MCX, tradingsymbol: GOLDM28AUG26163000PE, symboltoken: 575179
    453. exchange: MCX, tradingsymbol: GOLDM28AUG26163500CE, symboltoken: 575080
    454. exchange: MCX, tradingsymbol: GOLDM28AUG26163500PE, symboltoken: 575180
    455. exchange: MCX, tradingsymbol: GOLDM28AUG26164000CE, symboltoken: 575081
    456. exchange: MCX, tradingsymbol: GOLDM28AUG26164000PE, symboltoken: 575181
    457. exchange: MCX, tradingsymbol: GOLDM28AUG26164500CE, symboltoken: 575082
    458. exchange: MCX, tradingsymbol: GOLDM28AUG26164500PE, symboltoken: 575182
    459. exchange: MCX, tradingsymbol: GOLDM28AUG26165000CE, symboltoken: 575083
    460. exchange: MCX, tradingsymbol: GOLDM28AUG26165000PE, symboltoken: 575183
    461. exchange: MCX, tradingsymbol: GOLDM28AUG26165500CE, symboltoken: 575084
    462. exchange: MCX, tradingsymbol: GOLDM28AUG26165500PE, symboltoken: 575184
    463. exchange: MCX, tradingsymbol: GOLDM28AUG26166000CE, symboltoken: 575085
    464. exchange: MCX, tradingsymbol: GOLDM28AUG26166000PE, symboltoken: 575185
    465. exchange: MCX, tradingsymbol: GOLDM28AUG26166500CE, symboltoken: 575086
    466. exchange: MCX, tradingsymbol: GOLDM28AUG26166500PE, symboltoken: 575186
    467. exchange: MCX, tradingsymbol: GOLDM28AUG26167000CE, symboltoken: 575087
    468. exchange: MCX, tradingsymbol: GOLDM28AUG26167000PE, symboltoken: 575187
    469. exchange: MCX, tradingsymbol: GOLDM28AUG26167500CE, symboltoken: 575088
    470. exchange: MCX, tradingsymbol: GOLDM28AUG26167500PE, symboltoken: 575188
    471. exchange: MCX, tradingsymbol: GOLDM28AUG26168000CE, symboltoken: 575089
    472. exchange: MCX, tradingsymbol: GOLDM28AUG26168000PE, symboltoken: 575189
    473. exchange: MCX, tradingsymbol: GOLDM28AUG26168500CE, symboltoken: 575090
    474. exchange: MCX, tradingsymbol: GOLDM28AUG26168500PE, symboltoken: 575190
    475. exchange: MCX, tradingsymbol: GOLDM28AUG26169000CE, symboltoken: 575091
    476. exchange: MCX, tradingsymbol: GOLDM28AUG26169000PE, symboltoken: 575191
    477. exchange: MCX, tradingsymbol: GOLDM28AUG26169500CE, symboltoken: 575092
    478. exchange: MCX, tradingsymbol: GOLDM28AUG26169500PE, symboltoken: 575192
    479. exchange: MCX, tradingsymbol: GOLDM28AUG26170000CE, symboltoken: 575093
    480. exchange: MCX, tradingsymbol: GOLDM28AUG26170000PE, symboltoken: 575193
    481. exchange: MCX, tradingsymbol: GOLDM28AUG26170500CE, symboltoken: 575094
    482. exchange: MCX, tradingsymbol: GOLDM28AUG26170500PE, symboltoken: 575194
    483. exchange: MCX, tradingsymbol: GOLDM28AUG26171000CE, symboltoken: 575095
    484. exchange: MCX, tradingsymbol: GOLDM28AUG26171000PE, symboltoken: 575195
    485. exchange: MCX, tradingsymbol: GOLDM28AUG26171500CE, symboltoken: 575096
    486. exchange: MCX, tradingsymbol: GOLDM28AUG26171500PE, symboltoken: 575196
    487. exchange: MCX, tradingsymbol: GOLDM28AUG26172000CE, symboltoken: 575097
    488. exchange: MCX, tradingsymbol: GOLDM28AUG26172000PE, symboltoken: 575197
    489. exchange: MCX, tradingsymbol: GOLDM28AUG26172500CE, symboltoken: 575098
    490. exchange: MCX, tradingsymbol: GOLDM28AUG26172500PE, symboltoken: 575198
    491. exchange: MCX, tradingsymbol: GOLDM28AUG26173000CE, symboltoken: 575099
    492. exchange: MCX, tradingsymbol: GOLDM28AUG26173000PE, symboltoken: 575199
    493. exchange: MCX, tradingsymbol: GOLDM28AUG26173500CE, symboltoken: 575100
    494. exchange: MCX, tradingsymbol: GOLDM28AUG26173500PE, symboltoken: 575200
    495. exchange: MCX, tradingsymbol: GOLDM28AUG26174000CE, symboltoken: 575101
    496. exchange: MCX, tradingsymbol: GOLDM28AUG26174000PE, symboltoken: 575201
    497. exchange: MCX, tradingsymbol: GOLDM28AUG26174500CE, symboltoken: 575102
    498. exchange: MCX, tradingsymbol: GOLDM28AUG26174500PE, symboltoken: 575202
    499. exchange: MCX, tradingsymbol: GOLDM28AUG26175000CE, symboltoken: 575103
    500. exchange: MCX, tradingsymbol: GOLDM28AUG26175000PE, symboltoken: 575203
    501. exchange: MCX, tradingsymbol: GOLDM28AUG26175500CE, symboltoken: 575104
    502. exchange: MCX, tradingsymbol: GOLDM28AUG26175500PE, symboltoken: 575204
    503. exchange: MCX, tradingsymbol: GOLDM28AUG26176000CE, symboltoken: 575105
    504. exchange: MCX, tradingsymbol: GOLDM28AUG26176000PE, symboltoken: 575205
    505. exchange: MCX, tradingsymbol: GOLDM28AUG26176500CE, symboltoken: 575106
    506. exchange: MCX, tradingsymbol: GOLDM28AUG26176500PE, symboltoken: 575206
    507. exchange: MCX, tradingsymbol: GOLDM28AUG26177000CE, symboltoken: 575107
    508. exchange: MCX, tradingsymbol: GOLDM28AUG26177000PE, symboltoken: 575207
    509. exchange: MCX, tradingsymbol: GOLDM28AUG26177500CE, symboltoken: 575108
    510. exchange: MCX, tradingsymbol: GOLDM28AUG26177500PE, symboltoken: 575208
    511. exchange: MCX, tradingsymbol: GOLDM28AUG26178000CE, symboltoken: 575109
    512. exchange: MCX, tradingsymbol: GOLDM28AUG26178000PE, symboltoken: 575209
    513. exchange: MCX, tradingsymbol: GOLDM28AUG26178500CE, symboltoken: 575110
    514. exchange: MCX, tradingsymbol: GOLDM28AUG26178500PE, symboltoken: 575210
    515. exchange: MCX, tradingsymbol: GOLDM28AUG26179000CE, symboltoken: 575111
    516. exchange: MCX, tradingsymbol: GOLDM28AUG26179000PE, symboltoken: 575211
    517. exchange: MCX, tradingsymbol: GOLDM28AUG26179500CE, symboltoken: 575112
    518. exchange: MCX, tradingsymbol: GOLDM28AUG26179500PE, symboltoken: 575212
    519. exchange: MCX, tradingsymbol: GOLDM28AUG26180000CE, symboltoken: 575113
    520. exchange: MCX, tradingsymbol: GOLDM28AUG26180000PE, symboltoken: 575213
    521. exchange: MCX, tradingsymbol: GOLDM28AUG26180500CE, symboltoken: 575114
    522. exchange: MCX, tradingsymbol: GOLDM28AUG26180500PE, symboltoken: 575214
    523. exchange: MCX, tradingsymbol: GOLDM28AUG26181000CE, symboltoken: 575115
    524. exchange: MCX, tradingsymbol: GOLDM28AUG26181000PE, symboltoken: 575215
    525. exchange: MCX, tradingsymbol: GOLDM28AUG26181500CE, symboltoken: 575116
    526. exchange: MCX, tradingsymbol: GOLDM28AUG26181500PE, symboltoken: 575216
    527. exchange: MCX, tradingsymbol: GOLDM28AUG26182000CE, symboltoken: 575117
    528. exchange: MCX, tradingsymbol: GOLDM28AUG26182000PE, symboltoken: 575217
    529. exchange: MCX, tradingsymbol: GOLDM29OCT26124000CE, symboltoken: 581936
    530. exchange: MCX, tradingsymbol: GOLDM29OCT26124000PE, symboltoken: 582036
    531. exchange: MCX, tradingsymbol: GOLDM29OCT26124500CE, symboltoken: 581935
    532. exchange: MCX, tradingsymbol: GOLDM29OCT26124500PE, symboltoken: 582035
    533. exchange: MCX, tradingsymbol: GOLDM29OCT26125000CE, symboltoken: 581934
    534. exchange: MCX, tradingsymbol: GOLDM29OCT26125000PE, symboltoken: 582034
    535. exchange: MCX, tradingsymbol: GOLDM29OCT26125500CE, symboltoken: 581933
    536. exchange: MCX, tradingsymbol: GOLDM29OCT26125500PE, symboltoken: 582033
    537. exchange: MCX, tradingsymbol: GOLDM29OCT26126000CE, symboltoken: 581932
    538. exchange: MCX, tradingsymbol: GOLDM29OCT26126000PE, symboltoken: 582032
    539. exchange: MCX, tradingsymbol: GOLDM29OCT26126500CE, symboltoken: 581931
    540. exchange: MCX, tradingsymbol: GOLDM29OCT26126500PE, symboltoken: 582031
    541. exchange: MCX, tradingsymbol: GOLDM29OCT26127000CE, symboltoken: 581930
    542. exchange: MCX, tradingsymbol: GOLDM29OCT26127000PE, symboltoken: 582030
    543. exchange: MCX, tradingsymbol: GOLDM29OCT26127500CE, symboltoken: 581929
    544. exchange: MCX, tradingsymbol: GOLDM29OCT26127500PE, symboltoken: 582029
    545. exchange: MCX, tradingsymbol: GOLDM29OCT26128000CE, symboltoken: 581928
    546. exchange: MCX, tradingsymbol: GOLDM29OCT26128000PE, symboltoken: 582028
    547. exchange: MCX, tradingsymbol: GOLDM29OCT26128500CE, symboltoken: 581927
    548. exchange: MCX, tradingsymbol: GOLDM29OCT26128500PE, symboltoken: 582027
    549. exchange: MCX, tradingsymbol: GOLDM29OCT26129000CE, symboltoken: 581926
    550. exchange: MCX, tradingsymbol: GOLDM29OCT26129000PE, symboltoken: 582026
    551. exchange: MCX, tradingsymbol: GOLDM29OCT26129500CE, symboltoken: 581925
    552. exchange: MCX, tradingsymbol: GOLDM29OCT26129500PE, symboltoken: 582025
    553. exchange: MCX, tradingsymbol: GOLDM29OCT26130000CE, symboltoken: 581924
    554. exchange: MCX, tradingsymbol: GOLDM29OCT26130000PE, symboltoken: 582024
    555. exchange: MCX, tradingsymbol: GOLDM29OCT26130500CE, symboltoken: 581923
    556. exchange: MCX, tradingsymbol: GOLDM29OCT26130500PE, symboltoken: 582023
    557. exchange: MCX, tradingsymbol: GOLDM29OCT26131000CE, symboltoken: 581922
    558. exchange: MCX, tradingsymbol: GOLDM29OCT26131000PE, symboltoken: 582022
    559. exchange: MCX, tradingsymbol: GOLDM29OCT26131500CE, symboltoken: 581921
    560. exchange: MCX, tradingsymbol: GOLDM29OCT26131500PE, symboltoken: 582021
    561. exchange: MCX, tradingsymbol: GOLDM29OCT26132000CE, symboltoken: 581920
    562. exchange: MCX, tradingsymbol: GOLDM29OCT26132000PE, symboltoken: 582020
    563. exchange: MCX, tradingsymbol: GOLDM29OCT26132500CE, symboltoken: 581919
    564. exchange: MCX, tradingsymbol: GOLDM29OCT26132500PE, symboltoken: 582019
    565. exchange: MCX, tradingsymbol: GOLDM29OCT26133000CE, symboltoken: 581918
    566. exchange: MCX, tradingsymbol: GOLDM29OCT26133000PE, symboltoken: 582018
    567. exchange: MCX, tradingsymbol: GOLDM29OCT26133500CE, symboltoken: 581917
    568. exchange: MCX, tradingsymbol: GOLDM29OCT26133500PE, symboltoken: 582017
    569. exchange: MCX, tradingsymbol: GOLDM29OCT26134000CE, symboltoken: 581916
    570. exchange: MCX, tradingsymbol: GOLDM29OCT26134000PE, symboltoken: 582016
    571. exchange: MCX, tradingsymbol: GOLDM29OCT26134500CE, symboltoken: 581915
    572. exchange: MCX, tradingsymbol: GOLDM29OCT26134500PE, symboltoken: 582015
    573. exchange: MCX, tradingsymbol: GOLDM29OCT26135000CE, symboltoken: 581914
    574. exchange: MCX, tradingsymbol: GOLDM29OCT26135000PE, symboltoken: 582014
    575. exchange: MCX, tradingsymbol: GOLDM29OCT26135500CE, symboltoken: 581913
    576. exchange: MCX, tradingsymbol: GOLDM29OCT26135500PE, symboltoken: 582013
    577. exchange: MCX, tradingsymbol: GOLDM29OCT26136000CE, symboltoken: 581912
    578. exchange: MCX, tradingsymbol: GOLDM29OCT26136000PE, symboltoken: 582012
    579. exchange: MCX, tradingsymbol: GOLDM29OCT26136500CE, symboltoken: 581911
    580. exchange: MCX, tradingsymbol: GOLDM29OCT26136500PE, symboltoken: 582011
    581. exchange: MCX, tradingsymbol: GOLDM29OCT26137000CE, symboltoken: 581910
    582. exchange: MCX, tradingsymbol: GOLDM29OCT26137000PE, symboltoken: 582010
    583. exchange: MCX, tradingsymbol: GOLDM29OCT26137500CE, symboltoken: 581909
    584. exchange: MCX, tradingsymbol: GOLDM29OCT26137500PE, symboltoken: 582009
    585. exchange: MCX, tradingsymbol: GOLDM29OCT26138000CE, symboltoken: 581908
    586. exchange: MCX, tradingsymbol: GOLDM29OCT26138000PE, symboltoken: 582008
    587. exchange: MCX, tradingsymbol: GOLDM29OCT26138500CE, symboltoken: 581907
    588. exchange: MCX, tradingsymbol: GOLDM29OCT26138500PE, symboltoken: 582007
    589. exchange: MCX, tradingsymbol: GOLDM29OCT26139000CE, symboltoken: 581906
    590. exchange: MCX, tradingsymbol: GOLDM29OCT26139000PE, symboltoken: 582006
    591. exchange: MCX, tradingsymbol: GOLDM29OCT26139500CE, symboltoken: 581905
    592. exchange: MCX, tradingsymbol: GOLDM29OCT26139500PE, symboltoken: 582005
    593. exchange: MCX, tradingsymbol: GOLDM29OCT26140000CE, symboltoken: 581904
    594. exchange: MCX, tradingsymbol: GOLDM29OCT26140000PE, symboltoken: 582004
    595. exchange: MCX, tradingsymbol: GOLDM29OCT26140500CE, symboltoken: 581903
    596. exchange: MCX, tradingsymbol: GOLDM29OCT26140500PE, symboltoken: 582003
    597. exchange: MCX, tradingsymbol: GOLDM29OCT26141000CE, symboltoken: 581902
    598. exchange: MCX, tradingsymbol: GOLDM29OCT26141000PE, symboltoken: 582002
    599. exchange: MCX, tradingsymbol: GOLDM29OCT26141500CE, symboltoken: 581901
    600. exchange: MCX, tradingsymbol: GOLDM29OCT26141500PE, symboltoken: 582001
    601. exchange: MCX, tradingsymbol: GOLDM29OCT26142000CE, symboltoken: 581900
    602. exchange: MCX, tradingsymbol: GOLDM29OCT26142000PE, symboltoken: 582000
    603. exchange: MCX, tradingsymbol: GOLDM29OCT26142500CE, symboltoken: 581899
    604. exchange: MCX, tradingsymbol: GOLDM29OCT26142500PE, symboltoken: 581999
    605. exchange: MCX, tradingsymbol: GOLDM29OCT26143000CE, symboltoken: 581898
    606. exchange: MCX, tradingsymbol: GOLDM29OCT26143000PE, symboltoken: 581998
    607. exchange: MCX, tradingsymbol: GOLDM29OCT26143500CE, symboltoken: 581897
    608. exchange: MCX, tradingsymbol: GOLDM29OCT26143500PE, symboltoken: 581997
    609. exchange: MCX, tradingsymbol: GOLDM29OCT26144000CE, symboltoken: 581896
    610. exchange: MCX, tradingsymbol: GOLDM29OCT26144000PE, symboltoken: 581996
    611. exchange: MCX, tradingsymbol: GOLDM29OCT26144500CE, symboltoken: 581895
    612. exchange: MCX, tradingsymbol: GOLDM29OCT26144500PE, symboltoken: 581995
    613. exchange: MCX, tradingsymbol: GOLDM29OCT26145000CE, symboltoken: 581894
    614. exchange: MCX, tradingsymbol: GOLDM29OCT26145000PE, symboltoken: 581994
    615. exchange: MCX, tradingsymbol: GOLDM29OCT26145500CE, symboltoken: 581893
    616. exchange: MCX, tradingsymbol: GOLDM29OCT26145500PE, symboltoken: 581993
    617. exchange: MCX, tradingsymbol: GOLDM29OCT26146000CE, symboltoken: 581892
    618. exchange: MCX, tradingsymbol: GOLDM29OCT26146000PE, symboltoken: 581992
    619. exchange: MCX, tradingsymbol: GOLDM29OCT26146500CE, symboltoken: 581891
    620. exchange: MCX, tradingsymbol: GOLDM29OCT26146500PE, symboltoken: 581991
    621. exchange: MCX, tradingsymbol: GOLDM29OCT26147000CE, symboltoken: 581890
    622. exchange: MCX, tradingsymbol: GOLDM29OCT26147000PE, symboltoken: 581990
    623. exchange: MCX, tradingsymbol: GOLDM29OCT26147500CE, symboltoken: 581889
    624. exchange: MCX, tradingsymbol: GOLDM29OCT26147500PE, symboltoken: 581989
    625. exchange: MCX, tradingsymbol: GOLDM29OCT26148000CE, symboltoken: 581888
    626. exchange: MCX, tradingsymbol: GOLDM29OCT26148000PE, symboltoken: 581988
    627. exchange: MCX, tradingsymbol: GOLDM29OCT26148500CE, symboltoken: 581887
    628. exchange: MCX, tradingsymbol: GOLDM29OCT26148500PE, symboltoken: 581987
    629. exchange: MCX, tradingsymbol: GOLDM29OCT26149000CE, symboltoken: 581937
    630. exchange: MCX, tradingsymbol: GOLDM29OCT26149000PE, symboltoken: 582037
    631. exchange: MCX, tradingsymbol: GOLDM29OCT26149500CE, symboltoken: 581881
    632. exchange: MCX, tradingsymbol: GOLDM29OCT26149500PE, symboltoken: 581882
    633. exchange: MCX, tradingsymbol: GOLDM29OCT26150000CE, symboltoken: 581938
    634. exchange: MCX, tradingsymbol: GOLDM29OCT26150000PE, symboltoken: 582038
    635. exchange: MCX, tradingsymbol: GOLDM29OCT26150500CE, symboltoken: 581939
    636. exchange: MCX, tradingsymbol: GOLDM29OCT26150500PE, symboltoken: 582039
    637. exchange: MCX, tradingsymbol: GOLDM29OCT26151000CE, symboltoken: 581940
    638. exchange: MCX, tradingsymbol: GOLDM29OCT26151000PE, symboltoken: 582040
    639. exchange: MCX, tradingsymbol: GOLDM29OCT26151500CE, symboltoken: 581941
    640. exchange: MCX, tradingsymbol: GOLDM29OCT26151500PE, symboltoken: 582041
    641. exchange: MCX, tradingsymbol: GOLDM29OCT26152000CE, symboltoken: 581942
    642. exchange: MCX, tradingsymbol: GOLDM29OCT26152000PE, symboltoken: 582042
    643. exchange: MCX, tradingsymbol: GOLDM29OCT26152500CE, symboltoken: 581943
    644. exchange: MCX, tradingsymbol: GOLDM29OCT26152500PE, symboltoken: 582043
    645. exchange: MCX, tradingsymbol: GOLDM29OCT26153000CE, symboltoken: 581944
    646. exchange: MCX, tradingsymbol: GOLDM29OCT26153000PE, symboltoken: 582044
    647. exchange: MCX, tradingsymbol: GOLDM29OCT26153500CE, symboltoken: 581945
    648. exchange: MCX, tradingsymbol: GOLDM29OCT26153500PE, symboltoken: 582045
    649. exchange: MCX, tradingsymbol: GOLDM29OCT26154000CE, symboltoken: 581946
    650. exchange: MCX, tradingsymbol: GOLDM29OCT26154000PE, symboltoken: 582046
    651. exchange: MCX, tradingsymbol: GOLDM29OCT26154500CE, symboltoken: 581947
    652. exchange: MCX, tradingsymbol: GOLDM29OCT26154500PE, symboltoken: 582047
    653. exchange: MCX, tradingsymbol: GOLDM29OCT26155000CE, symboltoken: 581948
    654. exchange: MCX, tradingsymbol: GOLDM29OCT26155000PE, symboltoken: 582048
    655. exchange: MCX, tradingsymbol: GOLDM29OCT26155500CE, symboltoken: 581949
    656. exchange: MCX, tradingsymbol: GOLDM29OCT26155500PE, symboltoken: 582049
    657. exchange: MCX, tradingsymbol: GOLDM29OCT26156000CE, symboltoken: 581950
    658. exchange: MCX, tradingsymbol: GOLDM29OCT26156000PE, symboltoken: 582050
    659. exchange: MCX, tradingsymbol: GOLDM29OCT26156500CE, symboltoken: 581951
    660. exchange: MCX, tradingsymbol: GOLDM29OCT26156500PE, symboltoken: 582051
    661. exchange: MCX, tradingsymbol: GOLDM29OCT26157000CE, symboltoken: 581952
    662. exchange: MCX, tradingsymbol: GOLDM29OCT26157000PE, symboltoken: 582052
    663. exchange: MCX, tradingsymbol: GOLDM29OCT26157500CE, symboltoken: 581953
    664. exchange: MCX, tradingsymbol: GOLDM29OCT26157500PE, symboltoken: 582053
    665. exchange: MCX, tradingsymbol: GOLDM29OCT26158000CE, symboltoken: 581954
    666. exchange: MCX, tradingsymbol: GOLDM29OCT26158000PE, symboltoken: 582054
    667. exchange: MCX, tradingsymbol: GOLDM29OCT26158500CE, symboltoken: 581955
    668. exchange: MCX, tradingsymbol: GOLDM29OCT26158500PE, symboltoken: 582055
    669. exchange: MCX, tradingsymbol: GOLDM29OCT26159000CE, symboltoken: 581956
    670. exchange: MCX, tradingsymbol: GOLDM29OCT26159000PE, symboltoken: 582056
    671. exchange: MCX, tradingsymbol: GOLDM29OCT26159500CE, symboltoken: 581957
    672. exchange: MCX, tradingsymbol: GOLDM29OCT26159500PE, symboltoken: 582057
    673. exchange: MCX, tradingsymbol: GOLDM29OCT26160000CE, symboltoken: 581958
    674. exchange: MCX, tradingsymbol: GOLDM29OCT26160000PE, symboltoken: 582058
    675. exchange: MCX, tradingsymbol: GOLDM29OCT26160500CE, symboltoken: 581959
    676. exchange: MCX, tradingsymbol: GOLDM29OCT26160500PE, symboltoken: 582059
    677. exchange: MCX, tradingsymbol: GOLDM29OCT26161000CE, symboltoken: 581960
    678. exchange: MCX, tradingsymbol: GOLDM29OCT26161000PE, symboltoken: 582060
    679. exchange: MCX, tradingsymbol: GOLDM29OCT26161500CE, symboltoken: 581961
    680. exchange: MCX, tradingsymbol: GOLDM29OCT26161500PE, symboltoken: 582061
    681. exchange: MCX, tradingsymbol: GOLDM29OCT26162000CE, symboltoken: 581962
    682. exchange: MCX, tradingsymbol: GOLDM29OCT26162000PE, symboltoken: 582062
    683. exchange: MCX, tradingsymbol: GOLDM29OCT26162500CE, symboltoken: 581963
    684. exchange: MCX, tradingsymbol: GOLDM29OCT26162500PE, symboltoken: 582063
    685. exchange: MCX, tradingsymbol: GOLDM29OCT26163000CE, symboltoken: 581964
    686. exchange: MCX, tradingsymbol: GOLDM29OCT26163000PE, symboltoken: 582064
    687. exchange: MCX, tradingsymbol: GOLDM29OCT26163500CE, symboltoken: 581965
    688. exchange: MCX, tradingsymbol: GOLDM29OCT26163500PE, symboltoken: 582065
    689. exchange: MCX, tradingsymbol: GOLDM29OCT26164000CE, symboltoken: 581966
    690. exchange: MCX, tradingsymbol: GOLDM29OCT26164000PE, symboltoken: 582066
    691. exchange: MCX, tradingsymbol: GOLDM29OCT26164500CE, symboltoken: 581967
    692. exchange: MCX, tradingsymbol: GOLDM29OCT26164500PE, symboltoken: 582067
    693. exchange: MCX, tradingsymbol: GOLDM29OCT26165000CE, symboltoken: 581968
    694. exchange: MCX, tradingsymbol: GOLDM29OCT26165000PE, symboltoken: 582068
    695. exchange: MCX, tradingsymbol: GOLDM29OCT26165500CE, symboltoken: 581969
    696. exchange: MCX, tradingsymbol: GOLDM29OCT26165500PE, symboltoken: 582069
    697. exchange: MCX, tradingsymbol: GOLDM29OCT26166000CE, symboltoken: 581970
    698. exchange: MCX, tradingsymbol: GOLDM29OCT26166000PE, symboltoken: 582070
    699. exchange: MCX, tradingsymbol: GOLDM29OCT26166500CE, symboltoken: 581971
    700. exchange: MCX, tradingsymbol: GOLDM29OCT26166500PE, symboltoken: 582071
    701. exchange: MCX, tradingsymbol: GOLDM29OCT26167000CE, symboltoken: 581972
    702. exchange: MCX, tradingsymbol: GOLDM29OCT26167000PE, symboltoken: 582072
    703. exchange: MCX, tradingsymbol: GOLDM29OCT26167500CE, symboltoken: 581973
    704. exchange: MCX, tradingsymbol: GOLDM29OCT26167500PE, symboltoken: 582073
    705. exchange: MCX, tradingsymbol: GOLDM29OCT26168000CE, symboltoken: 581974
    706. exchange: MCX, tradingsymbol: GOLDM29OCT26168000PE, symboltoken: 582074
    707. exchange: MCX, tradingsymbol: GOLDM29OCT26168500CE, symboltoken: 581975
    708. exchange: MCX, tradingsymbol: GOLDM29OCT26168500PE, symboltoken: 582075
    709. exchange: MCX, tradingsymbol: GOLDM29OCT26169000CE, symboltoken: 581976
    710. exchange: MCX, tradingsymbol: GOLDM29OCT26169000PE, symboltoken: 582076
    711. exchange: MCX, tradingsymbol: GOLDM29OCT26169500CE, symboltoken: 581977
    712. exchange: MCX, tradingsymbol: GOLDM29OCT26169500PE, symboltoken: 582077
    713. exchange: MCX, tradingsymbol: GOLDM29OCT26170000CE, symboltoken: 581978
    714. exchange: MCX, tradingsymbol: GOLDM29OCT26170000PE, symboltoken: 582078
    715. exchange: MCX, tradingsymbol: GOLDM29OCT26170500CE, symboltoken: 581979
    716. exchange: MCX, tradingsymbol: GOLDM29OCT26170500PE, symboltoken: 582079
    717. exchange: MCX, tradingsymbol: GOLDM29OCT26171000CE, symboltoken: 581980
    718. exchange: MCX, tradingsymbol: GOLDM29OCT26171000PE, symboltoken: 582080
    719. exchange: MCX, tradingsymbol: GOLDM29OCT26171500CE, symboltoken: 581981
    720. exchange: MCX, tradingsymbol: GOLDM29OCT26171500PE, symboltoken: 582081
    721. exchange: MCX, tradingsymbol: GOLDM29OCT26172000CE, symboltoken: 581982
    722. exchange: MCX, tradingsymbol: GOLDM29OCT26172000PE, symboltoken: 582082
    723. exchange: MCX, tradingsymbol: GOLDM29OCT26172500CE, symboltoken: 581983
    724. exchange: MCX, tradingsymbol: GOLDM29OCT26172500PE, symboltoken: 582083
    725. exchange: MCX, tradingsymbol: GOLDM29OCT26173000CE, symboltoken: 581984
    726. exchange: MCX, tradingsymbol: GOLDM29OCT26173000PE, symboltoken: 582084
    727. exchange: MCX, tradingsymbol: GOLDM29OCT26173500CE, symboltoken: 581985
    728. exchange: MCX, tradingsymbol: GOLDM29OCT26173500PE, symboltoken: 582085
    729. exchange: MCX, tradingsymbol: GOLDM29OCT26174000CE, symboltoken: 581986
    730. exchange: MCX, tradingsymbol: GOLDM29OCT26174000PE, symboltoken: 582086
    731. exchange: MCX, tradingsymbol: GOLDM29OCT26174500CE, symboltoken: 582115
    732. exchange: MCX, tradingsymbol: GOLDM29OCT26174500PE, symboltoken: 582116
    733. exchange: MCX, tradingsymbol: GOLDM29OCT26175000CE, symboltoken: 582141
    734. exchange: MCX, tradingsymbol: GOLDM29OCT26175000PE, symboltoken: 582149
    735. exchange: MCX, tradingsymbol: GOLDM29OCT26175500CE, symboltoken: 582142
    736. exchange: MCX, tradingsymbol: GOLDM29OCT26175500PE, symboltoken: 582150
    737. exchange: MCX, tradingsymbol: GOLDM29OCT26176000CE, symboltoken: 582143
    738. exchange: MCX, tradingsymbol: GOLDM29OCT26176000PE, symboltoken: 582151
    739. exchange: MCX, tradingsymbol: GOLDM29OCT26176500CE, symboltoken: 582144
    740. exchange: MCX, tradingsymbol: GOLDM29OCT26176500PE, symboltoken: 582152
    741. exchange: MCX, tradingsymbol: GOLDM29OCT26177000CE, symboltoken: 582145
    742. exchange: MCX, tradingsymbol: GOLDM29OCT26177000PE, symboltoken: 582153
    743. exchange: MCX, tradingsymbol: GOLDM29OCT26177500CE, symboltoken: 582146
    744. exchange: MCX, tradingsymbol: GOLDM29OCT26177500PE, symboltoken: 582154
    745. exchange: MCX, tradingsymbol: GOLDM29OCT26178000CE, symboltoken: 582228
    746. exchange: MCX, tradingsymbol: GOLDM29OCT26178000PE, symboltoken: 582234
    747. exchange: MCX, tradingsymbol: GOLDM29OCT26178500CE, symboltoken: 582229
    748. exchange: MCX, tradingsymbol: GOLDM29OCT26178500PE, symboltoken: 582235
    749. exchange: MCX, tradingsymbol: GOLDM29OCT26179000CE, symboltoken: 582230
    750. exchange: MCX, tradingsymbol: GOLDM29OCT26179000PE, symboltoken: 582236
    751. exchange: MCX, tradingsymbol: GOLDM29OCT26179500CE, symboltoken: 582306
    752. exchange: MCX, tradingsymbol: GOLDM29OCT26179500PE, symboltoken: 582308
    753. exchange: MCX, tradingsymbol: GOLDM29OCT26180000CE, symboltoken: 582320
    754. exchange: MCX, tradingsymbol: GOLDM29OCT26180000PE, symboltoken: 582326
    755. exchange: MCX, tradingsymbol: GOLDM29OCT26180500CE, symboltoken: 582321
    756. exchange: MCX, tradingsymbol: GOLDM29OCT26180500PE, symboltoken: 582327
    757. exchange: MCX, tradingsymbol: GOLDM29OCT26181000CE, symboltoken: 582322
    758. exchange: MCX, tradingsymbol: GOLDM29OCT26181000PE, symboltoken: 582328
    759. exchange: MCX, tradingsymbol: GOLDMAHMCOM, symboltoken: 347
    760. exchange: MCX, tradingsymbol: GOLDMCOM, symboltoken: 117
    761. exchange: MCX, tradingsymbol: GOLDMDELCOM, symboltoken: 348
    762. exchange: MCX, tradingsymbol: GOLDMKOLCOM, symboltoken: 349
    763. exchange: MCX, tradingsymbol: GOLDMMUMCOM, symboltoken: 346
    764. exchange: MCX, tradingsymbol: GOLDMUMCOM, symboltoken: 342
    765. exchange: MCX, tradingsymbol: GOLDM29OCT26178000CE, symboltoken: 582228
    766. exchange: MCX, tradingsymbol: GOLDM29OCT26178000PE, symboltoken: 582234
    767. exchange: MCX, tradingsymbol: GOLDM29OCT26178500CE, symboltoken: 582229
    768. exchange: MCX, tradingsymbol: GOLDM29OCT26178500PE, symboltoken: 582235
    769. exchange: MCX, tradingsymbol: GOLDM29OCT26179000CE, symboltoken: 582230
    770. exchange: MCX, tradingsymbol: GOLDM29OCT26179000PE, symboltoken: 582236
    771. exchange: MCX, tradingsymbol: GOLDM29OCT26179500CE, symboltoken: 582306
    772. exchange: MCX, tradingsymbol: GOLDM29OCT26179500PE, symboltoken: 582308
    773. exchange: MCX, tradingsymbol: GOLDM29OCT26180000CE, symboltoken: 582320
    774. exchange: MCX, tradingsymbol: GOLDM29OCT26180000PE, symboltoken: 582326
    775. exchange: MCX, tradingsymbol: GOLDM29OCT26180500CE, symboltoken: 582321
    776. exchange: MCX, tradingsymbol: GOLDM29OCT26180500PE, symboltoken: 582327
    777. exchange: MCX, tradingsymbol: GOLDM29OCT26181000CE, symboltoken: 582322
    778. exchange: MCX, tradingsymbol: GOLDM29OCT26181000PE, symboltoken: 582328
    779. exchange: MCX, tradingsymbol: GOLDMAHMCOM, symboltoken: 347
    780. exchange: MCX, tradingsymbol: GOLDMCOM, symboltoken: 117
INFO:     Shutting down
INFO:     Waiting for application shutdown.
INFO:     Application shutdown complete.
INFO:     Finished server process [68982]
INFO:     Started server process [69524]
INFO:     Waiting for application startup.
INFO:     Application startup complete.
INFO:     Uvicorn running on http://0.0.0.0:8001 (Press CTRL+C to quit)
[I 260817 07:23:16 smartConnect:124] in pool
[I 260817 07:23:16 smartConnect:496] Search successful. Found 780 trading symbols for the given query:
    1. exchange: MCX, tradingsymbol: GOLDM04DEC26FUT, symboltoken: 575011
    2. exchange: MCX, tradingsymbol: GOLDM04SEP26FUT, symboltoken: 563946
    3. exchange: MCX, tradingsymbol: GOLDM05FEB27FUT, symboltoken: 581880
    4. exchange: MCX, tradingsymbol: GOLDM05JAN27FUT, symboltoken: 578779
    5. exchange: MCX, tradingsymbol: GOLDM05NOV26FUT, symboltoken: 571445
    6. exchange: MCX, tradingsymbol: GOLDM05OCT26FUT, symboltoken: 569003
    7. exchange: MCX, tradingsymbol: GOLDM25SEP26116500CE, symboltoken: 580161
    8. exchange: MCX, tradingsymbol: GOLDM25SEP26116500PE, symboltoken: 580165
    9. exchange: MCX, tradingsymbol: GOLDM25SEP26117000CE, symboltoken: 580160
    10. exchange: MCX, tradingsymbol: GOLDM25SEP26117000PE, symboltoken: 580164
    11. exchange: MCX, tradingsymbol: GOLDM25SEP26117500CE, symboltoken: 580159
    12. exchange: MCX, tradingsymbol: GOLDM25SEP26117500PE, symboltoken: 580163
    13. exchange: MCX, tradingsymbol: GOLDM25SEP26118000CE, symboltoken: 579247
    14. exchange: MCX, tradingsymbol: GOLDM25SEP26118000PE, symboltoken: 579258
    15. exchange: MCX, tradingsymbol: GOLDM25SEP26118500CE, symboltoken: 579246
    16. exchange: MCX, tradingsymbol: GOLDM25SEP26118500PE, symboltoken: 579257
    17. exchange: MCX, tradingsymbol: GOLDM25SEP26119000CE, symboltoken: 579245
    18. exchange: MCX, tradingsymbol: GOLDM25SEP26119000PE, symboltoken: 579256
    19. exchange: MCX, tradingsymbol: GOLDM25SEP26119500CE, symboltoken: 579244
    20. exchange: MCX, tradingsymbol: GOLDM25SEP26119500PE, symboltoken: 579255
    21. exchange: MCX, tradingsymbol: GOLDM25SEP26120000CE, symboltoken: 579243
    22. exchange: MCX, tradingsymbol: GOLDM25SEP26120000PE, symboltoken: 579254
    23. exchange: MCX, tradingsymbol: GOLDM25SEP26120500CE, symboltoken: 579242
    24. exchange: MCX, tradingsymbol: GOLDM25SEP26120500PE, symboltoken: 579253
    25. exchange: MCX, tradingsymbol: GOLDM25SEP26121000CE, symboltoken: 579056
    26. exchange: MCX, tradingsymbol: GOLDM25SEP26121000PE, symboltoken: 579058
    27. exchange: MCX, tradingsymbol: GOLDM25SEP26121500CE, symboltoken: 579055
    28. exchange: MCX, tradingsymbol: GOLDM25SEP26121500PE, symboltoken: 579057
    29. exchange: MCX, tradingsymbol: GOLDM25SEP26122000CE, symboltoken: 579019
    30. exchange: MCX, tradingsymbol: GOLDM25SEP26122000PE, symboltoken: 579022
    31. exchange: MCX, tradingsymbol: GOLDM25SEP26122500CE, symboltoken: 579018
    32. exchange: MCX, tradingsymbol: GOLDM25SEP26122500PE, symboltoken: 579021
    33. exchange: MCX, tradingsymbol: GOLDM25SEP26123000CE, symboltoken: 579017
    34. exchange: MCX, tradingsymbol: GOLDM25SEP26123000PE, symboltoken: 579020
    35. exchange: MCX, tradingsymbol: GOLDM25SEP26123500CE, symboltoken: 579013
    36. exchange: MCX, tradingsymbol: GOLDM25SEP26123500PE, symboltoken: 579016
    37. exchange: MCX, tradingsymbol: GOLDM25SEP26124000CE, symboltoken: 579012
    38. exchange: MCX, tradingsymbol: GOLDM25SEP26124000PE, symboltoken: 579015
    39. exchange: MCX, tradingsymbol: GOLDM25SEP26124500CE, symboltoken: 579011
    40. exchange: MCX, tradingsymbol: GOLDM25SEP26124500PE, symboltoken: 579014
    41. exchange: MCX, tradingsymbol: GOLDM25SEP26125000CE, symboltoken: 579005
    42. exchange: MCX, tradingsymbol: GOLDM25SEP26125000PE, symboltoken: 579006
    43. exchange: MCX, tradingsymbol: GOLDM25SEP26125500CE, symboltoken: 578833
    44. exchange: MCX, tradingsymbol: GOLDM25SEP26125500PE, symboltoken: 578933
    45. exchange: MCX, tradingsymbol: GOLDM25SEP26126000CE, symboltoken: 578832
    46. exchange: MCX, tradingsymbol: GOLDM25SEP26126000PE, symboltoken: 578932
    47. exchange: MCX, tradingsymbol: GOLDM25SEP26126500CE, symboltoken: 578831
    48. exchange: MCX, tradingsymbol: GOLDM25SEP26126500PE, symboltoken: 578931
    49. exchange: MCX, tradingsymbol: GOLDM25SEP26127000CE, symboltoken: 578830
    50. exchange: MCX, tradingsymbol: GOLDM25SEP26127000PE, symboltoken: 578930
    51. exchange: MCX, tradingsymbol: GOLDM25SEP26127500CE, symboltoken: 578829
    52. exchange: MCX, tradingsymbol: GOLDM25SEP26127500PE, symboltoken: 578929
    53. exchange: MCX, tradingsymbol: GOLDM25SEP26128000CE, symboltoken: 578828
    54. exchange: MCX, tradingsymbol: GOLDM25SEP26128000PE, symboltoken: 578928
    55. exchange: MCX, tradingsymbol: GOLDM25SEP26128500CE, symboltoken: 578827
    56. exchange: MCX, tradingsymbol: GOLDM25SEP26128500PE, symboltoken: 578927
    57. exchange: MCX, tradingsymbol: GOLDM25SEP26129000CE, symboltoken: 578826
    58. exchange: MCX, tradingsymbol: GOLDM25SEP26129000PE, symboltoken: 578926
    59. exchange: MCX, tradingsymbol: GOLDM25SEP26129500CE, symboltoken: 578825
    60. exchange: MCX, tradingsymbol: GOLDM25SEP26129500PE, symboltoken: 578925
    61. exchange: MCX, tradingsymbol: GOLDM25SEP26130000CE, symboltoken: 578824
    62. exchange: MCX, tradingsymbol: GOLDM25SEP26130000PE, symboltoken: 578924
    63. exchange: MCX, tradingsymbol: GOLDM25SEP26130500CE, symboltoken: 578823
    64. exchange: MCX, tradingsymbol: GOLDM25SEP26130500PE, symboltoken: 578923
    65. exchange: MCX, tradingsymbol: GOLDM25SEP26131000CE, symboltoken: 578822
    66. exchange: MCX, tradingsymbol: GOLDM25SEP26131000PE, symboltoken: 578922
    67. exchange: MCX, tradingsymbol: GOLDM25SEP26131500CE, symboltoken: 578821
    68. exchange: MCX, tradingsymbol: GOLDM25SEP26131500PE, symboltoken: 578921
    69. exchange: MCX, tradingsymbol: GOLDM25SEP26132000CE, symboltoken: 578820
    70. exchange: MCX, tradingsymbol: GOLDM25SEP26132000PE, symboltoken: 578920
    71. exchange: MCX, tradingsymbol: GOLDM25SEP26132500CE, symboltoken: 578819
    72. exchange: MCX, tradingsymbol: GOLDM25SEP26132500PE, symboltoken: 578919
    73. exchange: MCX, tradingsymbol: GOLDM25SEP26133000CE, symboltoken: 578818
    74. exchange: MCX, tradingsymbol: GOLDM25SEP26133000PE, symboltoken: 578918
    75. exchange: MCX, tradingsymbol: GOLDM25SEP26133500CE, symboltoken: 578817
    76. exchange: MCX, tradingsymbol: GOLDM25SEP26133500PE, symboltoken: 578917
    77. exchange: MCX, tradingsymbol: GOLDM25SEP26134000CE, symboltoken: 578816
    78. exchange: MCX, tradingsymbol: GOLDM25SEP26134000PE, symboltoken: 578916
    79. exchange: MCX, tradingsymbol: GOLDM25SEP26134500CE, symboltoken: 578815
    80. exchange: MCX, tradingsymbol: GOLDM25SEP26134500PE, symboltoken: 578915
    81. exchange: MCX, tradingsymbol: GOLDM25SEP26135000CE, symboltoken: 578814
    82. exchange: MCX, tradingsymbol: GOLDM25SEP26135000PE, symboltoken: 578914
    83. exchange: MCX, tradingsymbol: GOLDM25SEP26135500CE, symboltoken: 578813
    84. exchange: MCX, tradingsymbol: GOLDM25SEP26135500PE, symboltoken: 578913
    85. exchange: MCX, tradingsymbol: GOLDM25SEP26136000CE, symboltoken: 578812
    86. exchange: MCX, tradingsymbol: GOLDM25SEP26136000PE, symboltoken: 578912
    87. exchange: MCX, tradingsymbol: GOLDM25SEP26136500CE, symboltoken: 578811
    88. exchange: MCX, tradingsymbol: GOLDM25SEP26136500PE, symboltoken: 578911
    89. exchange: MCX, tradingsymbol: GOLDM25SEP26137000CE, symboltoken: 578810
    90. exchange: MCX, tradingsymbol: GOLDM25SEP26137000PE, symboltoken: 578910
    91. exchange: MCX, tradingsymbol: GOLDM25SEP26137500CE, symboltoken: 578809
    92. exchange: MCX, tradingsymbol: GOLDM25SEP26137500PE, symboltoken: 578909
    93. exchange: MCX, tradingsymbol: GOLDM25SEP26138000CE, symboltoken: 578808
    94. exchange: MCX, tradingsymbol: GOLDM25SEP26138000PE, symboltoken: 578908
    95. exchange: MCX, tradingsymbol: GOLDM25SEP26138500CE, symboltoken: 578807
    96. exchange: MCX, tradingsymbol: GOLDM25SEP26138500PE, symboltoken: 578907
    97. exchange: MCX, tradingsymbol: GOLDM25SEP26139000CE, symboltoken: 578806
    98. exchange: MCX, tradingsymbol: GOLDM25SEP26139000PE, symboltoken: 578906
    99. exchange: MCX, tradingsymbol: GOLDM25SEP26139500CE, symboltoken: 578805
    100. exchange: MCX, tradingsymbol: GOLDM25SEP26139500PE, symboltoken: 578905
    101. exchange: MCX, tradingsymbol: GOLDM25SEP26140000CE, symboltoken: 578804
    102. exchange: MCX, tradingsymbol: GOLDM25SEP26140000PE, symboltoken: 578904
    103. exchange: MCX, tradingsymbol: GOLDM25SEP26140500CE, symboltoken: 578803
    104. exchange: MCX, tradingsymbol: GOLDM25SEP26140500PE, symboltoken: 578903
    105. exchange: MCX, tradingsymbol: GOLDM25SEP26141000CE, symboltoken: 578802
    106. exchange: MCX, tradingsymbol: GOLDM25SEP26141000PE, symboltoken: 578902
    107. exchange: MCX, tradingsymbol: GOLDM25SEP26141500CE, symboltoken: 578801
    108. exchange: MCX, tradingsymbol: GOLDM25SEP26141500PE, symboltoken: 578901
    109. exchange: MCX, tradingsymbol: GOLDM25SEP26142000CE, symboltoken: 578800
    110. exchange: MCX, tradingsymbol: GOLDM25SEP26142000PE, symboltoken: 578900
    111. exchange: MCX, tradingsymbol: GOLDM25SEP26142500CE, symboltoken: 578799
    112. exchange: MCX, tradingsymbol: GOLDM25SEP26142500PE, symboltoken: 578899
    113. exchange: MCX, tradingsymbol: GOLDM25SEP26143000CE, symboltoken: 578798
    114. exchange: MCX, tradingsymbol: GOLDM25SEP26143000PE, symboltoken: 578898
    115. exchange: MCX, tradingsymbol: GOLDM25SEP26143500CE, symboltoken: 578797
    116. exchange: MCX, tradingsymbol: GOLDM25SEP26143500PE, symboltoken: 578897
    117. exchange: MCX, tradingsymbol: GOLDM25SEP26144000CE, symboltoken: 578796
    118. exchange: MCX, tradingsymbol: GOLDM25SEP26144000PE, symboltoken: 578896
    119. exchange: MCX, tradingsymbol: GOLDM25SEP26144500CE, symboltoken: 578795
    120. exchange: MCX, tradingsymbol: GOLDM25SEP26144500PE, symboltoken: 578895
    121. exchange: MCX, tradingsymbol: GOLDM25SEP26145000CE, symboltoken: 578794
    122. exchange: MCX, tradingsymbol: GOLDM25SEP26145000PE, symboltoken: 578894
    123. exchange: MCX, tradingsymbol: GOLDM25SEP26145500CE, symboltoken: 578793
    124. exchange: MCX, tradingsymbol: GOLDM25SEP26145500PE, symboltoken: 578893
    125. exchange: MCX, tradingsymbol: GOLDM25SEP26146000CE, symboltoken: 578792
    126. exchange: MCX, tradingsymbol: GOLDM25SEP26146000PE, symboltoken: 578892
    127. exchange: MCX, tradingsymbol: GOLDM25SEP26146500CE, symboltoken: 578791
    128. exchange: MCX, tradingsymbol: GOLDM25SEP26146500PE, symboltoken: 578891
    129. exchange: MCX, tradingsymbol: GOLDM25SEP26147000CE, symboltoken: 578790
    130. exchange: MCX, tradingsymbol: GOLDM25SEP26147000PE, symboltoken: 578890
    131. exchange: MCX, tradingsymbol: GOLDM25SEP26147500CE, symboltoken: 578789
    132. exchange: MCX, tradingsymbol: GOLDM25SEP26147500PE, symboltoken: 578889
    133. exchange: MCX, tradingsymbol: GOLDM25SEP26148000CE, symboltoken: 578788
    134. exchange: MCX, tradingsymbol: GOLDM25SEP26148000PE, symboltoken: 578888
    135. exchange: MCX, tradingsymbol: GOLDM25SEP26148500CE, symboltoken: 578787
    136. exchange: MCX, tradingsymbol: GOLDM25SEP26148500PE, symboltoken: 578887
    137. exchange: MCX, tradingsymbol: GOLDM25SEP26149000CE, symboltoken: 578786
    138. exchange: MCX, tradingsymbol: GOLDM25SEP26149000PE, symboltoken: 578886
    139. exchange: MCX, tradingsymbol: GOLDM25SEP26149500CE, symboltoken: 578785
    140. exchange: MCX, tradingsymbol: GOLDM25SEP26149500PE, symboltoken: 578885
    141. exchange: MCX, tradingsymbol: GOLDM25SEP26150000CE, symboltoken: 578784
    142. exchange: MCX, tradingsymbol: GOLDM25SEP26150000PE, symboltoken: 578884
    143. exchange: MCX, tradingsymbol: GOLDM25SEP26150500CE, symboltoken: 578780
    144. exchange: MCX, tradingsymbol: GOLDM25SEP26150500PE, symboltoken: 578781
    145. exchange: MCX, tradingsymbol: GOLDM25SEP26151000CE, symboltoken: 578834
    146. exchange: MCX, tradingsymbol: GOLDM25SEP26151000PE, symboltoken: 578934
    147. exchange: MCX, tradingsymbol: GOLDM25SEP26151500CE, symboltoken: 578835
    148. exchange: MCX, tradingsymbol: GOLDM25SEP26151500PE, symboltoken: 578935
    149. exchange: MCX, tradingsymbol: GOLDM25SEP26152000CE, symboltoken: 578836
    150. exchange: MCX, tradingsymbol: GOLDM25SEP26152000PE, symboltoken: 578936
    151. exchange: MCX, tradingsymbol: GOLDM25SEP26152500CE, symboltoken: 578837
    152. exchange: MCX, tradingsymbol: GOLDM25SEP26152500PE, symboltoken: 578937
    153. exchange: MCX, tradingsymbol: GOLDM25SEP26153000CE, symboltoken: 578838
    154. exchange: MCX, tradingsymbol: GOLDM25SEP26153000PE, symboltoken: 578938
    155. exchange: MCX, tradingsymbol: GOLDM25SEP26153500CE, symboltoken: 578839
    156. exchange: MCX, tradingsymbol: GOLDM25SEP26153500PE, symboltoken: 578939
    157. exchange: MCX, tradingsymbol: GOLDM25SEP26154000CE, symboltoken: 578840
    158. exchange: MCX, tradingsymbol: GOLDM25SEP26154000PE, symboltoken: 578940
    159. exchange: MCX, tradingsymbol: GOLDM25SEP26154500CE, symboltoken: 578841
    160. exchange: MCX, tradingsymbol: GOLDM25SEP26154500PE, symboltoken: 578941
    161. exchange: MCX, tradingsymbol: GOLDM25SEP26155000CE, symboltoken: 578842
    162. exchange: MCX, tradingsymbol: GOLDM25SEP26155000PE, symboltoken: 578942
    163. exchange: MCX, tradingsymbol: GOLDM25SEP26155500CE, symboltoken: 578843
    164. exchange: MCX, tradingsymbol: GOLDM25SEP26155500PE, symboltoken: 578943
    165. exchange: MCX, tradingsymbol: GOLDM25SEP26156000CE, symboltoken: 578844
    166. exchange: MCX, tradingsymbol: GOLDM25SEP26156000PE, symboltoken: 578944
    167. exchange: MCX, tradingsymbol: GOLDM25SEP26156500CE, symboltoken: 578845
    168. exchange: MCX, tradingsymbol: GOLDM25SEP26156500PE, symboltoken: 578945
    169. exchange: MCX, tradingsymbol: GOLDM25SEP26157000CE, symboltoken: 578846
    170. exchange: MCX, tradingsymbol: GOLDM25SEP26157000PE, symboltoken: 578946
    171. exchange: MCX, tradingsymbol: GOLDM25SEP26157500CE, symboltoken: 578847
    172. exchange: MCX, tradingsymbol: GOLDM25SEP26157500PE, symboltoken: 578947
    173. exchange: MCX, tradingsymbol: GOLDM25SEP26158000CE, symboltoken: 578848
    174. exchange: MCX, tradingsymbol: GOLDM25SEP26158000PE, symboltoken: 578948
    175. exchange: MCX, tradingsymbol: GOLDM25SEP26158500CE, symboltoken: 578849
    176. exchange: MCX, tradingsymbol: GOLDM25SEP26158500PE, symboltoken: 578949
    177. exchange: MCX, tradingsymbol: GOLDM25SEP26159000CE, symboltoken: 578850
    178. exchange: MCX, tradingsymbol: GOLDM25SEP26159000PE, symboltoken: 578950
    179. exchange: MCX, tradingsymbol: GOLDM25SEP26159500CE, symboltoken: 578851
    180. exchange: MCX, tradingsymbol: GOLDM25SEP26159500PE, symboltoken: 578951
    181. exchange: MCX, tradingsymbol: GOLDM25SEP26160000CE, symboltoken: 578852
    182. exchange: MCX, tradingsymbol: GOLDM25SEP26160000PE, symboltoken: 578952
    183. exchange: MCX, tradingsymbol: GOLDM25SEP26160500CE, symboltoken: 578853
    184. exchange: MCX, tradingsymbol: GOLDM25SEP26160500PE, symboltoken: 578953
    185. exchange: MCX, tradingsymbol: GOLDM25SEP26161000CE, symboltoken: 578854
    186. exchange: MCX, tradingsymbol: GOLDM25SEP26161000PE, symboltoken: 578954
    187. exchange: MCX, tradingsymbol: GOLDM25SEP26161500CE, symboltoken: 578855
    188. exchange: MCX, tradingsymbol: GOLDM25SEP26161500PE, symboltoken: 578955
    189. exchange: MCX, tradingsymbol: GOLDM25SEP26162000CE, symboltoken: 578856
    190. exchange: MCX, tradingsymbol: GOLDM25SEP26162000PE, symboltoken: 578956
    191. exchange: MCX, tradingsymbol: GOLDM25SEP26162500CE, symboltoken: 578857
    192. exchange: MCX, tradingsymbol: GOLDM25SEP26162500PE, symboltoken: 578957
    193. exchange: MCX, tradingsymbol: GOLDM25SEP26163000CE, symboltoken: 578858
    194. exchange: MCX, tradingsymbol: GOLDM25SEP26163000PE, symboltoken: 578958
    195. exchange: MCX, tradingsymbol: GOLDM25SEP26163500CE, symboltoken: 578859
    196. exchange: MCX, tradingsymbol: GOLDM25SEP26163500PE, symboltoken: 578959
    197. exchange: MCX, tradingsymbol: GOLDM25SEP26164000CE, symboltoken: 578860
    198. exchange: MCX, tradingsymbol: GOLDM25SEP26164000PE, symboltoken: 578960
    199. exchange: MCX, tradingsymbol: GOLDM25SEP26164500CE, symboltoken: 578861
    200. exchange: MCX, tradingsymbol: GOLDM25SEP26164500PE, symboltoken: 578961
    201. exchange: MCX, tradingsymbol: GOLDM25SEP26165000CE, symboltoken: 578862
    202. exchange: MCX, tradingsymbol: GOLDM25SEP26165000PE, symboltoken: 578962
    203. exchange: MCX, tradingsymbol: GOLDM25SEP26165500CE, symboltoken: 578863
    204. exchange: MCX, tradingsymbol: GOLDM25SEP26165500PE, symboltoken: 578963
    205. exchange: MCX, tradingsymbol: GOLDM25SEP26166000CE, symboltoken: 578864
    206. exchange: MCX, tradingsymbol: GOLDM25SEP26166000PE, symboltoken: 578964
    207. exchange: MCX, tradingsymbol: GOLDM25SEP26166500CE, symboltoken: 578865
    208. exchange: MCX, tradingsymbol: GOLDM25SEP26166500PE, symboltoken: 578965
    209. exchange: MCX, tradingsymbol: GOLDM25SEP26167000CE, symboltoken: 578866
    210. exchange: MCX, tradingsymbol: GOLDM25SEP26167000PE, symboltoken: 578966
    211. exchange: MCX, tradingsymbol: GOLDM25SEP26167500CE, symboltoken: 578867
    212. exchange: MCX, tradingsymbol: GOLDM25SEP26167500PE, symboltoken: 578967
    213. exchange: MCX, tradingsymbol: GOLDM25SEP26168000CE, symboltoken: 578868
    214. exchange: MCX, tradingsymbol: GOLDM25SEP26168000PE, symboltoken: 578968
    215. exchange: MCX, tradingsymbol: GOLDM25SEP26168500CE, symboltoken: 578869
    216. exchange: MCX, tradingsymbol: GOLDM25SEP26168500PE, symboltoken: 578969
    217. exchange: MCX, tradingsymbol: GOLDM25SEP26169000CE, symboltoken: 578870
    218. exchange: MCX, tradingsymbol: GOLDM25SEP26169000PE, symboltoken: 578970
    219. exchange: MCX, tradingsymbol: GOLDM25SEP26169500CE, symboltoken: 578871
    220. exchange: MCX, tradingsymbol: GOLDM25SEP26169500PE, symboltoken: 578971
    221. exchange: MCX, tradingsymbol: GOLDM25SEP26170000CE, symboltoken: 578872
    222. exchange: MCX, tradingsymbol: GOLDM25SEP26170000PE, symboltoken: 578972
    223. exchange: MCX, tradingsymbol: GOLDM25SEP26170500CE, symboltoken: 578873
    224. exchange: MCX, tradingsymbol: GOLDM25SEP26170500PE, symboltoken: 578973
    225. exchange: MCX, tradingsymbol: GOLDM25SEP26171000CE, symboltoken: 578874
    226. exchange: MCX, tradingsymbol: GOLDM25SEP26171000PE, symboltoken: 578974
    227. exchange: MCX, tradingsymbol: GOLDM25SEP26171500CE, symboltoken: 578875
    228. exchange: MCX, tradingsymbol: GOLDM25SEP26171500PE, symboltoken: 578975
    229. exchange: MCX, tradingsymbol: GOLDM25SEP26172000CE, symboltoken: 578876
    230. exchange: MCX, tradingsymbol: GOLDM25SEP26172000PE, symboltoken: 578976
    231. exchange: MCX, tradingsymbol: GOLDM25SEP26172500CE, symboltoken: 578877
    232. exchange: MCX, tradingsymbol: GOLDM25SEP26172500PE, symboltoken: 578977
    233. exchange: MCX, tradingsymbol: GOLDM25SEP26173000CE, symboltoken: 578878
    234. exchange: MCX, tradingsymbol: GOLDM25SEP26173000PE, symboltoken: 578978
    235. exchange: MCX, tradingsymbol: GOLDM25SEP26173500CE, symboltoken: 578879
    236. exchange: MCX, tradingsymbol: GOLDM25SEP26173500PE, symboltoken: 578979
    237. exchange: MCX, tradingsymbol: GOLDM25SEP26174000CE, symboltoken: 578880
    238. exchange: MCX, tradingsymbol: GOLDM25SEP26174000PE, symboltoken: 578980
    239. exchange: MCX, tradingsymbol: GOLDM25SEP26174500CE, symboltoken: 578881
    240. exchange: MCX, tradingsymbol: GOLDM25SEP26174500PE, symboltoken: 578981
    241. exchange: MCX, tradingsymbol: GOLDM25SEP26175000CE, symboltoken: 578882
    242. exchange: MCX, tradingsymbol: GOLDM25SEP26175000PE, symboltoken: 578982
    243. exchange: MCX, tradingsymbol: GOLDM25SEP26175500CE, symboltoken: 578883
    244. exchange: MCX, tradingsymbol: GOLDM25SEP26175500PE, symboltoken: 578983
    245. exchange: MCX, tradingsymbol: GOLDM25SEP26176000CE, symboltoken: 582139
    246. exchange: MCX, tradingsymbol: GOLDM25SEP26176000PE, symboltoken: 582147
    247. exchange: MCX, tradingsymbol: GOLDM25SEP26176500CE, symboltoken: 582140
    248. exchange: MCX, tradingsymbol: GOLDM25SEP26176500PE, symboltoken: 582148
    249. exchange: MCX, tradingsymbol: GOLDM25SEP26177000CE, symboltoken: 582225
    250. exchange: MCX, tradingsymbol: GOLDM25SEP26177000PE, symboltoken: 582231
    251. exchange: MCX, tradingsymbol: GOLDM25SEP26177500CE, symboltoken: 582226
    252. exchange: MCX, tradingsymbol: GOLDM25SEP26177500PE, symboltoken: 582232
    253. exchange: MCX, tradingsymbol: GOLDM25SEP26178000CE, symboltoken: 582227
    254. exchange: MCX, tradingsymbol: GOLDM25SEP26178000PE, symboltoken: 582233
    255. exchange: MCX, tradingsymbol: GOLDM25SEP26178500CE, symboltoken: 582305
    256. exchange: MCX, tradingsymbol: GOLDM25SEP26178500PE, symboltoken: 582307
    257. exchange: MCX, tradingsymbol: GOLDM25SEP26179000CE, symboltoken: 582317
    258. exchange: MCX, tradingsymbol: GOLDM25SEP26179000PE, symboltoken: 582323
    259. exchange: MCX, tradingsymbol: GOLDM25SEP26179500CE, symboltoken: 582318
    260. exchange: MCX, tradingsymbol: GOLDM25SEP26179500PE, symboltoken: 582324
    261. exchange: MCX, tradingsymbol: GOLDM25SEP26180000CE, symboltoken: 582319
    262. exchange: MCX, tradingsymbol: GOLDM25SEP26180000PE, symboltoken: 582325
    263. exchange: MCX, tradingsymbol: GOLDM28AUG26116000CE, symboltoken: 580158
    264. exchange: MCX, tradingsymbol: GOLDM28AUG26116000PE, symboltoken: 580162
    265. exchange: MCX, tradingsymbol: GOLDM28AUG26116500CE, symboltoken: 579241
    266. exchange: MCX, tradingsymbol: GOLDM28AUG26116500PE, symboltoken: 579252
    267. exchange: MCX, tradingsymbol: GOLDM28AUG26117000CE, symboltoken: 579240
    268. exchange: MCX, tradingsymbol: GOLDM28AUG26117000PE, symboltoken: 579251
    269. exchange: MCX, tradingsymbol: GOLDM28AUG26117500CE, symboltoken: 579239
    270. exchange: MCX, tradingsymbol: GOLDM28AUG26117500PE, symboltoken: 579250
    271. exchange: MCX, tradingsymbol: GOLDM28AUG26118000CE, symboltoken: 577377
    272. exchange: MCX, tradingsymbol: GOLDM28AUG26118000PE, symboltoken: 577408
    273. exchange: MCX, tradingsymbol: GOLDM28AUG26118500CE, symboltoken: 577376
    274. exchange: MCX, tradingsymbol: GOLDM28AUG26118500PE, symboltoken: 577407
    275. exchange: MCX, tradingsymbol: GOLDM28AUG26119000CE, symboltoken: 577375
    276. exchange: MCX, tradingsymbol: GOLDM28AUG26119000PE, symboltoken: 577406
    277. exchange: MCX, tradingsymbol: GOLDM28AUG26119500CE, symboltoken: 577374
    278. exchange: MCX, tradingsymbol: GOLDM28AUG26119500PE, symboltoken: 577405
    279. exchange: MCX, tradingsymbol: GOLDM28AUG26120000CE, symboltoken: 577373
    280. exchange: MCX, tradingsymbol: GOLDM28AUG26120000PE, symboltoken: 577404
    281. exchange: MCX, tradingsymbol: GOLDM28AUG26120500CE, symboltoken: 577372
    282. exchange: MCX, tradingsymbol: GOLDM28AUG26120500PE, symboltoken: 577403
    283. exchange: MCX, tradingsymbol: GOLDM28AUG26121000CE, symboltoken: 577371
    284. exchange: MCX, tradingsymbol: GOLDM28AUG26121000PE, symboltoken: 577402
    285. exchange: MCX, tradingsymbol: GOLDM28AUG26121500CE, symboltoken: 577370
    286. exchange: MCX, tradingsymbol: GOLDM28AUG26121500PE, symboltoken: 577401
    287. exchange: MCX, tradingsymbol: GOLDM28AUG26122000CE, symboltoken: 577369
    288. exchange: MCX, tradingsymbol: GOLDM28AUG26122000PE, symboltoken: 577400
    289. exchange: MCX, tradingsymbol: GOLDM28AUG26122500CE, symboltoken: 577368
    290. exchange: MCX, tradingsymbol: GOLDM28AUG26122500PE, symboltoken: 577399
    291. exchange: MCX, tradingsymbol: GOLDM28AUG26123000CE, symboltoken: 577367
    292. exchange: MCX, tradingsymbol: GOLDM28AUG26123000PE, symboltoken: 577398
    293. exchange: MCX, tradingsymbol: GOLDM28AUG26123500CE, symboltoken: 576957
    294. exchange: MCX, tradingsymbol: GOLDM28AUG26123500PE, symboltoken: 576960
    295. exchange: MCX, tradingsymbol: GOLDM28AUG26124000CE, symboltoken: 576901
    296. exchange: MCX, tradingsymbol: GOLDM28AUG26124000PE, symboltoken: 576908
    297. exchange: MCX, tradingsymbol: GOLDM28AUG26124500CE, symboltoken: 576900
    298. exchange: MCX, tradingsymbol: GOLDM28AUG26124500PE, symboltoken: 576907
    299. exchange: MCX, tradingsymbol: GOLDM28AUG26125000CE, symboltoken: 575569
    300. exchange: MCX, tradingsymbol: GOLDM28AUG26125000PE, symboltoken: 575595
    301. exchange: MCX, tradingsymbol: GOLDM28AUG26125500CE, symboltoken: 575568
    302. exchange: MCX, tradingsymbol: GOLDM28AUG26125500PE, symboltoken: 575594
    303. exchange: MCX, tradingsymbol: GOLDM28AUG26126000CE, symboltoken: 575567
    304. exchange: MCX, tradingsymbol: GOLDM28AUG26126000PE, symboltoken: 575593
    305. exchange: MCX, tradingsymbol: GOLDM28AUG26126500CE, symboltoken: 575566
    306. exchange: MCX, tradingsymbol: GOLDM28AUG26126500PE, symboltoken: 575592
    307. exchange: MCX, tradingsymbol: GOLDM28AUG26127000CE, symboltoken: 575565
    308. exchange: MCX, tradingsymbol: GOLDM28AUG26127000PE, symboltoken: 575591
    309. exchange: MCX, tradingsymbol: GOLDM28AUG26127500CE, symboltoken: 575564
    310. exchange: MCX, tradingsymbol: GOLDM28AUG26127500PE, symboltoken: 575590
    311. exchange: MCX, tradingsymbol: GOLDM28AUG26128000CE, symboltoken: 575563
    312. exchange: MCX, tradingsymbol: GOLDM28AUG26128000PE, symboltoken: 575589
    313. exchange: MCX, tradingsymbol: GOLDM28AUG26128500CE, symboltoken: 575562
    314. exchange: MCX, tradingsymbol: GOLDM28AUG26128500PE, symboltoken: 575588
    315. exchange: MCX, tradingsymbol: GOLDM28AUG26129000CE, symboltoken: 575561
    316. exchange: MCX, tradingsymbol: GOLDM28AUG26129000PE, symboltoken: 575587
    317. exchange: MCX, tradingsymbol: GOLDM28AUG26129500CE, symboltoken: 575408
    318. exchange: MCX, tradingsymbol: GOLDM28AUG26129500PE, symboltoken: 575413
    319. exchange: MCX, tradingsymbol: GOLDM28AUG26130000CE, symboltoken: 575407
    320. exchange: MCX, tradingsymbol: GOLDM28AUG26130000PE, symboltoken: 575412
    321. exchange: MCX, tradingsymbol: GOLDM28AUG26130500CE, symboltoken: 575406
    322. exchange: MCX, tradingsymbol: GOLDM28AUG26130500PE, symboltoken: 575411
    323. exchange: MCX, tradingsymbol: GOLDM28AUG26131000CE, symboltoken: 575405
    324. exchange: MCX, tradingsymbol: GOLDM28AUG26131000PE, symboltoken: 575410
    325. exchange: MCX, tradingsymbol: GOLDM28AUG26131500CE, symboltoken: 575360
    326. exchange: MCX, tradingsymbol: GOLDM28AUG26131500PE, symboltoken: 575361
    327. exchange: MCX, tradingsymbol: GOLDM28AUG26132000CE, symboltoken: 575066
    328. exchange: MCX, tradingsymbol: GOLDM28AUG26132000PE, symboltoken: 575166
    329. exchange: MCX, tradingsymbol: GOLDM28AUG26132500CE, symboltoken: 575065
    330. exchange: MCX, tradingsymbol: GOLDM28AUG26132500PE, symboltoken: 575165
    331. exchange: MCX, tradingsymbol: GOLDM28AUG26133000CE, symboltoken: 575064
    332. exchange: MCX, tradingsymbol: GOLDM28AUG26133000PE, symboltoken: 575164
    333. exchange: MCX, tradingsymbol: GOLDM28AUG26133500CE, symboltoken: 575063
    334. exchange: MCX, tradingsymbol: GOLDM28AUG26133500PE, symboltoken: 575163
    335. exchange: MCX, tradingsymbol: GOLDM28AUG26134000CE, symboltoken: 575062
    336. exchange: MCX, tradingsymbol: GOLDM28AUG26134000PE, symboltoken: 575162
    337. exchange: MCX, tradingsymbol: GOLDM28AUG26134500CE, symboltoken: 575061
    338. exchange: MCX, tradingsymbol: GOLDM28AUG26134500PE, symboltoken: 575161
    339. exchange: MCX, tradingsymbol: GOLDM28AUG26135000CE, symboltoken: 575060
    340. exchange: MCX, tradingsymbol: GOLDM28AUG26135000PE, symboltoken: 575160
    341. exchange: MCX, tradingsymbol: GOLDM28AUG26135500CE, symboltoken: 575059
    342. exchange: MCX, tradingsymbol: GOLDM28AUG26135500PE, symboltoken: 575159
    343. exchange: MCX, tradingsymbol: GOLDM28AUG26136000CE, symboltoken: 575058
    344. exchange: MCX, tradingsymbol: GOLDM28AUG26136000PE, symboltoken: 575158
    345. exchange: MCX, tradingsymbol: GOLDM28AUG26136500CE, symboltoken: 575057
    346. exchange: MCX, tradingsymbol: GOLDM28AUG26136500PE, symboltoken: 575157
    347. exchange: MCX, tradingsymbol: GOLDM28AUG26137000CE, symboltoken: 575056
    348. exchange: MCX, tradingsymbol: GOLDM28AUG26137000PE, symboltoken: 575156
    349. exchange: MCX, tradingsymbol: GOLDM28AUG26137500CE, symboltoken: 575055
    350. exchange: MCX, tradingsymbol: GOLDM28AUG26137500PE, symboltoken: 575155
    351. exchange: MCX, tradingsymbol: GOLDM28AUG26138000CE, symboltoken: 575054
    352. exchange: MCX, tradingsymbol: GOLDM28AUG26138000PE, symboltoken: 575154
    353. exchange: MCX, tradingsymbol: GOLDM28AUG26138500CE, symboltoken: 575053
    354. exchange: MCX, tradingsymbol: GOLDM28AUG26138500PE, symboltoken: 575153
    355. exchange: MCX, tradingsymbol: GOLDM28AUG26139000CE, symboltoken: 575052
    356. exchange: MCX, tradingsymbol: GOLDM28AUG26139000PE, symboltoken: 575152
    357. exchange: MCX, tradingsymbol: GOLDM28AUG26139500CE, symboltoken: 575051
    358. exchange: MCX, tradingsymbol: GOLDM28AUG26139500PE, symboltoken: 575151
    359. exchange: MCX, tradingsymbol: GOLDM28AUG26140000CE, symboltoken: 575050
    360. exchange: MCX, tradingsymbol: GOLDM28AUG26140000PE, symboltoken: 575150
    361. exchange: MCX, tradingsymbol: GOLDM28AUG26140500CE, symboltoken: 575049
    362. exchange: MCX, tradingsymbol: GOLDM28AUG26140500PE, symboltoken: 575149
    363. exchange: MCX, tradingsymbol: GOLDM28AUG26141000CE, symboltoken: 575048
    364. exchange: MCX, tradingsymbol: GOLDM28AUG26141000PE, symboltoken: 575148
    365. exchange: MCX, tradingsymbol: GOLDM28AUG26141500CE, symboltoken: 575047
    366. exchange: MCX, tradingsymbol: GOLDM28AUG26141500PE, symboltoken: 575147
    367. exchange: MCX, tradingsymbol: GOLDM28AUG26142000CE, symboltoken: 575046
    368. exchange: MCX, tradingsymbol: GOLDM28AUG26142000PE, symboltoken: 575146
    369. exchange: MCX, tradingsymbol: GOLDM28AUG26142500CE, symboltoken: 575045
    370. exchange: MCX, tradingsymbol: GOLDM28AUG26142500PE, symboltoken: 575145
    371. exchange: MCX, tradingsymbol: GOLDM28AUG26143000CE, symboltoken: 575044
    372. exchange: MCX, tradingsymbol: GOLDM28AUG26143000PE, symboltoken: 575144
    373. exchange: MCX, tradingsymbol: GOLDM28AUG26143500CE, symboltoken: 575043
    374. exchange: MCX, tradingsymbol: GOLDM28AUG26143500PE, symboltoken: 575143
    375. exchange: MCX, tradingsymbol: GOLDM28AUG26144000CE, symboltoken: 575042
    376. exchange: MCX, tradingsymbol: GOLDM28AUG26144000PE, symboltoken: 575142
    377. exchange: MCX, tradingsymbol: GOLDM28AUG26144500CE, symboltoken: 575041
    378. exchange: MCX, tradingsymbol: GOLDM28AUG26144500PE, symboltoken: 575141
    379. exchange: MCX, tradingsymbol: GOLDM28AUG26145000CE, symboltoken: 575040
    380. exchange: MCX, tradingsymbol: GOLDM28AUG26145000PE, symboltoken: 575140
    381. exchange: MCX, tradingsymbol: GOLDM28AUG26145500CE, symboltoken: 575039
    382. exchange: MCX, tradingsymbol: GOLDM28AUG26145500PE, symboltoken: 575139
    383. exchange: MCX, tradingsymbol: GOLDM28AUG26146000CE, symboltoken: 575038
    384. exchange: MCX, tradingsymbol: GOLDM28AUG26146000PE, symboltoken: 575138
    385. exchange: MCX, tradingsymbol: GOLDM28AUG26146500CE, symboltoken: 575037
    386. exchange: MCX, tradingsymbol: GOLDM28AUG26146500PE, symboltoken: 575137
    387. exchange: MCX, tradingsymbol: GOLDM28AUG26147000CE, symboltoken: 575036
    388. exchange: MCX, tradingsymbol: GOLDM28AUG26147000PE, symboltoken: 575136
    389. exchange: MCX, tradingsymbol: GOLDM28AUG26147500CE, symboltoken: 575035
    390. exchange: MCX, tradingsymbol: GOLDM28AUG26147500PE, symboltoken: 575135
    391. exchange: MCX, tradingsymbol: GOLDM28AUG26148000CE, symboltoken: 575034
    392. exchange: MCX, tradingsymbol: GOLDM28AUG26148000PE, symboltoken: 575134
    393. exchange: MCX, tradingsymbol: GOLDM28AUG26148500CE, symboltoken: 575033
    394. exchange: MCX, tradingsymbol: GOLDM28AUG26148500PE, symboltoken: 575133
    395. exchange: MCX, tradingsymbol: GOLDM28AUG26149000CE, symboltoken: 575032
    396. exchange: MCX, tradingsymbol: GOLDM28AUG26149000PE, symboltoken: 575132
    397. exchange: MCX, tradingsymbol: GOLDM28AUG26149500CE, symboltoken: 575031
    398. exchange: MCX, tradingsymbol: GOLDM28AUG26149500PE, symboltoken: 575131
    399. exchange: MCX, tradingsymbol: GOLDM28AUG26150000CE, symboltoken: 575030
    400. exchange: MCX, tradingsymbol: GOLDM28AUG26150000PE, symboltoken: 575130
    401. exchange: MCX, tradingsymbol: GOLDM28AUG26150500CE, symboltoken: 575029
    402. exchange: MCX, tradingsymbol: GOLDM28AUG26150500PE, symboltoken: 575129
    403. exchange: MCX, tradingsymbol: GOLDM28AUG26151000CE, symboltoken: 575028
    404. exchange: MCX, tradingsymbol: GOLDM28AUG26151000PE, symboltoken: 575128
    405. exchange: MCX, tradingsymbol: GOLDM28AUG26151500CE, symboltoken: 575027
    406. exchange: MCX, tradingsymbol: GOLDM28AUG26151500PE, symboltoken: 575127
    407. exchange: MCX, tradingsymbol: GOLDM28AUG26152000CE, symboltoken: 575026
    408. exchange: MCX, tradingsymbol: GOLDM28AUG26152000PE, symboltoken: 575126
    409. exchange: MCX, tradingsymbol: GOLDM28AUG26152500CE, symboltoken: 575025
    410. exchange: MCX, tradingsymbol: GOLDM28AUG26152500PE, symboltoken: 575125
    411. exchange: MCX, tradingsymbol: GOLDM28AUG26153000CE, symboltoken: 575024
    412. exchange: MCX, tradingsymbol: GOLDM28AUG26153000PE, symboltoken: 575124
    413. exchange: MCX, tradingsymbol: GOLDM28AUG26153500CE, symboltoken: 575023
    414. exchange: MCX, tradingsymbol: GOLDM28AUG26153500PE, symboltoken: 575123
    415. exchange: MCX, tradingsymbol: GOLDM28AUG26154000CE, symboltoken: 575022
    416. exchange: MCX, tradingsymbol: GOLDM28AUG26154000PE, symboltoken: 575122
    417. exchange: MCX, tradingsymbol: GOLDM28AUG26154500CE, symboltoken: 575021
    418. exchange: MCX, tradingsymbol: GOLDM28AUG26154500PE, symboltoken: 575121
    419. exchange: MCX, tradingsymbol: GOLDM28AUG26155000CE, symboltoken: 575020
    420. exchange: MCX, tradingsymbol: GOLDM28AUG26155000PE, symboltoken: 575120
    421. exchange: MCX, tradingsymbol: GOLDM28AUG26155500CE, symboltoken: 575019
    422. exchange: MCX, tradingsymbol: GOLDM28AUG26155500PE, symboltoken: 575119
    423. exchange: MCX, tradingsymbol: GOLDM28AUG26156000CE, symboltoken: 575018
    424. exchange: MCX, tradingsymbol: GOLDM28AUG26156000PE, symboltoken: 575118
    425. exchange: MCX, tradingsymbol: GOLDM28AUG26156500CE, symboltoken: 575012
    426. exchange: MCX, tradingsymbol: GOLDM28AUG26156500PE, symboltoken: 575013
    427. exchange: MCX, tradingsymbol: GOLDM28AUG26157000CE, symboltoken: 575067
    428. exchange: MCX, tradingsymbol: GOLDM28AUG26157000PE, symboltoken: 575167
    429. exchange: MCX, tradingsymbol: GOLDM28AUG26157500CE, symboltoken: 575068
    430. exchange: MCX, tradingsymbol: GOLDM28AUG26157500PE, symboltoken: 575168
    431. exchange: MCX, tradingsymbol: GOLDM28AUG26158000CE, symboltoken: 575069
    432. exchange: MCX, tradingsymbol: GOLDM28AUG26158000PE, symboltoken: 575169
    433. exchange: MCX, tradingsymbol: GOLDM28AUG26158500CE, symboltoken: 575070
    434. exchange: MCX, tradingsymbol: GOLDM28AUG26158500PE, symboltoken: 575170
    435. exchange: MCX, tradingsymbol: GOLDM28AUG26159000CE, symboltoken: 575071
    436. exchange: MCX, tradingsymbol: GOLDM28AUG26159000PE, symboltoken: 575171
    437. exchange: MCX, tradingsymbol: GOLDM28AUG26159500CE, symboltoken: 575072
    438. exchange: MCX, tradingsymbol: GOLDM28AUG26159500PE, symboltoken: 575172
    439. exchange: MCX, tradingsymbol: GOLDM28AUG26160000CE, symboltoken: 575073
    440. exchange: MCX, tradingsymbol: GOLDM28AUG26160000PE, symboltoken: 575173
    441. exchange: MCX, tradingsymbol: GOLDM28AUG26160500CE, symboltoken: 575074
    442. exchange: MCX, tradingsymbol: GOLDM28AUG26160500PE, symboltoken: 575174
    443. exchange: MCX, tradingsymbol: GOLDM28AUG26161000CE, symboltoken: 575075
    444. exchange: MCX, tradingsymbol: GOLDM28AUG26161000PE, symboltoken: 575175
    445. exchange: MCX, tradingsymbol: GOLDM28AUG26161500CE, symboltoken: 575076
    446. exchange: MCX, tradingsymbol: GOLDM28AUG26161500PE, symboltoken: 575176
    447. exchange: MCX, tradingsymbol: GOLDM28AUG26162000CE, symboltoken: 575077
    448. exchange: MCX, tradingsymbol: GOLDM28AUG26162000PE, symboltoken: 575177
    449. exchange: MCX, tradingsymbol: GOLDM28AUG26162500CE, symboltoken: 575078
    450. exchange: MCX, tradingsymbol: GOLDM28AUG26162500PE, symboltoken: 575178
    451. exchange: MCX, tradingsymbol: GOLDM28AUG26163000CE, symboltoken: 575079
    452. exchange: MCX, tradingsymbol: GOLDM28AUG26163000PE, symboltoken: 575179
    453. exchange: MCX, tradingsymbol: GOLDM28AUG26163500CE, symboltoken: 575080
    454. exchange: MCX, tradingsymbol: GOLDM28AUG26163500PE, symboltoken: 575180
    455. exchange: MCX, tradingsymbol: GOLDM28AUG26164000CE, symboltoken: 575081
    456. exchange: MCX, tradingsymbol: GOLDM28AUG26164000PE, symboltoken: 575181
    457. exchange: MCX, tradingsymbol: GOLDM28AUG26164500CE, symboltoken: 575082
    458. exchange: MCX, tradingsymbol: GOLDM28AUG26164500PE, symboltoken: 575182
    459. exchange: MCX, tradingsymbol: GOLDM28AUG26165000CE, symboltoken: 575083
    460. exchange: MCX, tradingsymbol: GOLDM28AUG26165000PE, symboltoken: 575183
    461. exchange: MCX, tradingsymbol: GOLDM28AUG26165500CE, symboltoken: 575084
    462. exchange: MCX, tradingsymbol: GOLDM28AUG26165500PE, symboltoken: 575184
    463. exchange: MCX, tradingsymbol: GOLDM28AUG26166000CE, symboltoken: 575085
    464. exchange: MCX, tradingsymbol: GOLDM28AUG26166000PE, symboltoken: 575185
    465. exchange: MCX, tradingsymbol: GOLDM28AUG26166500CE, symboltoken: 575086
    466. exchange: MCX, tradingsymbol: GOLDM28AUG26166500PE, symboltoken: 575186
    467. exchange: MCX, tradingsymbol: GOLDM28AUG26167000CE, symboltoken: 575087
    468. exchange: MCX, tradingsymbol: GOLDM28AUG26167000PE, symboltoken: 575187
    469. exchange: MCX, tradingsymbol: GOLDM28AUG26167500CE, symboltoken: 575088
    470. exchange: MCX, tradingsymbol: GOLDM28AUG26167500PE, symboltoken: 575188
    471. exchange: MCX, tradingsymbol: GOLDM28AUG26168000CE, symboltoken: 575089
    472. exchange: MCX, tradingsymbol: GOLDM28AUG26168000PE, symboltoken: 575189
    473. exchange: MCX, tradingsymbol: GOLDM28AUG26168500CE, symboltoken: 575090
    474. exchange: MCX, tradingsymbol: GOLDM28AUG26168500PE, symboltoken: 575190
    475. exchange: MCX, tradingsymbol: GOLDM28AUG26169000CE, symboltoken: 575091
    476. exchange: MCX, tradingsymbol: GOLDM28AUG26169000PE, symboltoken: 575191
    477. exchange: MCX, tradingsymbol: GOLDM28AUG26169500CE, symboltoken: 575092
    478. exchange: MCX, tradingsymbol: GOLDM28AUG26169500PE, symboltoken: 575192
    479. exchange: MCX, tradingsymbol: GOLDM28AUG26170000CE, symboltoken: 575093
    480. exchange: MCX, tradingsymbol: GOLDM28AUG26170000PE, symboltoken: 575193
    481. exchange: MCX, tradingsymbol: GOLDM28AUG26170500CE, symboltoken: 575094
    482. exchange: MCX, tradingsymbol: GOLDM28AUG26170500PE, symboltoken: 575194
    483. exchange: MCX, tradingsymbol: GOLDM28AUG26171000CE, symboltoken: 575095
    484. exchange: MCX, tradingsymbol: GOLDM28AUG26171000PE, symboltoken: 575195
    485. exchange: MCX, tradingsymbol: GOLDM28AUG26171500CE, symboltoken: 575096
    486. exchange: MCX, tradingsymbol: GOLDM28AUG26171500PE, symboltoken: 575196
    487. exchange: MCX, tradingsymbol: GOLDM28AUG26172000CE, symboltoken: 575097
    488. exchange: MCX, tradingsymbol: GOLDM28AUG26172000PE, symboltoken: 575197
    489. exchange: MCX, tradingsymbol: GOLDM28AUG26172500CE, symboltoken: 575098
    490. exchange: MCX, tradingsymbol: GOLDM28AUG26172500PE, symboltoken: 575198
    491. exchange: MCX, tradingsymbol: GOLDM28AUG26173000CE, symboltoken: 575099
    492. exchange: MCX, tradingsymbol: GOLDM28AUG26173000PE, symboltoken: 575199
    493. exchange: MCX, tradingsymbol: GOLDM28AUG26173500CE, symboltoken: 575100
    494. exchange: MCX, tradingsymbol: GOLDM28AUG26173500PE, symboltoken: 575200
    495. exchange: MCX, tradingsymbol: GOLDM28AUG26174000CE, symboltoken: 575101
    496. exchange: MCX, tradingsymbol: GOLDM28AUG26174000PE, symboltoken: 575201
    497. exchange: MCX, tradingsymbol: GOLDM28AUG26174500CE, symboltoken: 575102
    498. exchange: MCX, tradingsymbol: GOLDM28AUG26174500PE, symboltoken: 575202
    499. exchange: MCX, tradingsymbol: GOLDM28AUG26175000CE, symboltoken: 575103
    500. exchange: MCX, tradingsymbol: GOLDM28AUG26175000PE, symboltoken: 575203
    501. exchange: MCX, tradingsymbol: GOLDM28AUG26175500CE, symboltoken: 575104
    502. exchange: MCX, tradingsymbol: GOLDM28AUG26175500PE, symboltoken: 575204
    503. exchange: MCX, tradingsymbol: GOLDM28AUG26176000CE, symboltoken: 575105
    504. exchange: MCX, tradingsymbol: GOLDM28AUG26176000PE, symboltoken: 575205
    505. exchange: MCX, tradingsymbol: GOLDM28AUG26176500CE, symboltoken: 575106
    506. exchange: MCX, tradingsymbol: GOLDM28AUG26176500PE, symboltoken: 575206
    507. exchange: MCX, tradingsymbol: GOLDM28AUG26177000CE, symboltoken: 575107
    508. exchange: MCX, tradingsymbol: GOLDM28AUG26177000PE, symboltoken: 575207
    509. exchange: MCX, tradingsymbol: GOLDM28AUG26177500CE, symboltoken: 575108
    510. exchange: MCX, tradingsymbol: GOLDM28AUG26177500PE, symboltoken: 575208
    511. exchange: MCX, tradingsymbol: GOLDM28AUG26178000CE, symboltoken: 575109
    512. exchange: MCX, tradingsymbol: GOLDM28AUG26178000PE, symboltoken: 575209
    513. exchange: MCX, tradingsymbol: GOLDM28AUG26178500CE, symboltoken: 575110
    514. exchange: MCX, tradingsymbol: GOLDM28AUG26178500PE, symboltoken: 575210
    515. exchange: MCX, tradingsymbol: GOLDM28AUG26179000CE, symboltoken: 575111
    516. exchange: MCX, tradingsymbol: GOLDM28AUG26179000PE, symboltoken: 575211
    517. exchange: MCX, tradingsymbol: GOLDM28AUG26179500CE, symboltoken: 575112
    518. exchange: MCX, tradingsymbol: GOLDM28AUG26179500PE, symboltoken: 575212
    519. exchange: MCX, tradingsymbol: GOLDM28AUG26180000CE, symboltoken: 575113
    520. exchange: MCX, tradingsymbol: GOLDM28AUG26180000PE, symboltoken: 575213
    521. exchange: MCX, tradingsymbol: GOLDM28AUG26180500CE, symboltoken: 575114
    522. exchange: MCX, tradingsymbol: GOLDM28AUG26180500PE, symboltoken: 575214
    523. exchange: MCX, tradingsymbol: GOLDM28AUG26181000CE, symboltoken: 575115
    524. exchange: MCX, tradingsymbol: GOLDM28AUG26181000PE, symboltoken: 575215
    525. exchange: MCX, tradingsymbol: GOLDM28AUG26181500CE, symboltoken: 575116
    526. exchange: MCX, tradingsymbol: GOLDM28AUG26181500PE, symboltoken: 575216
    527. exchange: MCX, tradingsymbol: GOLDM28AUG26182000CE, symboltoken: 575117
    528. exchange: MCX, tradingsymbol: GOLDM28AUG26182000PE, symboltoken: 575217
    529. exchange: MCX, tradingsymbol: GOLDM29OCT26124000CE, symboltoken: 581936
    530. exchange: MCX, tradingsymbol: GOLDM29OCT26124000PE, symboltoken: 582036
    531. exchange: MCX, tradingsymbol: GOLDM29OCT26124500CE, symboltoken: 581935
    532. exchange: MCX, tradingsymbol: GOLDM29OCT26124500PE, symboltoken: 582035
    533. exchange: MCX, tradingsymbol: GOLDM29OCT26125000CE, symboltoken: 581934
    534. exchange: MCX, tradingsymbol: GOLDM29OCT26125000PE, symboltoken: 582034
    535. exchange: MCX, tradingsymbol: GOLDM29OCT26125500CE, symboltoken: 581933
    536. exchange: MCX, tradingsymbol: GOLDM29OCT26125500PE, symboltoken: 582033
    537. exchange: MCX, tradingsymbol: GOLDM29OCT26126000CE, symboltoken: 581932
    538. exchange: MCX, tradingsymbol: GOLDM29OCT26126000PE, symboltoken: 582032
    539. exchange: MCX, tradingsymbol: GOLDM29OCT26126500CE, symboltoken: 581931
    540. exchange: MCX, tradingsymbol: GOLDM29OCT26126500PE, symboltoken: 582031
    541. exchange: MCX, tradingsymbol: GOLDM29OCT26127000CE, symboltoken: 581930
    542. exchange: MCX, tradingsymbol: GOLDM29OCT26127000PE, symboltoken: 582030
    543. exchange: MCX, tradingsymbol: GOLDM29OCT26127500CE, symboltoken: 581929
    544. exchange: MCX, tradingsymbol: GOLDM29OCT26127500PE, symboltoken: 582029
    545. exchange: MCX, tradingsymbol: GOLDM29OCT26128000CE, symboltoken: 581928
    546. exchange: MCX, tradingsymbol: GOLDM29OCT26128000PE, symboltoken: 582028
    547. exchange: MCX, tradingsymbol: GOLDM29OCT26128500CE, symboltoken: 581927
    548. exchange: MCX, tradingsymbol: GOLDM29OCT26128500PE, symboltoken: 582027
    549. exchange: MCX, tradingsymbol: GOLDM29OCT26129000CE, symboltoken: 581926
    550. exchange: MCX, tradingsymbol: GOLDM29OCT26129000PE, symboltoken: 582026
    551. exchange: MCX, tradingsymbol: GOLDM29OCT26129500CE, symboltoken: 581925
    552. exchange: MCX, tradingsymbol: GOLDM29OCT26129500PE, symboltoken: 582025
    553. exchange: MCX, tradingsymbol: GOLDM29OCT26130000CE, symboltoken: 581924
    554. exchange: MCX, tradingsymbol: GOLDM29OCT26130000PE, symboltoken: 582024
    555. exchange: MCX, tradingsymbol: GOLDM29OCT26130500CE, symboltoken: 581923
    556. exchange: MCX, tradingsymbol: GOLDM29OCT26130500PE, symboltoken: 582023
    557. exchange: MCX, tradingsymbol: GOLDM29OCT26131000CE, symboltoken: 581922
    558. exchange: MCX, tradingsymbol: GOLDM29OCT26131000PE, symboltoken: 582022
    559. exchange: MCX, tradingsymbol: GOLDM29OCT26131500CE, symboltoken: 581921
    560. exchange: MCX, tradingsymbol: GOLDM29OCT26131500PE, symboltoken: 582021
    561. exchange: MCX, tradingsymbol: GOLDM29OCT26132000CE, symboltoken: 581920
    562. exchange: MCX, tradingsymbol: GOLDM29OCT26132000PE, symboltoken: 582020
    563. exchange: MCX, tradingsymbol: GOLDM29OCT26132500CE, symboltoken: 581919
    564. exchange: MCX, tradingsymbol: GOLDM29OCT26132500PE, symboltoken: 582019
    565. exchange: MCX, tradingsymbol: GOLDM29OCT26133000CE, symboltoken: 581918
    566. exchange: MCX, tradingsymbol: GOLDM29OCT26133000PE, symboltoken: 582018
    567. exchange: MCX, tradingsymbol: GOLDM29OCT26133500CE, symboltoken: 581917
    568. exchange: MCX, tradingsymbol: GOLDM29OCT26133500PE, symboltoken: 582017
    569. exchange: MCX, tradingsymbol: GOLDM29OCT26134000CE, symboltoken: 581916
    570. exchange: MCX, tradingsymbol: GOLDM29OCT26134000PE, symboltoken: 582016
    571. exchange: MCX, tradingsymbol: GOLDM29OCT26134500CE, symboltoken: 581915
    572. exchange: MCX, tradingsymbol: GOLDM29OCT26134500PE, symboltoken: 582015
    573. exchange: MCX, tradingsymbol: GOLDM29OCT26135000CE, symboltoken: 581914
    574. exchange: MCX, tradingsymbol: GOLDM29OCT26135000PE, symboltoken: 582014
    575. exchange: MCX, tradingsymbol: GOLDM29OCT26135500CE, symboltoken: 581913
    576. exchange: MCX, tradingsymbol: GOLDM29OCT26135500PE, symboltoken: 582013
    577. exchange: MCX, tradingsymbol: GOLDM29OCT26136000CE, symboltoken: 581912
    578. exchange: MCX, tradingsymbol: GOLDM29OCT26136000PE, symboltoken: 582012
    579. exchange: MCX, tradingsymbol: GOLDM29OCT26136500CE, symboltoken: 581911
    580. exchange: MCX, tradingsymbol: GOLDM29OCT26136500PE, symboltoken: 582011
    581. exchange: MCX, tradingsymbol: GOLDM29OCT26137000CE, symboltoken: 581910
    582. exchange: MCX, tradingsymbol: GOLDM29OCT26137000PE, symboltoken: 582010
    583. exchange: MCX, tradingsymbol: GOLDM29OCT26137500CE, symboltoken: 581909
    584. exchange: MCX, tradingsymbol: GOLDM29OCT26137500PE, symboltoken: 582009
    585. exchange: MCX, tradingsymbol: GOLDM29OCT26138000CE, symboltoken: 581908
    586. exchange: MCX, tradingsymbol: GOLDM29OCT26138000PE, symboltoken: 582008
    587. exchange: MCX, tradingsymbol: GOLDM29OCT26138500CE, symboltoken: 581907
    588. exchange: MCX, tradingsymbol: GOLDM29OCT26138500PE, symboltoken: 582007
    589. exchange: MCX, tradingsymbol: GOLDM29OCT26139000CE, symboltoken: 581906
    590. exchange: MCX, tradingsymbol: GOLDM29OCT26139000PE, symboltoken: 582006
    591. exchange: MCX, tradingsymbol: GOLDM29OCT26139500CE, symboltoken: 581905
    592. exchange: MCX, tradingsymbol: GOLDM29OCT26139500PE, symboltoken: 582005
    593. exchange: MCX, tradingsymbol: GOLDM29OCT26140000CE, symboltoken: 581904
    594. exchange: MCX, tradingsymbol: GOLDM29OCT26140000PE, symboltoken: 582004
    595. exchange: MCX, tradingsymbol: GOLDM29OCT26140500CE, symboltoken: 581903
    596. exchange: MCX, tradingsymbol: GOLDM29OCT26140500PE, symboltoken: 582003
    597. exchange: MCX, tradingsymbol: GOLDM29OCT26141000CE, symboltoken: 581902
    598. exchange: MCX, tradingsymbol: GOLDM29OCT26141000PE, symboltoken: 582002
    599. exchange: MCX, tradingsymbol: GOLDM29OCT26141500CE, symboltoken: 581901
    600. exchange: MCX, tradingsymbol: GOLDM29OCT26141500PE, symboltoken: 582001
    601. exchange: MCX, tradingsymbol: GOLDM29OCT26142000CE, symboltoken: 581900
    602. exchange: MCX, tradingsymbol: GOLDM29OCT26142000PE, symboltoken: 582000
    603. exchange: MCX, tradingsymbol: GOLDM29OCT26142500CE, symboltoken: 581899
    604. exchange: MCX, tradingsymbol: GOLDM29OCT26142500PE, symboltoken: 581999
    605. exchange: MCX, tradingsymbol: GOLDM29OCT26143000CE, symboltoken: 581898
    606. exchange: MCX, tradingsymbol: GOLDM29OCT26143000PE, symboltoken: 581998
    607. exchange: MCX, tradingsymbol: GOLDM29OCT26143500CE, symboltoken: 581897
    608. exchange: MCX, tradingsymbol: GOLDM29OCT26143500PE, symboltoken: 581997
    609. exchange: MCX, tradingsymbol: GOLDM29OCT26144000CE, symboltoken: 581896
    610. exchange: MCX, tradingsymbol: GOLDM29OCT26144000PE, symboltoken: 581996
    611. exchange: MCX, tradingsymbol: GOLDM29OCT26144500CE, symboltoken: 581895
    612. exchange: MCX, tradingsymbol: GOLDM29OCT26144500PE, symboltoken: 581995
    613. exchange: MCX, tradingsymbol: GOLDM29OCT26145000CE, symboltoken: 581894
    614. exchange: MCX, tradingsymbol: GOLDM29OCT26145000PE, symboltoken: 581994
    615. exchange: MCX, tradingsymbol: GOLDM29OCT26145500CE, symboltoken: 581893
    616. exchange: MCX, tradingsymbol: GOLDM29OCT26145500PE, symboltoken: 581993
    617. exchange: MCX, tradingsymbol: GOLDM29OCT26146000CE, symboltoken: 581892
    618. exchange: MCX, tradingsymbol: GOLDM29OCT26146000PE, symboltoken: 581992
    619. exchange: MCX, tradingsymbol: GOLDM29OCT26146500CE, symboltoken: 581891
    620. exchange: MCX, tradingsymbol: GOLDM29OCT26146500PE, symboltoken: 581991
    621. exchange: MCX, tradingsymbol: GOLDM29OCT26147000CE, symboltoken: 581890
    622. exchange: MCX, tradingsymbol: GOLDM29OCT26147000PE, symboltoken: 581990
    623. exchange: MCX, tradingsymbol: GOLDM29OCT26147500CE, symboltoken: 581889
    624. exchange: MCX, tradingsymbol: GOLDM29OCT26147500PE, symboltoken: 581989
    625. exchange: MCX, tradingsymbol: GOLDM29OCT26148000CE, symboltoken: 581888
    626. exchange: MCX, tradingsymbol: GOLDM29OCT26148000PE, symboltoken: 581988
    627. exchange: MCX, tradingsymbol: GOLDM29OCT26148500CE, symboltoken: 581887
    628. exchange: MCX, tradingsymbol: GOLDM29OCT26148500PE, symboltoken: 581987
    629. exchange: MCX, tradingsymbol: GOLDM29OCT26149000CE, symboltoken: 581937
    630. exchange: MCX, tradingsymbol: GOLDM29OCT26149000PE, symboltoken: 582037
    631. exchange: MCX, tradingsymbol: GOLDM29OCT26149500CE, symboltoken: 581881
    632. exchange: MCX, tradingsymbol: GOLDM29OCT26149500PE, symboltoken: 581882
    633. exchange: MCX, tradingsymbol: GOLDM29OCT26150000CE, symboltoken: 581938
    634. exchange: MCX, tradingsymbol: GOLDM29OCT26150000PE, symboltoken: 582038
    635. exchange: MCX, tradingsymbol: GOLDM29OCT26150500CE, symboltoken: 581939
    636. exchange: MCX, tradingsymbol: GOLDM29OCT26150500PE, symboltoken: 582039
    637. exchange: MCX, tradingsymbol: GOLDM29OCT26151000CE, symboltoken: 581940
    638. exchange: MCX, tradingsymbol: GOLDM29OCT26151000PE, symboltoken: 582040
    639. exchange: MCX, tradingsymbol: GOLDM29OCT26151500CE, symboltoken: 581941
    640. exchange: MCX, tradingsymbol: GOLDM29OCT26151500PE, symboltoken: 582041
    641. exchange: MCX, tradingsymbol: GOLDM29OCT26152000CE, symboltoken: 581942
    642. exchange: MCX, tradingsymbol: GOLDM29OCT26152000PE, symboltoken: 582042
    643. exchange: MCX, tradingsymbol: GOLDM29OCT26152500CE, symboltoken: 581943
    644. exchange: MCX, tradingsymbol: GOLDM29OCT26152500PE, symboltoken: 582043
    645. exchange: MCX, tradingsymbol: GOLDM29OCT26153000CE, symboltoken: 581944
    646. exchange: MCX, tradingsymbol: GOLDM29OCT26153000PE, symboltoken: 582044
    647. exchange: MCX, tradingsymbol: GOLDM29OCT26153500CE, symboltoken: 581945
    648. exchange: MCX, tradingsymbol: GOLDM29OCT26153500PE, symboltoken: 582045
    649. exchange: MCX, tradingsymbol: GOLDM29OCT26154000CE, symboltoken: 581946
    650. exchange: MCX, tradingsymbol: GOLDM29OCT26154000PE, symboltoken: 582046
    651. exchange: MCX, tradingsymbol: GOLDM29OCT26154500CE, symboltoken: 581947
    652. exchange: MCX, tradingsymbol: GOLDM29OCT26154500PE, symboltoken: 582047
    653. exchange: MCX, tradingsymbol: GOLDM29OCT26155000CE, symboltoken: 581948
    654. exchange: MCX, tradingsymbol: GOLDM29OCT26155000PE, symboltoken: 582048
    655. exchange: MCX, tradingsymbol: GOLDM29OCT26155500CE, symboltoken: 581949
    656. exchange: MCX, tradingsymbol: GOLDM29OCT26155500PE, symboltoken: 582049
    657. exchange: MCX, tradingsymbol: GOLDM29OCT26156000CE, symboltoken: 581950
    658. exchange: MCX, tradingsymbol: GOLDM29OCT26156000PE, symboltoken: 582050
    659. exchange: MCX, tradingsymbol: GOLDM29OCT26156500CE, symboltoken: 581951
    660. exchange: MCX, tradingsymbol: GOLDM29OCT26156500PE, symboltoken: 582051
    661. exchange: MCX, tradingsymbol: GOLDM29OCT26157000CE, symboltoken: 581952
    662. exchange: MCX, tradingsymbol: GOLDM29OCT26157000PE, symboltoken: 582052
    663. exchange: MCX, tradingsymbol: GOLDM29OCT26157500CE, symboltoken: 581953
    664. exchange: MCX, tradingsymbol: GOLDM29OCT26157500PE, symboltoken: 582053
    665. exchange: MCX, tradingsymbol: GOLDM29OCT26158000CE, symboltoken: 581954
    666. exchange: MCX, tradingsymbol: GOLDM29OCT26158000PE, symboltoken: 582054
    667. exchange: MCX, tradingsymbol: GOLDM29OCT26158500CE, symboltoken: 581955
    668. exchange: MCX, tradingsymbol: GOLDM29OCT26158500PE, symboltoken: 582055
    669. exchange: MCX, tradingsymbol: GOLDM29OCT26159000CE, symboltoken: 581956
    670. exchange: MCX, tradingsymbol: GOLDM29OCT26159000PE, symboltoken: 582056
    671. exchange: MCX, tradingsymbol: GOLDM29OCT26159500CE, symboltoken: 581957
    672. exchange: MCX, tradingsymbol: GOLDM29OCT26159500PE, symboltoken: 582057
    673. exchange: MCX, tradingsymbol: GOLDM29OCT26160000CE, symboltoken: 581958
    674. exchange: MCX, tradingsymbol: GOLDM29OCT26160000PE, symboltoken: 582058
    675. exchange: MCX, tradingsymbol: GOLDM29OCT26160500CE, symboltoken: 581959
    676. exchange: MCX, tradingsymbol: GOLDM29OCT26160500PE, symboltoken: 582059
    677. exchange: MCX, tradingsymbol: GOLDM29OCT26161000CE, symboltoken: 581960
    678. exchange: MCX, tradingsymbol: GOLDM29OCT26161000PE, symboltoken: 582060
    679. exchange: MCX, tradingsymbol: GOLDM29OCT26161500CE, symboltoken: 581961
    680. exchange: MCX, tradingsymbol: GOLDM29OCT26161500PE, symboltoken: 582061
    681. exchange: MCX, tradingsymbol: GOLDM29OCT26162000CE, symboltoken: 581962
    682. exchange: MCX, tradingsymbol: GOLDM29OCT26162000PE, symboltoken: 582062
    683. exchange: MCX, tradingsymbol: GOLDM29OCT26162500CE, symboltoken: 581963
    684. exchange: MCX, tradingsymbol: GOLDM29OCT26162500PE, symboltoken: 582063
    685. exchange: MCX, tradingsymbol: GOLDM29OCT26163000CE, symboltoken: 581964
    686. exchange: MCX, tradingsymbol: GOLDM29OCT26163000PE, symboltoken: 582064
    687. exchange: MCX, tradingsymbol: GOLDM29OCT26163500CE, symboltoken: 581965
    688. exchange: MCX, tradingsymbol: GOLDM29OCT26163500PE, symboltoken: 582065
    689. exchange: MCX, tradingsymbol: GOLDM29OCT26164000CE, symboltoken: 581966
    690. exchange: MCX, tradingsymbol: GOLDM29OCT26164000PE, symboltoken: 582066
    691. exchange: MCX, tradingsymbol: GOLDM29OCT26164500CE, symboltoken: 581967
    692. exchange: MCX, tradingsymbol: GOLDM29OCT26164500PE, symboltoken: 582067
    693. exchange: MCX, tradingsymbol: GOLDM29OCT26165000CE, symboltoken: 581968
    694. exchange: MCX, tradingsymbol: GOLDM29OCT26165000PE, symboltoken: 582068
    695. exchange: MCX, tradingsymbol: GOLDM29OCT26165500CE, symboltoken: 581969
    696. exchange: MCX, tradingsymbol: GOLDM29OCT26165500PE, symboltoken: 582069
    697. exchange: MCX, tradingsymbol: GOLDM29OCT26166000CE, symboltoken: 581970
    698. exchange: MCX, tradingsymbol: GOLDM29OCT26166000PE, symboltoken: 582070
    699. exchange: MCX, tradingsymbol: GOLDM29OCT26166500CE, symboltoken: 581971
    700. exchange: MCX, tradingsymbol: GOLDM29OCT26166500PE, symboltoken: 582071
    701. exchange: MCX, tradingsymbol: GOLDM29OCT26167000CE, symboltoken: 581972
    702. exchange: MCX, tradingsymbol: GOLDM29OCT26167000PE, symboltoken: 582072
    703. exchange: MCX, tradingsymbol: GOLDM29OCT26167500CE, symboltoken: 581973
    704. exchange: MCX, tradingsymbol: GOLDM29OCT26167500PE, symboltoken: 582073
    705. exchange: MCX, tradingsymbol: GOLDM29OCT26168000CE, symboltoken: 581974
    706. exchange: MCX, tradingsymbol: GOLDM29OCT26168000PE, symboltoken: 582074
    707. exchange: MCX, tradingsymbol: GOLDM29OCT26168500CE, symboltoken: 581975
    708. exchange: MCX, tradingsymbol: GOLDM29OCT26168500PE, symboltoken: 582075
    709. exchange: MCX, tradingsymbol: GOLDM29OCT26169000CE, symboltoken: 581976
    710. exchange: MCX, tradingsymbol: GOLDM29OCT26169000PE, symboltoken: 582076
    711. exchange: MCX, tradingsymbol: GOLDM29OCT26169500CE, symboltoken: 581977
    712. exchange: MCX, tradingsymbol: GOLDM29OCT26169500PE, symboltoken: 582077
    713. exchange: MCX, tradingsymbol: GOLDM29OCT26170000CE, symboltoken: 581978
    714. exchange: MCX, tradingsymbol: GOLDM29OCT26170000PE, symboltoken: 582078
    715. exchange: MCX, tradingsymbol: GOLDM29OCT26170500CE, symboltoken: 581979
    716. exchange: MCX, tradingsymbol: GOLDM29OCT26170500PE, symboltoken: 582079
    717. exchange: MCX, tradingsymbol: GOLDM29OCT26171000CE, symboltoken: 581980
    718. exchange: MCX, tradingsymbol: GOLDM29OCT26171000PE, symboltoken: 582080
    719. exchange: MCX, tradingsymbol: GOLDM29OCT26171500CE, symboltoken: 581981
    720. exchange: MCX, tradingsymbol: GOLDM29OCT26171500PE, symboltoken: 582081
    721. exchange: MCX, tradingsymbol: GOLDM29OCT26172000CE, symboltoken: 581982
    722. exchange: MCX, tradingsymbol: GOLDM29OCT26172000PE, symboltoken: 582082
    723. exchange: MCX, tradingsymbol: GOLDM29OCT26172500CE, symboltoken: 581983
    724. exchange: MCX, tradingsymbol: GOLDM29OCT26172500PE, symboltoken: 582083
    725. exchange: MCX, tradingsymbol: GOLDM29OCT26173000CE, symboltoken: 581984
    726. exchange: MCX, tradingsymbol: GOLDM29OCT26173000PE, symboltoken: 582084
    727. exchange: MCX, tradingsymbol: GOLDM29OCT26173500CE, symboltoken: 581985
    728. exchange: MCX, tradingsymbol: GOLDM29OCT26173500PE, symboltoken: 582085
    729. exchange: MCX, tradingsymbol: GOLDM29OCT26174000CE, symboltoken: 581986
    730. exchange: MCX, tradingsymbol: GOLDM29OCT26174000PE, symboltoken: 582086
    731. exchange: MCX, tradingsymbol: GOLDM29OCT26174500CE, symboltoken: 582115
    732. exchange: MCX, tradingsymbol: GOLDM29OCT26174500PE, symboltoken: 582116
    733. exchange: MCX, tradingsymbol: GOLDM29OCT26175000CE, symboltoken: 582141
    734. exchange: MCX, tradingsymbol: GOLDM29OCT26175000PE, symboltoken: 582149
    735. exchange: MCX, tradingsymbol: GOLDM29OCT26175500CE, symboltoken: 582142
    736. exchange: MCX, tradingsymbol: GOLDM29OCT26175500PE, symboltoken: 582150
    737. exchange: MCX, tradingsymbol: GOLDM29OCT26176000CE, symboltoken: 582143
    738. exchange: MCX, tradingsymbol: GOLDM29OCT26176000PE, symboltoken: 582151
    739. exchange: MCX, tradingsymbol: GOLDM29OCT26176500CE, symboltoken: 582144
    740. exchange: MCX, tradingsymbol: GOLDM29OCT26176500PE, symboltoken: 582152
    741. exchange: MCX, tradingsymbol: GOLDM29OCT26177000CE, symboltoken: 582145
    742. exchange: MCX, tradingsymbol: GOLDM29OCT26177000PE, symboltoken: 582153
    743. exchange: MCX, tradingsymbol: GOLDM29OCT26177500CE, symboltoken: 582146
    744. exchange: MCX, tradingsymbol: GOLDM29OCT26177500PE, symboltoken: 582154
    745. exchange: MCX, tradingsymbol: GOLDM29OCT26178000CE, symboltoken: 582228
    746. exchange: MCX, tradingsymbol: GOLDM29OCT26178000PE, symboltoken: 582234
    747. exchange: MCX, tradingsymbol: GOLDM29OCT26178500CE, symboltoken: 582229
    748. exchange: MCX, tradingsymbol: GOLDM29OCT26178500PE, symboltoken: 582235
    749. exchange: MCX, tradingsymbol: GOLDM29OCT26179000CE, symboltoken: 582230
    750. exchange: MCX, tradingsymbol: GOLDM29OCT26179000PE, symboltoken: 582236
    751. exchange: MCX, tradingsymbol: GOLDM29OCT26179500CE, symboltoken: 582306
    752. exchange: MCX, tradingsymbol: GOLDM29OCT26179500PE, symboltoken: 582308
    753. exchange: MCX, tradingsymbol: GOLDM29OCT26180000CE, symboltoken: 582320
    754. exchange: MCX, tradingsymbol: GOLDM29OCT26180000PE, symboltoken: 582326
    755. exchange: MCX, tradingsymbol: GOLDM29OCT26180500CE, symboltoken: 582321
    756. exchange: MCX, tradingsymbol: GOLDM29OCT26180500PE, symboltoken: 582327
    757. exchange: MCX, tradingsymbol: GOLDM29OCT26181000CE, symboltoken: 582322
    758. exchange: MCX, tradingsymbol: GOLDM29OCT26181000PE, symboltoken: 582328
    759. exchange: MCX, tradingsymbol: GOLDMAHMCOM, symboltoken: 347
    760. exchange: MCX, tradingsymbol: GOLDMCOM, symboltoken: 117
    761. exchange: MCX, tradingsymbol: GOLDMDELCOM, symboltoken: 348
    762. exchange: MCX, tradingsymbol: GOLDMKOLCOM, symboltoken: 349
    763. exchange: MCX, tradingsymbol: GOLDMMUMCOM, symboltoken: 346
    764. exchange: MCX, tradingsymbol: GOLDMUMCOM, symboltoken: 342
    765. exchange: MCX, tradingsymbol: GOLDM29OCT26178000CE, symboltoken: 582228
    766. exchange: MCX, tradingsymbol: GOLDM29OCT26178000PE, symboltoken: 582234
    767. exchange: MCX, tradingsymbol: GOLDM29OCT26178500CE, symboltoken: 582229
    768. exchange: MCX, tradingsymbol: GOLDM29OCT26178500PE, symboltoken: 582235
    769. exchange: MCX, tradingsymbol: GOLDM29OCT26179000CE, symboltoken: 582230
    770. exchange: MCX, tradingsymbol: GOLDM29OCT26179000PE, symboltoken: 582236
    771. exchange: MCX, tradingsymbol: GOLDM29OCT26179500CE, symboltoken: 582306
    772. exchange: MCX, tradingsymbol: GOLDM29OCT26179500PE, symboltoken: 582308
    773. exchange: MCX, tradingsymbol: GOLDM29OCT26180000CE, symboltoken: 582320
    774. exchange: MCX, tradingsymbol: GOLDM29OCT26180000PE, symboltoken: 582326
    775. exchange: MCX, tradingsymbol: GOLDM29OCT26180500CE, symboltoken: 582321
    776. exchange: MCX, tradingsymbol: GOLDM29OCT26180500PE, symboltoken: 582327
    777. exchange: MCX, tradingsymbol: GOLDM29OCT26181000CE, symboltoken: 582322
    778. exchange: MCX, tradingsymbol: GOLDM29OCT26181000PE, symboltoken: 582328
    779. exchange: MCX, tradingsymbol: GOLDMAHMCOM, symboltoken: 347
    780. exchange: MCX, tradingsymbol: GOLDMCOM, symboltoken: 117
INFO:     Shutting down
INFO:     Waiting for application shutdown.
INFO:     Application shutdown complete.
INFO:     Finished server process [69524]
INFO:     Started server process [70545]
INFO:     Waiting for application startup.
INFO:     Application startup complete.
INFO:     Uvicorn running on http://0.0.0.0:8001 (Press CTRL+C to quit)
[I 260817 07:29:44 smartConnect:124] in pool
[I 260817 07:29:44 smartConnect:496] Search successful. Found 780 trading symbols for the given query:
    1. exchange: MCX, tradingsymbol: GOLDM04DEC26FUT, symboltoken: 575011
    2. exchange: MCX, tradingsymbol: GOLDM04SEP26FUT, symboltoken: 563946
    3. exchange: MCX, tradingsymbol: GOLDM05FEB27FUT, symboltoken: 581880
    4. exchange: MCX, tradingsymbol: GOLDM05JAN27FUT, symboltoken: 578779
    5. exchange: MCX, tradingsymbol: GOLDM05NOV26FUT, symboltoken: 571445
    6. exchange: MCX, tradingsymbol: GOLDM05OCT26FUT, symboltoken: 569003
    7. exchange: MCX, tradingsymbol: GOLDM25SEP26116500CE, symboltoken: 580161
    8. exchange: MCX, tradingsymbol: GOLDM25SEP26116500PE, symboltoken: 580165
    9. exchange: MCX, tradingsymbol: GOLDM25SEP26117000CE, symboltoken: 580160
    10. exchange: MCX, tradingsymbol: GOLDM25SEP26117000PE, symboltoken: 580164
    11. exchange: MCX, tradingsymbol: GOLDM25SEP26117500CE, symboltoken: 580159
    12. exchange: MCX, tradingsymbol: GOLDM25SEP26117500PE, symboltoken: 580163
    13. exchange: MCX, tradingsymbol: GOLDM25SEP26118000CE, symboltoken: 579247
    14. exchange: MCX, tradingsymbol: GOLDM25SEP26118000PE, symboltoken: 579258
    15. exchange: MCX, tradingsymbol: GOLDM25SEP26118500CE, symboltoken: 579246
    16. exchange: MCX, tradingsymbol: GOLDM25SEP26118500PE, symboltoken: 579257
    17. exchange: MCX, tradingsymbol: GOLDM25SEP26119000CE, symboltoken: 579245
    18. exchange: MCX, tradingsymbol: GOLDM25SEP26119000PE, symboltoken: 579256
    19. exchange: MCX, tradingsymbol: GOLDM25SEP26119500CE, symboltoken: 579244
    20. exchange: MCX, tradingsymbol: GOLDM25SEP26119500PE, symboltoken: 579255
    21. exchange: MCX, tradingsymbol: GOLDM25SEP26120000CE, symboltoken: 579243
    22. exchange: MCX, tradingsymbol: GOLDM25SEP26120000PE, symboltoken: 579254
    23. exchange: MCX, tradingsymbol: GOLDM25SEP26120500CE, symboltoken: 579242
    24. exchange: MCX, tradingsymbol: GOLDM25SEP26120500PE, symboltoken: 579253
    25. exchange: MCX, tradingsymbol: GOLDM25SEP26121000CE, symboltoken: 579056
    26. exchange: MCX, tradingsymbol: GOLDM25SEP26121000PE, symboltoken: 579058
    27. exchange: MCX, tradingsymbol: GOLDM25SEP26121500CE, symboltoken: 579055
    28. exchange: MCX, tradingsymbol: GOLDM25SEP26121500PE, symboltoken: 579057
    29. exchange: MCX, tradingsymbol: GOLDM25SEP26122000CE, symboltoken: 579019
    30. exchange: MCX, tradingsymbol: GOLDM25SEP26122000PE, symboltoken: 579022
    31. exchange: MCX, tradingsymbol: GOLDM25SEP26122500CE, symboltoken: 579018
    32. exchange: MCX, tradingsymbol: GOLDM25SEP26122500PE, symboltoken: 579021
    33. exchange: MCX, tradingsymbol: GOLDM25SEP26123000CE, symboltoken: 579017
    34. exchange: MCX, tradingsymbol: GOLDM25SEP26123000PE, symboltoken: 579020
    35. exchange: MCX, tradingsymbol: GOLDM25SEP26123500CE, symboltoken: 579013
    36. exchange: MCX, tradingsymbol: GOLDM25SEP26123500PE, symboltoken: 579016
    37. exchange: MCX, tradingsymbol: GOLDM25SEP26124000CE, symboltoken: 579012
    38. exchange: MCX, tradingsymbol: GOLDM25SEP26124000PE, symboltoken: 579015
    39. exchange: MCX, tradingsymbol: GOLDM25SEP26124500CE, symboltoken: 579011
    40. exchange: MCX, tradingsymbol: GOLDM25SEP26124500PE, symboltoken: 579014
    41. exchange: MCX, tradingsymbol: GOLDM25SEP26125000CE, symboltoken: 579005
    42. exchange: MCX, tradingsymbol: GOLDM25SEP26125000PE, symboltoken: 579006
    43. exchange: MCX, tradingsymbol: GOLDM25SEP26125500CE, symboltoken: 578833
    44. exchange: MCX, tradingsymbol: GOLDM25SEP26125500PE, symboltoken: 578933
    45. exchange: MCX, tradingsymbol: GOLDM25SEP26126000CE, symboltoken: 578832
    46. exchange: MCX, tradingsymbol: GOLDM25SEP26126000PE, symboltoken: 578932
    47. exchange: MCX, tradingsymbol: GOLDM25SEP26126500CE, symboltoken: 578831
    48. exchange: MCX, tradingsymbol: GOLDM25SEP26126500PE, symboltoken: 578931
    49. exchange: MCX, tradingsymbol: GOLDM25SEP26127000CE, symboltoken: 578830
    50. exchange: MCX, tradingsymbol: GOLDM25SEP26127000PE, symboltoken: 578930
    51. exchange: MCX, tradingsymbol: GOLDM25SEP26127500CE, symboltoken: 578829
    52. exchange: MCX, tradingsymbol: GOLDM25SEP26127500PE, symboltoken: 578929
    53. exchange: MCX, tradingsymbol: GOLDM25SEP26128000CE, symboltoken: 578828
    54. exchange: MCX, tradingsymbol: GOLDM25SEP26128000PE, symboltoken: 578928
    55. exchange: MCX, tradingsymbol: GOLDM25SEP26128500CE, symboltoken: 578827
    56. exchange: MCX, tradingsymbol: GOLDM25SEP26128500PE, symboltoken: 578927
    57. exchange: MCX, tradingsymbol: GOLDM25SEP26129000CE, symboltoken: 578826
    58. exchange: MCX, tradingsymbol: GOLDM25SEP26129000PE, symboltoken: 578926
    59. exchange: MCX, tradingsymbol: GOLDM25SEP26129500CE, symboltoken: 578825
    60. exchange: MCX, tradingsymbol: GOLDM25SEP26129500PE, symboltoken: 578925
    61. exchange: MCX, tradingsymbol: GOLDM25SEP26130000CE, symboltoken: 578824
    62. exchange: MCX, tradingsymbol: GOLDM25SEP26130000PE, symboltoken: 578924
    63. exchange: MCX, tradingsymbol: GOLDM25SEP26130500CE, symboltoken: 578823
    64. exchange: MCX, tradingsymbol: GOLDM25SEP26130500PE, symboltoken: 578923
    65. exchange: MCX, tradingsymbol: GOLDM25SEP26131000CE, symboltoken: 578822
    66. exchange: MCX, tradingsymbol: GOLDM25SEP26131000PE, symboltoken: 578922
    67. exchange: MCX, tradingsymbol: GOLDM25SEP26131500CE, symboltoken: 578821
    68. exchange: MCX, tradingsymbol: GOLDM25SEP26131500PE, symboltoken: 578921
    69. exchange: MCX, tradingsymbol: GOLDM25SEP26132000CE, symboltoken: 578820
    70. exchange: MCX, tradingsymbol: GOLDM25SEP26132000PE, symboltoken: 578920
    71. exchange: MCX, tradingsymbol: GOLDM25SEP26132500CE, symboltoken: 578819
    72. exchange: MCX, tradingsymbol: GOLDM25SEP26132500PE, symboltoken: 578919
    73. exchange: MCX, tradingsymbol: GOLDM25SEP26133000CE, symboltoken: 578818
    74. exchange: MCX, tradingsymbol: GOLDM25SEP26133000PE, symboltoken: 578918
    75. exchange: MCX, tradingsymbol: GOLDM25SEP26133500CE, symboltoken: 578817
    76. exchange: MCX, tradingsymbol: GOLDM25SEP26133500PE, symboltoken: 578917
    77. exchange: MCX, tradingsymbol: GOLDM25SEP26134000CE, symboltoken: 578816
    78. exchange: MCX, tradingsymbol: GOLDM25SEP26134000PE, symboltoken: 578916
    79. exchange: MCX, tradingsymbol: GOLDM25SEP26134500CE, symboltoken: 578815
    80. exchange: MCX, tradingsymbol: GOLDM25SEP26134500PE, symboltoken: 578915
    81. exchange: MCX, tradingsymbol: GOLDM25SEP26135000CE, symboltoken: 578814
    82. exchange: MCX, tradingsymbol: GOLDM25SEP26135000PE, symboltoken: 578914
    83. exchange: MCX, tradingsymbol: GOLDM25SEP26135500CE, symboltoken: 578813
    84. exchange: MCX, tradingsymbol: GOLDM25SEP26135500PE, symboltoken: 578913
    85. exchange: MCX, tradingsymbol: GOLDM25SEP26136000CE, symboltoken: 578812
    86. exchange: MCX, tradingsymbol: GOLDM25SEP26136000PE, symboltoken: 578912
    87. exchange: MCX, tradingsymbol: GOLDM25SEP26136500CE, symboltoken: 578811
    88. exchange: MCX, tradingsymbol: GOLDM25SEP26136500PE, symboltoken: 578911
    89. exchange: MCX, tradingsymbol: GOLDM25SEP26137000CE, symboltoken: 578810
    90. exchange: MCX, tradingsymbol: GOLDM25SEP26137000PE, symboltoken: 578910
    91. exchange: MCX, tradingsymbol: GOLDM25SEP26137500CE, symboltoken: 578809
    92. exchange: MCX, tradingsymbol: GOLDM25SEP26137500PE, symboltoken: 578909
    93. exchange: MCX, tradingsymbol: GOLDM25SEP26138000CE, symboltoken: 578808
    94. exchange: MCX, tradingsymbol: GOLDM25SEP26138000PE, symboltoken: 578908
    95. exchange: MCX, tradingsymbol: GOLDM25SEP26138500CE, symboltoken: 578807
    96. exchange: MCX, tradingsymbol: GOLDM25SEP26138500PE, symboltoken: 578907
    97. exchange: MCX, tradingsymbol: GOLDM25SEP26139000CE, symboltoken: 578806
    98. exchange: MCX, tradingsymbol: GOLDM25SEP26139000PE, symboltoken: 578906
    99. exchange: MCX, tradingsymbol: GOLDM25SEP26139500CE, symboltoken: 578805
    100. exchange: MCX, tradingsymbol: GOLDM25SEP26139500PE, symboltoken: 578905
    101. exchange: MCX, tradingsymbol: GOLDM25SEP26140000CE, symboltoken: 578804
    102. exchange: MCX, tradingsymbol: GOLDM25SEP26140000PE, symboltoken: 578904
    103. exchange: MCX, tradingsymbol: GOLDM25SEP26140500CE, symboltoken: 578803
    104. exchange: MCX, tradingsymbol: GOLDM25SEP26140500PE, symboltoken: 578903
    105. exchange: MCX, tradingsymbol: GOLDM25SEP26141000CE, symboltoken: 578802
    106. exchange: MCX, tradingsymbol: GOLDM25SEP26141000PE, symboltoken: 578902
    107. exchange: MCX, tradingsymbol: GOLDM25SEP26141500CE, symboltoken: 578801
    108. exchange: MCX, tradingsymbol: GOLDM25SEP26141500PE, symboltoken: 578901
    109. exchange: MCX, tradingsymbol: GOLDM25SEP26142000CE, symboltoken: 578800
    110. exchange: MCX, tradingsymbol: GOLDM25SEP26142000PE, symboltoken: 578900
    111. exchange: MCX, tradingsymbol: GOLDM25SEP26142500CE, symboltoken: 578799
    112. exchange: MCX, tradingsymbol: GOLDM25SEP26142500PE, symboltoken: 578899
    113. exchange: MCX, tradingsymbol: GOLDM25SEP26143000CE, symboltoken: 578798
    114. exchange: MCX, tradingsymbol: GOLDM25SEP26143000PE, symboltoken: 578898
    115. exchange: MCX, tradingsymbol: GOLDM25SEP26143500CE, symboltoken: 578797
    116. exchange: MCX, tradingsymbol: GOLDM25SEP26143500PE, symboltoken: 578897
    117. exchange: MCX, tradingsymbol: GOLDM25SEP26144000CE, symboltoken: 578796
    118. exchange: MCX, tradingsymbol: GOLDM25SEP26144000PE, symboltoken: 578896
    119. exchange: MCX, tradingsymbol: GOLDM25SEP26144500CE, symboltoken: 578795
    120. exchange: MCX, tradingsymbol: GOLDM25SEP26144500PE, symboltoken: 578895
    121. exchange: MCX, tradingsymbol: GOLDM25SEP26145000CE, symboltoken: 578794
    122. exchange: MCX, tradingsymbol: GOLDM25SEP26145000PE, symboltoken: 578894
    123. exchange: MCX, tradingsymbol: GOLDM25SEP26145500CE, symboltoken: 578793
    124. exchange: MCX, tradingsymbol: GOLDM25SEP26145500PE, symboltoken: 578893
    125. exchange: MCX, tradingsymbol: GOLDM25SEP26146000CE, symboltoken: 578792
    126. exchange: MCX, tradingsymbol: GOLDM25SEP26146000PE, symboltoken: 578892
    127. exchange: MCX, tradingsymbol: GOLDM25SEP26146500CE, symboltoken: 578791
    128. exchange: MCX, tradingsymbol: GOLDM25SEP26146500PE, symboltoken: 578891
    129. exchange: MCX, tradingsymbol: GOLDM25SEP26147000CE, symboltoken: 578790
    130. exchange: MCX, tradingsymbol: GOLDM25SEP26147000PE, symboltoken: 578890
    131. exchange: MCX, tradingsymbol: GOLDM25SEP26147500CE, symboltoken: 578789
    132. exchange: MCX, tradingsymbol: GOLDM25SEP26147500PE, symboltoken: 578889
    133. exchange: MCX, tradingsymbol: GOLDM25SEP26148000CE, symboltoken: 578788
    134. exchange: MCX, tradingsymbol: GOLDM25SEP26148000PE, symboltoken: 578888
    135. exchange: MCX, tradingsymbol: GOLDM25SEP26148500CE, symboltoken: 578787
    136. exchange: MCX, tradingsymbol: GOLDM25SEP26148500PE, symboltoken: 578887
    137. exchange: MCX, tradingsymbol: GOLDM25SEP26149000CE, symboltoken: 578786
    138. exchange: MCX, tradingsymbol: GOLDM25SEP26149000PE, symboltoken: 578886
    139. exchange: MCX, tradingsymbol: GOLDM25SEP26149500CE, symboltoken: 578785
    140. exchange: MCX, tradingsymbol: GOLDM25SEP26149500PE, symboltoken: 578885
    141. exchange: MCX, tradingsymbol: GOLDM25SEP26150000CE, symboltoken: 578784
    142. exchange: MCX, tradingsymbol: GOLDM25SEP26150000PE, symboltoken: 578884
    143. exchange: MCX, tradingsymbol: GOLDM25SEP26150500CE, symboltoken: 578780
    144. exchange: MCX, tradingsymbol: GOLDM25SEP26150500PE, symboltoken: 578781
    145. exchange: MCX, tradingsymbol: GOLDM25SEP26151000CE, symboltoken: 578834
    146. exchange: MCX, tradingsymbol: GOLDM25SEP26151000PE, symboltoken: 578934
    147. exchange: MCX, tradingsymbol: GOLDM25SEP26151500CE, symboltoken: 578835
    148. exchange: MCX, tradingsymbol: GOLDM25SEP26151500PE, symboltoken: 578935
    149. exchange: MCX, tradingsymbol: GOLDM25SEP26152000CE, symboltoken: 578836
    150. exchange: MCX, tradingsymbol: GOLDM25SEP26152000PE, symboltoken: 578936
    151. exchange: MCX, tradingsymbol: GOLDM25SEP26152500CE, symboltoken: 578837
    152. exchange: MCX, tradingsymbol: GOLDM25SEP26152500PE, symboltoken: 578937
    153. exchange: MCX, tradingsymbol: GOLDM25SEP26153000CE, symboltoken: 578838
    154. exchange: MCX, tradingsymbol: GOLDM25SEP26153000PE, symboltoken: 578938
    155. exchange: MCX, tradingsymbol: GOLDM25SEP26153500CE, symboltoken: 578839
    156. exchange: MCX, tradingsymbol: GOLDM25SEP26153500PE, symboltoken: 578939
    157. exchange: MCX, tradingsymbol: GOLDM25SEP26154000CE, symboltoken: 578840
    158. exchange: MCX, tradingsymbol: GOLDM25SEP26154000PE, symboltoken: 578940
    159. exchange: MCX, tradingsymbol: GOLDM25SEP26154500CE, symboltoken: 578841
    160. exchange: MCX, tradingsymbol: GOLDM25SEP26154500PE, symboltoken: 578941
    161. exchange: MCX, tradingsymbol: GOLDM25SEP26155000CE, symboltoken: 578842
    162. exchange: MCX, tradingsymbol: GOLDM25SEP26155000PE, symboltoken: 578942
    163. exchange: MCX, tradingsymbol: GOLDM25SEP26155500CE, symboltoken: 578843
    164. exchange: MCX, tradingsymbol: GOLDM25SEP26155500PE, symboltoken: 578943
    165. exchange: MCX, tradingsymbol: GOLDM25SEP26156000CE, symboltoken: 578844
    166. exchange: MCX, tradingsymbol: GOLDM25SEP26156000PE, symboltoken: 578944
    167. exchange: MCX, tradingsymbol: GOLDM25SEP26156500CE, symboltoken: 578845
    168. exchange: MCX, tradingsymbol: GOLDM25SEP26156500PE, symboltoken: 578945
    169. exchange: MCX, tradingsymbol: GOLDM25SEP26157000CE, symboltoken: 578846
    170. exchange: MCX, tradingsymbol: GOLDM25SEP26157000PE, symboltoken: 578946
    171. exchange: MCX, tradingsymbol: GOLDM25SEP26157500CE, symboltoken: 578847
    172. exchange: MCX, tradingsymbol: GOLDM25SEP26157500PE, symboltoken: 578947
    173. exchange: MCX, tradingsymbol: GOLDM25SEP26158000CE, symboltoken: 578848
    174. exchange: MCX, tradingsymbol: GOLDM25SEP26158000PE, symboltoken: 578948
    175. exchange: MCX, tradingsymbol: GOLDM25SEP26158500CE, symboltoken: 578849
    176. exchange: MCX, tradingsymbol: GOLDM25SEP26158500PE, symboltoken: 578949
    177. exchange: MCX, tradingsymbol: GOLDM25SEP26159000CE, symboltoken: 578850
    178. exchange: MCX, tradingsymbol: GOLDM25SEP26159000PE, symboltoken: 578950
    179. exchange: MCX, tradingsymbol: GOLDM25SEP26159500CE, symboltoken: 578851
    180. exchange: MCX, tradingsymbol: GOLDM25SEP26159500PE, symboltoken: 578951
    181. exchange: MCX, tradingsymbol: GOLDM25SEP26160000CE, symboltoken: 578852
    182. exchange: MCX, tradingsymbol: GOLDM25SEP26160000PE, symboltoken: 578952
    183. exchange: MCX, tradingsymbol: GOLDM25SEP26160500CE, symboltoken: 578853
    184. exchange: MCX, tradingsymbol: GOLDM25SEP26160500PE, symboltoken: 578953
    185. exchange: MCX, tradingsymbol: GOLDM25SEP26161000CE, symboltoken: 578854
    186. exchange: MCX, tradingsymbol: GOLDM25SEP26161000PE, symboltoken: 578954
    187. exchange: MCX, tradingsymbol: GOLDM25SEP26161500CE, symboltoken: 578855
    188. exchange: MCX, tradingsymbol: GOLDM25SEP26161500PE, symboltoken: 578955
    189. exchange: MCX, tradingsymbol: GOLDM25SEP26162000CE, symboltoken: 578856
    190. exchange: MCX, tradingsymbol: GOLDM25SEP26162000PE, symboltoken: 578956
    191. exchange: MCX, tradingsymbol: GOLDM25SEP26162500CE, symboltoken: 578857
    192. exchange: MCX, tradingsymbol: GOLDM25SEP26162500PE, symboltoken: 578957
    193. exchange: MCX, tradingsymbol: GOLDM25SEP26163000CE, symboltoken: 578858
    194. exchange: MCX, tradingsymbol: GOLDM25SEP26163000PE, symboltoken: 578958
    195. exchange: MCX, tradingsymbol: GOLDM25SEP26163500CE, symboltoken: 578859
    196. exchange: MCX, tradingsymbol: GOLDM25SEP26163500PE, symboltoken: 578959
    197. exchange: MCX, tradingsymbol: GOLDM25SEP26164000CE, symboltoken: 578860
    198. exchange: MCX, tradingsymbol: GOLDM25SEP26164000PE, symboltoken: 578960
    199. exchange: MCX, tradingsymbol: GOLDM25SEP26164500CE, symboltoken: 578861
    200. exchange: MCX, tradingsymbol: GOLDM25SEP26164500PE, symboltoken: 578961
    201. exchange: MCX, tradingsymbol: GOLDM25SEP26165000CE, symboltoken: 578862
    202. exchange: MCX, tradingsymbol: GOLDM25SEP26165000PE, symboltoken: 578962
    203. exchange: MCX, tradingsymbol: GOLDM25SEP26165500CE, symboltoken: 578863
    204. exchange: MCX, tradingsymbol: GOLDM25SEP26165500PE, symboltoken: 578963
    205. exchange: MCX, tradingsymbol: GOLDM25SEP26166000CE, symboltoken: 578864
    206. exchange: MCX, tradingsymbol: GOLDM25SEP26166000PE, symboltoken: 578964
    207. exchange: MCX, tradingsymbol: GOLDM25SEP26166500CE, symboltoken: 578865
    208. exchange: MCX, tradingsymbol: GOLDM25SEP26166500PE, symboltoken: 578965
    209. exchange: MCX, tradingsymbol: GOLDM25SEP26167000CE, symboltoken: 578866
    210. exchange: MCX, tradingsymbol: GOLDM25SEP26167000PE, symboltoken: 578966
    211. exchange: MCX, tradingsymbol: GOLDM25SEP26167500CE, symboltoken: 578867
    212. exchange: MCX, tradingsymbol: GOLDM25SEP26167500PE, symboltoken: 578967
    213. exchange: MCX, tradingsymbol: GOLDM25SEP26168000CE, symboltoken: 578868
    214. exchange: MCX, tradingsymbol: GOLDM25SEP26168000PE, symboltoken: 578968
    215. exchange: MCX, tradingsymbol: GOLDM25SEP26168500CE, symboltoken: 578869
    216. exchange: MCX, tradingsymbol: GOLDM25SEP26168500PE, symboltoken: 578969
    217. exchange: MCX, tradingsymbol: GOLDM25SEP26169000CE, symboltoken: 578870
    218. exchange: MCX, tradingsymbol: GOLDM25SEP26169000PE, symboltoken: 578970
    219. exchange: MCX, tradingsymbol: GOLDM25SEP26169500CE, symboltoken: 578871
    220. exchange: MCX, tradingsymbol: GOLDM25SEP26169500PE, symboltoken: 578971
    221. exchange: MCX, tradingsymbol: GOLDM25SEP26170000CE, symboltoken: 578872
    222. exchange: MCX, tradingsymbol: GOLDM25SEP26170000PE, symboltoken: 578972
    223. exchange: MCX, tradingsymbol: GOLDM25SEP26170500CE, symboltoken: 578873
    224. exchange: MCX, tradingsymbol: GOLDM25SEP26170500PE, symboltoken: 578973
    225. exchange: MCX, tradingsymbol: GOLDM25SEP26171000CE, symboltoken: 578874
    226. exchange: MCX, tradingsymbol: GOLDM25SEP26171000PE, symboltoken: 578974
    227. exchange: MCX, tradingsymbol: GOLDM25SEP26171500CE, symboltoken: 578875
    228. exchange: MCX, tradingsymbol: GOLDM25SEP26171500PE, symboltoken: 578975
    229. exchange: MCX, tradingsymbol: GOLDM25SEP26172000CE, symboltoken: 578876
    230. exchange: MCX, tradingsymbol: GOLDM25SEP26172000PE, symboltoken: 578976
    231. exchange: MCX, tradingsymbol: GOLDM25SEP26172500CE, symboltoken: 578877
    232. exchange: MCX, tradingsymbol: GOLDM25SEP26172500PE, symboltoken: 578977
    233. exchange: MCX, tradingsymbol: GOLDM25SEP26173000CE, symboltoken: 578878
    234. exchange: MCX, tradingsymbol: GOLDM25SEP26173000PE, symboltoken: 578978
    235. exchange: MCX, tradingsymbol: GOLDM25SEP26173500CE, symboltoken: 578879
    236. exchange: MCX, tradingsymbol: GOLDM25SEP26173500PE, symboltoken: 578979
    237. exchange: MCX, tradingsymbol: GOLDM25SEP26174000CE, symboltoken: 578880
    238. exchange: MCX, tradingsymbol: GOLDM25SEP26174000PE, symboltoken: 578980
    239. exchange: MCX, tradingsymbol: GOLDM25SEP26174500CE, symboltoken: 578881
    240. exchange: MCX, tradingsymbol: GOLDM25SEP26174500PE, symboltoken: 578981
    241. exchange: MCX, tradingsymbol: GOLDM25SEP26175000CE, symboltoken: 578882
    242. exchange: MCX, tradingsymbol: GOLDM25SEP26175000PE, symboltoken: 578982
    243. exchange: MCX, tradingsymbol: GOLDM25SEP26175500CE, symboltoken: 578883
    244. exchange: MCX, tradingsymbol: GOLDM25SEP26175500PE, symboltoken: 578983
    245. exchange: MCX, tradingsymbol: GOLDM25SEP26176000CE, symboltoken: 582139
    246. exchange: MCX, tradingsymbol: GOLDM25SEP26176000PE, symboltoken: 582147
    247. exchange: MCX, tradingsymbol: GOLDM25SEP26176500CE, symboltoken: 582140
    248. exchange: MCX, tradingsymbol: GOLDM25SEP26176500PE, symboltoken: 582148
    249. exchange: MCX, tradingsymbol: GOLDM25SEP26177000CE, symboltoken: 582225
    250. exchange: MCX, tradingsymbol: GOLDM25SEP26177000PE, symboltoken: 582231
    251. exchange: MCX, tradingsymbol: GOLDM25SEP26177500CE, symboltoken: 582226
    252. exchange: MCX, tradingsymbol: GOLDM25SEP26177500PE, symboltoken: 582232
    253. exchange: MCX, tradingsymbol: GOLDM25SEP26178000CE, symboltoken: 582227
    254. exchange: MCX, tradingsymbol: GOLDM25SEP26178000PE, symboltoken: 582233
    255. exchange: MCX, tradingsymbol: GOLDM25SEP26178500CE, symboltoken: 582305
    256. exchange: MCX, tradingsymbol: GOLDM25SEP26178500PE, symboltoken: 582307
    257. exchange: MCX, tradingsymbol: GOLDM25SEP26179000CE, symboltoken: 582317
    258. exchange: MCX, tradingsymbol: GOLDM25SEP26179000PE, symboltoken: 582323
    259. exchange: MCX, tradingsymbol: GOLDM25SEP26179500CE, symboltoken: 582318
    260. exchange: MCX, tradingsymbol: GOLDM25SEP26179500PE, symboltoken: 582324
    261. exchange: MCX, tradingsymbol: GOLDM25SEP26180000CE, symboltoken: 582319
    262. exchange: MCX, tradingsymbol: GOLDM25SEP26180000PE, symboltoken: 582325
    263. exchange: MCX, tradingsymbol: GOLDM28AUG26116000CE, symboltoken: 580158
    264. exchange: MCX, tradingsymbol: GOLDM28AUG26116000PE, symboltoken: 580162
    265. exchange: MCX, tradingsymbol: GOLDM28AUG26116500CE, symboltoken: 579241
    266. exchange: MCX, tradingsymbol: GOLDM28AUG26116500PE, symboltoken: 579252
    267. exchange: MCX, tradingsymbol: GOLDM28AUG26117000CE, symboltoken: 579240
    268. exchange: MCX, tradingsymbol: GOLDM28AUG26117000PE, symboltoken: 579251
    269. exchange: MCX, tradingsymbol: GOLDM28AUG26117500CE, symboltoken: 579239
    270. exchange: MCX, tradingsymbol: GOLDM28AUG26117500PE, symboltoken: 579250
    271. exchange: MCX, tradingsymbol: GOLDM28AUG26118000CE, symboltoken: 577377
    272. exchange: MCX, tradingsymbol: GOLDM28AUG26118000PE, symboltoken: 577408
    273. exchange: MCX, tradingsymbol: GOLDM28AUG26118500CE, symboltoken: 577376
    274. exchange: MCX, tradingsymbol: GOLDM28AUG26118500PE, symboltoken: 577407
    275. exchange: MCX, tradingsymbol: GOLDM28AUG26119000CE, symboltoken: 577375
    276. exchange: MCX, tradingsymbol: GOLDM28AUG26119000PE, symboltoken: 577406
    277. exchange: MCX, tradingsymbol: GOLDM28AUG26119500CE, symboltoken: 577374
    278. exchange: MCX, tradingsymbol: GOLDM28AUG26119500PE, symboltoken: 577405
    279. exchange: MCX, tradingsymbol: GOLDM28AUG26120000CE, symboltoken: 577373
    280. exchange: MCX, tradingsymbol: GOLDM28AUG26120000PE, symboltoken: 577404
    281. exchange: MCX, tradingsymbol: GOLDM28AUG26120500CE, symboltoken: 577372
    282. exchange: MCX, tradingsymbol: GOLDM28AUG26120500PE, symboltoken: 577403
    283. exchange: MCX, tradingsymbol: GOLDM28AUG26121000CE, symboltoken: 577371
    284. exchange: MCX, tradingsymbol: GOLDM28AUG26121000PE, symboltoken: 577402
    285. exchange: MCX, tradingsymbol: GOLDM28AUG26121500CE, symboltoken: 577370
    286. exchange: MCX, tradingsymbol: GOLDM28AUG26121500PE, symboltoken: 577401
    287. exchange: MCX, tradingsymbol: GOLDM28AUG26122000CE, symboltoken: 577369
    288. exchange: MCX, tradingsymbol: GOLDM28AUG26122000PE, symboltoken: 577400
    289. exchange: MCX, tradingsymbol: GOLDM28AUG26122500CE, symboltoken: 577368
    290. exchange: MCX, tradingsymbol: GOLDM28AUG26122500PE, symboltoken: 577399
    291. exchange: MCX, tradingsymbol: GOLDM28AUG26123000CE, symboltoken: 577367
    292. exchange: MCX, tradingsymbol: GOLDM28AUG26123000PE, symboltoken: 577398
    293. exchange: MCX, tradingsymbol: GOLDM28AUG26123500CE, symboltoken: 576957
    294. exchange: MCX, tradingsymbol: GOLDM28AUG26123500PE, symboltoken: 576960
    295. exchange: MCX, tradingsymbol: GOLDM28AUG26124000CE, symboltoken: 576901
    296. exchange: MCX, tradingsymbol: GOLDM28AUG26124000PE, symboltoken: 576908
    297. exchange: MCX, tradingsymbol: GOLDM28AUG26124500CE, symboltoken: 576900
    298. exchange: MCX, tradingsymbol: GOLDM28AUG26124500PE, symboltoken: 576907
    299. exchange: MCX, tradingsymbol: GOLDM28AUG26125000CE, symboltoken: 575569
    300. exchange: MCX, tradingsymbol: GOLDM28AUG26125000PE, symboltoken: 575595
    301. exchange: MCX, tradingsymbol: GOLDM28AUG26125500CE, symboltoken: 575568
    302. exchange: MCX, tradingsymbol: GOLDM28AUG26125500PE, symboltoken: 575594
    303. exchange: MCX, tradingsymbol: GOLDM28AUG26126000CE, symboltoken: 575567
    304. exchange: MCX, tradingsymbol: GOLDM28AUG26126000PE, symboltoken: 575593
    305. exchange: MCX, tradingsymbol: GOLDM28AUG26126500CE, symboltoken: 575566
    306. exchange: MCX, tradingsymbol: GOLDM28AUG26126500PE, symboltoken: 575592
    307. exchange: MCX, tradingsymbol: GOLDM28AUG26127000CE, symboltoken: 575565
    308. exchange: MCX, tradingsymbol: GOLDM28AUG26127000PE, symboltoken: 575591
    309. exchange: MCX, tradingsymbol: GOLDM28AUG26127500CE, symboltoken: 575564
    310. exchange: MCX, tradingsymbol: GOLDM28AUG26127500PE, symboltoken: 575590
    311. exchange: MCX, tradingsymbol: GOLDM28AUG26128000CE, symboltoken: 575563
    312. exchange: MCX, tradingsymbol: GOLDM28AUG26128000PE, symboltoken: 575589
    313. exchange: MCX, tradingsymbol: GOLDM28AUG26128500CE, symboltoken: 575562
    314. exchange: MCX, tradingsymbol: GOLDM28AUG26128500PE, symboltoken: 575588
    315. exchange: MCX, tradingsymbol: GOLDM28AUG26129000CE, symboltoken: 575561
    316. exchange: MCX, tradingsymbol: GOLDM28AUG26129000PE, symboltoken: 575587
    317. exchange: MCX, tradingsymbol: GOLDM28AUG26129500CE, symboltoken: 575408
    318. exchange: MCX, tradingsymbol: GOLDM28AUG26129500PE, symboltoken: 575413
    319. exchange: MCX, tradingsymbol: GOLDM28AUG26130000CE, symboltoken: 575407
    320. exchange: MCX, tradingsymbol: GOLDM28AUG26130000PE, symboltoken: 575412
    321. exchange: MCX, tradingsymbol: GOLDM28AUG26130500CE, symboltoken: 575406
    322. exchange: MCX, tradingsymbol: GOLDM28AUG26130500PE, symboltoken: 575411
    323. exchange: MCX, tradingsymbol: GOLDM28AUG26131000CE, symboltoken: 575405
    324. exchange: MCX, tradingsymbol: GOLDM28AUG26131000PE, symboltoken: 575410
    325. exchange: MCX, tradingsymbol: GOLDM28AUG26131500CE, symboltoken: 575360
    326. exchange: MCX, tradingsymbol: GOLDM28AUG26131500PE, symboltoken: 575361
    327. exchange: MCX, tradingsymbol: GOLDM28AUG26132000CE, symboltoken: 575066
    328. exchange: MCX, tradingsymbol: GOLDM28AUG26132000PE, symboltoken: 575166
    329. exchange: MCX, tradingsymbol: GOLDM28AUG26132500CE, symboltoken: 575065
    330. exchange: MCX, tradingsymbol: GOLDM28AUG26132500PE, symboltoken: 575165
    331. exchange: MCX, tradingsymbol: GOLDM28AUG26133000CE, symboltoken: 575064
    332. exchange: MCX, tradingsymbol: GOLDM28AUG26133000PE, symboltoken: 575164
    333. exchange: MCX, tradingsymbol: GOLDM28AUG26133500CE, symboltoken: 575063
    334. exchange: MCX, tradingsymbol: GOLDM28AUG26133500PE, symboltoken: 575163
    335. exchange: MCX, tradingsymbol: GOLDM28AUG26134000CE, symboltoken: 575062
    336. exchange: MCX, tradingsymbol: GOLDM28AUG26134000PE, symboltoken: 575162
    337. exchange: MCX, tradingsymbol: GOLDM28AUG26134500CE, symboltoken: 575061
    338. exchange: MCX, tradingsymbol: GOLDM28AUG26134500PE, symboltoken: 575161
    339. exchange: MCX, tradingsymbol: GOLDM28AUG26135000CE, symboltoken: 575060
    340. exchange: MCX, tradingsymbol: GOLDM28AUG26135000PE, symboltoken: 575160
    341. exchange: MCX, tradingsymbol: GOLDM28AUG26135500CE, symboltoken: 575059
    342. exchange: MCX, tradingsymbol: GOLDM28AUG26135500PE, symboltoken: 575159
    343. exchange: MCX, tradingsymbol: GOLDM28AUG26136000CE, symboltoken: 575058
    344. exchange: MCX, tradingsymbol: GOLDM28AUG26136000PE, symboltoken: 575158
    345. exchange: MCX, tradingsymbol: GOLDM28AUG26136500CE, symboltoken: 575057
    346. exchange: MCX, tradingsymbol: GOLDM28AUG26136500PE, symboltoken: 575157
    347. exchange: MCX, tradingsymbol: GOLDM28AUG26137000CE, symboltoken: 575056
    348. exchange: MCX, tradingsymbol: GOLDM28AUG26137000PE, symboltoken: 575156
    349. exchange: MCX, tradingsymbol: GOLDM28AUG26137500CE, symboltoken: 575055
    350. exchange: MCX, tradingsymbol: GOLDM28AUG26137500PE, symboltoken: 575155
    351. exchange: MCX, tradingsymbol: GOLDM28AUG26138000CE, symboltoken: 575054
    352. exchange: MCX, tradingsymbol: GOLDM28AUG26138000PE, symboltoken: 575154
    353. exchange: MCX, tradingsymbol: GOLDM28AUG26138500CE, symboltoken: 575053
    354. exchange: MCX, tradingsymbol: GOLDM28AUG26138500PE, symboltoken: 575153
    355. exchange: MCX, tradingsymbol: GOLDM28AUG26139000CE, symboltoken: 575052
    356. exchange: MCX, tradingsymbol: GOLDM28AUG26139000PE, symboltoken: 575152
    357. exchange: MCX, tradingsymbol: GOLDM28AUG26139500CE, symboltoken: 575051
    358. exchange: MCX, tradingsymbol: GOLDM28AUG26139500PE, symboltoken: 575151
    359. exchange: MCX, tradingsymbol: GOLDM28AUG26140000CE, symboltoken: 575050
    360. exchange: MCX, tradingsymbol: GOLDM28AUG26140000PE, symboltoken: 575150
    361. exchange: MCX, tradingsymbol: GOLDM28AUG26140500CE, symboltoken: 575049
    362. exchange: MCX, tradingsymbol: GOLDM28AUG26140500PE, symboltoken: 575149
    363. exchange: MCX, tradingsymbol: GOLDM28AUG26141000CE, symboltoken: 575048
    364. exchange: MCX, tradingsymbol: GOLDM28AUG26141000PE, symboltoken: 575148
    365. exchange: MCX, tradingsymbol: GOLDM28AUG26141500CE, symboltoken: 575047
    366. exchange: MCX, tradingsymbol: GOLDM28AUG26141500PE, symboltoken: 575147
    367. exchange: MCX, tradingsymbol: GOLDM28AUG26142000CE, symboltoken: 575046
    368. exchange: MCX, tradingsymbol: GOLDM28AUG26142000PE, symboltoken: 575146
    369. exchange: MCX, tradingsymbol: GOLDM28AUG26142500CE, symboltoken: 575045
    370. exchange: MCX, tradingsymbol: GOLDM28AUG26142500PE, symboltoken: 575145
    371. exchange: MCX, tradingsymbol: GOLDM28AUG26143000CE, symboltoken: 575044
    372. exchange: MCX, tradingsymbol: GOLDM28AUG26143000PE, symboltoken: 575144
    373. exchange: MCX, tradingsymbol: GOLDM28AUG26143500CE, symboltoken: 575043
    374. exchange: MCX, tradingsymbol: GOLDM28AUG26143500PE, symboltoken: 575143
    375. exchange: MCX, tradingsymbol: GOLDM28AUG26144000CE, symboltoken: 575042
    376. exchange: MCX, tradingsymbol: GOLDM28AUG26144000PE, symboltoken: 575142
    377. exchange: MCX, tradingsymbol: GOLDM28AUG26144500CE, symboltoken: 575041
    378. exchange: MCX, tradingsymbol: GOLDM28AUG26144500PE, symboltoken: 575141
    379. exchange: MCX, tradingsymbol: GOLDM28AUG26145000CE, symboltoken: 575040
    380. exchange: MCX, tradingsymbol: GOLDM28AUG26145000PE, symboltoken: 575140
    381. exchange: MCX, tradingsymbol: GOLDM28AUG26145500CE, symboltoken: 575039
    382. exchange: MCX, tradingsymbol: GOLDM28AUG26145500PE, symboltoken: 575139
    383. exchange: MCX, tradingsymbol: GOLDM28AUG26146000CE, symboltoken: 575038
    384. exchange: MCX, tradingsymbol: GOLDM28AUG26146000PE, symboltoken: 575138
    385. exchange: MCX, tradingsymbol: GOLDM28AUG26146500CE, symboltoken: 575037
    386. exchange: MCX, tradingsymbol: GOLDM28AUG26146500PE, symboltoken: 575137
    387. exchange: MCX, tradingsymbol: GOLDM28AUG26147000CE, symboltoken: 575036
    388. exchange: MCX, tradingsymbol: GOLDM28AUG26147000PE, symboltoken: 575136
    389. exchange: MCX, tradingsymbol: GOLDM28AUG26147500CE, symboltoken: 575035
    390. exchange: MCX, tradingsymbol: GOLDM28AUG26147500PE, symboltoken: 575135
    391. exchange: MCX, tradingsymbol: GOLDM28AUG26148000CE, symboltoken: 575034
    392. exchange: MCX, tradingsymbol: GOLDM28AUG26148000PE, symboltoken: 575134
    393. exchange: MCX, tradingsymbol: GOLDM28AUG26148500CE, symboltoken: 575033
    394. exchange: MCX, tradingsymbol: GOLDM28AUG26148500PE, symboltoken: 575133
    395. exchange: MCX, tradingsymbol: GOLDM28AUG26149000CE, symboltoken: 575032
    396. exchange: MCX, tradingsymbol: GOLDM28AUG26149000PE, symboltoken: 575132
    397. exchange: MCX, tradingsymbol: GOLDM28AUG26149500CE, symboltoken: 575031
    398. exchange: MCX, tradingsymbol: GOLDM28AUG26149500PE, symboltoken: 575131
    399. exchange: MCX, tradingsymbol: GOLDM28AUG26150000CE, symboltoken: 575030
    400. exchange: MCX, tradingsymbol: GOLDM28AUG26150000PE, symboltoken: 575130
    401. exchange: MCX, tradingsymbol: GOLDM28AUG26150500CE, symboltoken: 575029
    402. exchange: MCX, tradingsymbol: GOLDM28AUG26150500PE, symboltoken: 575129
    403. exchange: MCX, tradingsymbol: GOLDM28AUG26151000CE, symboltoken: 575028
    404. exchange: MCX, tradingsymbol: GOLDM28AUG26151000PE, symboltoken: 575128
    405. exchange: MCX, tradingsymbol: GOLDM28AUG26151500CE, symboltoken: 575027
    406. exchange: MCX, tradingsymbol: GOLDM28AUG26151500PE, symboltoken: 575127
    407. exchange: MCX, tradingsymbol: GOLDM28AUG26152000CE, symboltoken: 575026
    408. exchange: MCX, tradingsymbol: GOLDM28AUG26152000PE, symboltoken: 575126
    409. exchange: MCX, tradingsymbol: GOLDM28AUG26152500CE, symboltoken: 575025
    410. exchange: MCX, tradingsymbol: GOLDM28AUG26152500PE, symboltoken: 575125
    411. exchange: MCX, tradingsymbol: GOLDM28AUG26153000CE, symboltoken: 575024
    412. exchange: MCX, tradingsymbol: GOLDM28AUG26153000PE, symboltoken: 575124
    413. exchange: MCX, tradingsymbol: GOLDM28AUG26153500CE, symboltoken: 575023
    414. exchange: MCX, tradingsymbol: GOLDM28AUG26153500PE, symboltoken: 575123
    415. exchange: MCX, tradingsymbol: GOLDM28AUG26154000CE, symboltoken: 575022
    416. exchange: MCX, tradingsymbol: GOLDM28AUG26154000PE, symboltoken: 575122
    417. exchange: MCX, tradingsymbol: GOLDM28AUG26154500CE, symboltoken: 575021
    418. exchange: MCX, tradingsymbol: GOLDM28AUG26154500PE, symboltoken: 575121
    419. exchange: MCX, tradingsymbol: GOLDM28AUG26155000CE, symboltoken: 575020
    420. exchange: MCX, tradingsymbol: GOLDM28AUG26155000PE, symboltoken: 575120
    421. exchange: MCX, tradingsymbol: GOLDM28AUG26155500CE, symboltoken: 575019
    422. exchange: MCX, tradingsymbol: GOLDM28AUG26155500PE, symboltoken: 575119
    423. exchange: MCX, tradingsymbol: GOLDM28AUG26156000CE, symboltoken: 575018
    424. exchange: MCX, tradingsymbol: GOLDM28AUG26156000PE, symboltoken: 575118
    425. exchange: MCX, tradingsymbol: GOLDM28AUG26156500CE, symboltoken: 575012
    426. exchange: MCX, tradingsymbol: GOLDM28AUG26156500PE, symboltoken: 575013
    427. exchange: MCX, tradingsymbol: GOLDM28AUG26157000CE, symboltoken: 575067
    428. exchange: MCX, tradingsymbol: GOLDM28AUG26157000PE, symboltoken: 575167
    429. exchange: MCX, tradingsymbol: GOLDM28AUG26157500CE, symboltoken: 575068
    430. exchange: MCX, tradingsymbol: GOLDM28AUG26157500PE, symboltoken: 575168
    431. exchange: MCX, tradingsymbol: GOLDM28AUG26158000CE, symboltoken: 575069
    432. exchange: MCX, tradingsymbol: GOLDM28AUG26158000PE, symboltoken: 575169
    433. exchange: MCX, tradingsymbol: GOLDM28AUG26158500CE, symboltoken: 575070
    434. exchange: MCX, tradingsymbol: GOLDM28AUG26158500PE, symboltoken: 575170
    435. exchange: MCX, tradingsymbol: GOLDM28AUG26159000CE, symboltoken: 575071
    436. exchange: MCX, tradingsymbol: GOLDM28AUG26159000PE, symboltoken: 575171
    437. exchange: MCX, tradingsymbol: GOLDM28AUG26159500CE, symboltoken: 575072
    438. exchange: MCX, tradingsymbol: GOLDM28AUG26159500PE, symboltoken: 575172
    439. exchange: MCX, tradingsymbol: GOLDM28AUG26160000CE, symboltoken: 575073
    440. exchange: MCX, tradingsymbol: GOLDM28AUG26160000PE, symboltoken: 575173
    441. exchange: MCX, tradingsymbol: GOLDM28AUG26160500CE, symboltoken: 575074
    442. exchange: MCX, tradingsymbol: GOLDM28AUG26160500PE, symboltoken: 575174
    443. exchange: MCX, tradingsymbol: GOLDM28AUG26161000CE, symboltoken: 575075
    444. exchange: MCX, tradingsymbol: GOLDM28AUG26161000PE, symboltoken: 575175
    445. exchange: MCX, tradingsymbol: GOLDM28AUG26161500CE, symboltoken: 575076
    446. exchange: MCX, tradingsymbol: GOLDM28AUG26161500PE, symboltoken: 575176
    447. exchange: MCX, tradingsymbol: GOLDM28AUG26162000CE, symboltoken: 575077
    448. exchange: MCX, tradingsymbol: GOLDM28AUG26162000PE, symboltoken: 575177
    449. exchange: MCX, tradingsymbol: GOLDM28AUG26162500CE, symboltoken: 575078
    450. exchange: MCX, tradingsymbol: GOLDM28AUG26162500PE, symboltoken: 575178
    451. exchange: MCX, tradingsymbol: GOLDM28AUG26163000CE, symboltoken: 575079
    452. exchange: MCX, tradingsymbol: GOLDM28AUG26163000PE, symboltoken: 575179
    453. exchange: MCX, tradingsymbol: GOLDM28AUG26163500CE, symboltoken: 575080
    454. exchange: MCX, tradingsymbol: GOLDM28AUG26163500PE, symboltoken: 575180
    455. exchange: MCX, tradingsymbol: GOLDM28AUG26164000CE, symboltoken: 575081
    456. exchange: MCX, tradingsymbol: GOLDM28AUG26164000PE, symboltoken: 575181
    457. exchange: MCX, tradingsymbol: GOLDM28AUG26164500CE, symboltoken: 575082
    458. exchange: MCX, tradingsymbol: GOLDM28AUG26164500PE, symboltoken: 575182
    459. exchange: MCX, tradingsymbol: GOLDM28AUG26165000CE, symboltoken: 575083
    460. exchange: MCX, tradingsymbol: GOLDM28AUG26165000PE, symboltoken: 575183
    461. exchange: MCX, tradingsymbol: GOLDM28AUG26165500CE, symboltoken: 575084
    462. exchange: MCX, tradingsymbol: GOLDM28AUG26165500PE, symboltoken: 575184
    463. exchange: MCX, tradingsymbol: GOLDM28AUG26166000CE, symboltoken: 575085
    464. exchange: MCX, tradingsymbol: GOLDM28AUG26166000PE, symboltoken: 575185
    465. exchange: MCX, tradingsymbol: GOLDM28AUG26166500CE, symboltoken: 575086
    466. exchange: MCX, tradingsymbol: GOLDM28AUG26166500PE, symboltoken: 575186
    467. exchange: MCX, tradingsymbol: GOLDM28AUG26167000CE, symboltoken: 575087
    468. exchange: MCX, tradingsymbol: GOLDM28AUG26167000PE, symboltoken: 575187
    469. exchange: MCX, tradingsymbol: GOLDM28AUG26167500CE, symboltoken: 575088
    470. exchange: MCX, tradingsymbol: GOLDM28AUG26167500PE, symboltoken: 575188
    471. exchange: MCX, tradingsymbol: GOLDM28AUG26168000CE, symboltoken: 575089
    472. exchange: MCX, tradingsymbol: GOLDM28AUG26168000PE, symboltoken: 575189
    473. exchange: MCX, tradingsymbol: GOLDM28AUG26168500CE, symboltoken: 575090
    474. exchange: MCX, tradingsymbol: GOLDM28AUG26168500PE, symboltoken: 575190
    475. exchange: MCX, tradingsymbol: GOLDM28AUG26169000CE, symboltoken: 575091
    476. exchange: MCX, tradingsymbol: GOLDM28AUG26169000PE, symboltoken: 575191
    477. exchange: MCX, tradingsymbol: GOLDM28AUG26169500CE, symboltoken: 575092
    478. exchange: MCX, tradingsymbol: GOLDM28AUG26169500PE, symboltoken: 575192
    479. exchange: MCX, tradingsymbol: GOLDM28AUG26170000CE, symboltoken: 575093
    480. exchange: MCX, tradingsymbol: GOLDM28AUG26170000PE, symboltoken: 575193
    481. exchange: MCX, tradingsymbol: GOLDM28AUG26170500CE, symboltoken: 575094
    482. exchange: MCX, tradingsymbol: GOLDM28AUG26170500PE, symboltoken: 575194
    483. exchange: MCX, tradingsymbol: GOLDM28AUG26171000CE, symboltoken: 575095
    484. exchange: MCX, tradingsymbol: GOLDM28AUG26171000PE, symboltoken: 575195
    485. exchange: MCX, tradingsymbol: GOLDM28AUG26171500CE, symboltoken: 575096
    486. exchange: MCX, tradingsymbol: GOLDM28AUG26171500PE, symboltoken: 575196
    487. exchange: MCX, tradingsymbol: GOLDM28AUG26172000CE, symboltoken: 575097
    488. exchange: MCX, tradingsymbol: GOLDM28AUG26172000PE, symboltoken: 575197
    489. exchange: MCX, tradingsymbol: GOLDM28AUG26172500CE, symboltoken: 575098
    490. exchange: MCX, tradingsymbol: GOLDM28AUG26172500PE, symboltoken: 575198
    491. exchange: MCX, tradingsymbol: GOLDM28AUG26173000CE, symboltoken: 575099
    492. exchange: MCX, tradingsymbol: GOLDM28AUG26173000PE, symboltoken: 575199
    493. exchange: MCX, tradingsymbol: GOLDM28AUG26173500CE, symboltoken: 575100
    494. exchange: MCX, tradingsymbol: GOLDM28AUG26173500PE, symboltoken: 575200
    495. exchange: MCX, tradingsymbol: GOLDM28AUG26174000CE, symboltoken: 575101
    496. exchange: MCX, tradingsymbol: GOLDM28AUG26174000PE, symboltoken: 575201
    497. exchange: MCX, tradingsymbol: GOLDM28AUG26174500CE, symboltoken: 575102
    498. exchange: MCX, tradingsymbol: GOLDM28AUG26174500PE, symboltoken: 575202
    499. exchange: MCX, tradingsymbol: GOLDM28AUG26175000CE, symboltoken: 575103
    500. exchange: MCX, tradingsymbol: GOLDM28AUG26175000PE, symboltoken: 575203
    501. exchange: MCX, tradingsymbol: GOLDM28AUG26175500CE, symboltoken: 575104
    502. exchange: MCX, tradingsymbol: GOLDM28AUG26175500PE, symboltoken: 575204
    503. exchange: MCX, tradingsymbol: GOLDM28AUG26176000CE, symboltoken: 575105
    504. exchange: MCX, tradingsymbol: GOLDM28AUG26176000PE, symboltoken: 575205
    505. exchange: MCX, tradingsymbol: GOLDM28AUG26176500CE, symboltoken: 575106
    506. exchange: MCX, tradingsymbol: GOLDM28AUG26176500PE, symboltoken: 575206
    507. exchange: MCX, tradingsymbol: GOLDM28AUG26177000CE, symboltoken: 575107
    508. exchange: MCX, tradingsymbol: GOLDM28AUG26177000PE, symboltoken: 575207
    509. exchange: MCX, tradingsymbol: GOLDM28AUG26177500CE, symboltoken: 575108
    510. exchange: MCX, tradingsymbol: GOLDM28AUG26177500PE, symboltoken: 575208
    511. exchange: MCX, tradingsymbol: GOLDM28AUG26178000CE, symboltoken: 575109
    512. exchange: MCX, tradingsymbol: GOLDM28AUG26178000PE, symboltoken: 575209
    513. exchange: MCX, tradingsymbol: GOLDM28AUG26178500CE, symboltoken: 575110
    514. exchange: MCX, tradingsymbol: GOLDM28AUG26178500PE, symboltoken: 575210
    515. exchange: MCX, tradingsymbol: GOLDM28AUG26179000CE, symboltoken: 575111
    516. exchange: MCX, tradingsymbol: GOLDM28AUG26179000PE, symboltoken: 575211
    517. exchange: MCX, tradingsymbol: GOLDM28AUG26179500CE, symboltoken: 575112
    518. exchange: MCX, tradingsymbol: GOLDM28AUG26179500PE, symboltoken: 575212
    519. exchange: MCX, tradingsymbol: GOLDM28AUG26180000CE, symboltoken: 575113
    520. exchange: MCX, tradingsymbol: GOLDM28AUG26180000PE, symboltoken: 575213
    521. exchange: MCX, tradingsymbol: GOLDM28AUG26180500CE, symboltoken: 575114
    522. exchange: MCX, tradingsymbol: GOLDM28AUG26180500PE, symboltoken: 575214
    523. exchange: MCX, tradingsymbol: GOLDM28AUG26181000CE, symboltoken: 575115
    524. exchange: MCX, tradingsymbol: GOLDM28AUG26181000PE, symboltoken: 575215
    525. exchange: MCX, tradingsymbol: GOLDM28AUG26181500CE, symboltoken: 575116
    526. exchange: MCX, tradingsymbol: GOLDM28AUG26181500PE, symboltoken: 575216
    527. exchange: MCX, tradingsymbol: GOLDM28AUG26182000CE, symboltoken: 575117
    528. exchange: MCX, tradingsymbol: GOLDM28AUG26182000PE, symboltoken: 575217
    529. exchange: MCX, tradingsymbol: GOLDM29OCT26124000CE, symboltoken: 581936
    530. exchange: MCX, tradingsymbol: GOLDM29OCT26124000PE, symboltoken: 582036
    531. exchange: MCX, tradingsymbol: GOLDM29OCT26124500CE, symboltoken: 581935
    532. exchange: MCX, tradingsymbol: GOLDM29OCT26124500PE, symboltoken: 582035
    533. exchange: MCX, tradingsymbol: GOLDM29OCT26125000CE, symboltoken: 581934
    534. exchange: MCX, tradingsymbol: GOLDM29OCT26125000PE, symboltoken: 582034
    535. exchange: MCX, tradingsymbol: GOLDM29OCT26125500CE, symboltoken: 581933
    536. exchange: MCX, tradingsymbol: GOLDM29OCT26125500PE, symboltoken: 582033
    537. exchange: MCX, tradingsymbol: GOLDM29OCT26126000CE, symboltoken: 581932
    538. exchange: MCX, tradingsymbol: GOLDM29OCT26126000PE, symboltoken: 582032
    539. exchange: MCX, tradingsymbol: GOLDM29OCT26126500CE, symboltoken: 581931
    540. exchange: MCX, tradingsymbol: GOLDM29OCT26126500PE, symboltoken: 582031
    541. exchange: MCX, tradingsymbol: GOLDM29OCT26127000CE, symboltoken: 581930
    542. exchange: MCX, tradingsymbol: GOLDM29OCT26127000PE, symboltoken: 582030
    543. exchange: MCX, tradingsymbol: GOLDM29OCT26127500CE, symboltoken: 581929
    544. exchange: MCX, tradingsymbol: GOLDM29OCT26127500PE, symboltoken: 582029
    545. exchange: MCX, tradingsymbol: GOLDM29OCT26128000CE, symboltoken: 581928
    546. exchange: MCX, tradingsymbol: GOLDM29OCT26128000PE, symboltoken: 582028
    547. exchange: MCX, tradingsymbol: GOLDM29OCT26128500CE, symboltoken: 581927
    548. exchange: MCX, tradingsymbol: GOLDM29OCT26128500PE, symboltoken: 582027
    549. exchange: MCX, tradingsymbol: GOLDM29OCT26129000CE, symboltoken: 581926
    550. exchange: MCX, tradingsymbol: GOLDM29OCT26129000PE, symboltoken: 582026
    551. exchange: MCX, tradingsymbol: GOLDM29OCT26129500CE, symboltoken: 581925
    552. exchange: MCX, tradingsymbol: GOLDM29OCT26129500PE, symboltoken: 582025
    553. exchange: MCX, tradingsymbol: GOLDM29OCT26130000CE, symboltoken: 581924
    554. exchange: MCX, tradingsymbol: GOLDM29OCT26130000PE, symboltoken: 582024
    555. exchange: MCX, tradingsymbol: GOLDM29OCT26130500CE, symboltoken: 581923
    556. exchange: MCX, tradingsymbol: GOLDM29OCT26130500PE, symboltoken: 582023
    557. exchange: MCX, tradingsymbol: GOLDM29OCT26131000CE, symboltoken: 581922
    558. exchange: MCX, tradingsymbol: GOLDM29OCT26131000PE, symboltoken: 582022
    559. exchange: MCX, tradingsymbol: GOLDM29OCT26131500CE, symboltoken: 581921
    560. exchange: MCX, tradingsymbol: GOLDM29OCT26131500PE, symboltoken: 582021
    561. exchange: MCX, tradingsymbol: GOLDM29OCT26132000CE, symboltoken: 581920
    562. exchange: MCX, tradingsymbol: GOLDM29OCT26132000PE, symboltoken: 582020
    563. exchange: MCX, tradingsymbol: GOLDM29OCT26132500CE, symboltoken: 581919
    564. exchange: MCX, tradingsymbol: GOLDM29OCT26132500PE, symboltoken: 582019
    565. exchange: MCX, tradingsymbol: GOLDM29OCT26133000CE, symboltoken: 581918
    566. exchange: MCX, tradingsymbol: GOLDM29OCT26133000PE, symboltoken: 582018
    567. exchange: MCX, tradingsymbol: GOLDM29OCT26133500CE, symboltoken: 581917
    568. exchange: MCX, tradingsymbol: GOLDM29OCT26133500PE, symboltoken: 582017
    569. exchange: MCX, tradingsymbol: GOLDM29OCT26134000CE, symboltoken: 581916
    570. exchange: MCX, tradingsymbol: GOLDM29OCT26134000PE, symboltoken: 582016
    571. exchange: MCX, tradingsymbol: GOLDM29OCT26134500CE, symboltoken: 581915
    572. exchange: MCX, tradingsymbol: GOLDM29OCT26134500PE, symboltoken: 582015
    573. exchange: MCX, tradingsymbol: GOLDM29OCT26135000CE, symboltoken: 581914
    574. exchange: MCX, tradingsymbol: GOLDM29OCT26135000PE, symboltoken: 582014
    575. exchange: MCX, tradingsymbol: GOLDM29OCT26135500CE, symboltoken: 581913
    576. exchange: MCX, tradingsymbol: GOLDM29OCT26135500PE, symboltoken: 582013
    577. exchange: MCX, tradingsymbol: GOLDM29OCT26136000CE, symboltoken: 581912
    578. exchange: MCX, tradingsymbol: GOLDM29OCT26136000PE, symboltoken: 582012
    579. exchange: MCX, tradingsymbol: GOLDM29OCT26136500CE, symboltoken: 581911
    580. exchange: MCX, tradingsymbol: GOLDM29OCT26136500PE, symboltoken: 582011
    581. exchange: MCX, tradingsymbol: GOLDM29OCT26137000CE, symboltoken: 581910
    582. exchange: MCX, tradingsymbol: GOLDM29OCT26137000PE, symboltoken: 582010
    583. exchange: MCX, tradingsymbol: GOLDM29OCT26137500CE, symboltoken: 581909
    584. exchange: MCX, tradingsymbol: GOLDM29OCT26137500PE, symboltoken: 582009
    585. exchange: MCX, tradingsymbol: GOLDM29OCT26138000CE, symboltoken: 581908
    586. exchange: MCX, tradingsymbol: GOLDM29OCT26138000PE, symboltoken: 582008
    587. exchange: MCX, tradingsymbol: GOLDM29OCT26138500CE, symboltoken: 581907
    588. exchange: MCX, tradingsymbol: GOLDM29OCT26138500PE, symboltoken: 582007
    589. exchange: MCX, tradingsymbol: GOLDM29OCT26139000CE, symboltoken: 581906
    590. exchange: MCX, tradingsymbol: GOLDM29OCT26139000PE, symboltoken: 582006
    591. exchange: MCX, tradingsymbol: GOLDM29OCT26139500CE, symboltoken: 581905
    592. exchange: MCX, tradingsymbol: GOLDM29OCT26139500PE, symboltoken: 582005
    593. exchange: MCX, tradingsymbol: GOLDM29OCT26140000CE, symboltoken: 581904
    594. exchange: MCX, tradingsymbol: GOLDM29OCT26140000PE, symboltoken: 582004
    595. exchange: MCX, tradingsymbol: GOLDM29OCT26140500CE, symboltoken: 581903
    596. exchange: MCX, tradingsymbol: GOLDM29OCT26140500PE, symboltoken: 582003
    597. exchange: MCX, tradingsymbol: GOLDM29OCT26141000CE, symboltoken: 581902
    598. exchange: MCX, tradingsymbol: GOLDM29OCT26141000PE, symboltoken: 582002
    599. exchange: MCX, tradingsymbol: GOLDM29OCT26141500CE, symboltoken: 581901
    600. exchange: MCX, tradingsymbol: GOLDM29OCT26141500PE, symboltoken: 582001
    601. exchange: MCX, tradingsymbol: GOLDM29OCT26142000CE, symboltoken: 581900
    602. exchange: MCX, tradingsymbol: GOLDM29OCT26142000PE, symboltoken: 582000
    603. exchange: MCX, tradingsymbol: GOLDM29OCT26142500CE, symboltoken: 581899
    604. exchange: MCX, tradingsymbol: GOLDM29OCT26142500PE, symboltoken: 581999
    605. exchange: MCX, tradingsymbol: GOLDM29OCT26143000CE, symboltoken: 581898
    606. exchange: MCX, tradingsymbol: GOLDM29OCT26143000PE, symboltoken: 581998
    607. exchange: MCX, tradingsymbol: GOLDM29OCT26143500CE, symboltoken: 581897
    608. exchange: MCX, tradingsymbol: GOLDM29OCT26143500PE, symboltoken: 581997
    609. exchange: MCX, tradingsymbol: GOLDM29OCT26144000CE, symboltoken: 581896
    610. exchange: MCX, tradingsymbol: GOLDM29OCT26144000PE, symboltoken: 581996
    611. exchange: MCX, tradingsymbol: GOLDM29OCT26144500CE, symboltoken: 581895
    612. exchange: MCX, tradingsymbol: GOLDM29OCT26144500PE, symboltoken: 581995
    613. exchange: MCX, tradingsymbol: GOLDM29OCT26145000CE, symboltoken: 581894
    614. exchange: MCX, tradingsymbol: GOLDM29OCT26145000PE, symboltoken: 581994
    615. exchange: MCX, tradingsymbol: GOLDM29OCT26145500CE, symboltoken: 581893
    616. exchange: MCX, tradingsymbol: GOLDM29OCT26145500PE, symboltoken: 581993
    617. exchange: MCX, tradingsymbol: GOLDM29OCT26146000CE, symboltoken: 581892
    618. exchange: MCX, tradingsymbol: GOLDM29OCT26146000PE, symboltoken: 581992
    619. exchange: MCX, tradingsymbol: GOLDM29OCT26146500CE, symboltoken: 581891
    620. exchange: MCX, tradingsymbol: GOLDM29OCT26146500PE, symboltoken: 581991
    621. exchange: MCX, tradingsymbol: GOLDM29OCT26147000CE, symboltoken: 581890
    622. exchange: MCX, tradingsymbol: GOLDM29OCT26147000PE, symboltoken: 581990
    623. exchange: MCX, tradingsymbol: GOLDM29OCT26147500CE, symboltoken: 581889
    624. exchange: MCX, tradingsymbol: GOLDM29OCT26147500PE, symboltoken: 581989
    625. exchange: MCX, tradingsymbol: GOLDM29OCT26148000CE, symboltoken: 581888
    626. exchange: MCX, tradingsymbol: GOLDM29OCT26148000PE, symboltoken: 581988
    627. exchange: MCX, tradingsymbol: GOLDM29OCT26148500CE, symboltoken: 581887
    628. exchange: MCX, tradingsymbol: GOLDM29OCT26148500PE, symboltoken: 581987
    629. exchange: MCX, tradingsymbol: GOLDM29OCT26149000CE, symboltoken: 581937
    630. exchange: MCX, tradingsymbol: GOLDM29OCT26149000PE, symboltoken: 582037
    631. exchange: MCX, tradingsymbol: GOLDM29OCT26149500CE, symboltoken: 581881
    632. exchange: MCX, tradingsymbol: GOLDM29OCT26149500PE, symboltoken: 581882
    633. exchange: MCX, tradingsymbol: GOLDM29OCT26150000CE, symboltoken: 581938
    634. exchange: MCX, tradingsymbol: GOLDM29OCT26150000PE, symboltoken: 582038
    635. exchange: MCX, tradingsymbol: GOLDM29OCT26150500CE, symboltoken: 581939
    636. exchange: MCX, tradingsymbol: GOLDM29OCT26150500PE, symboltoken: 582039
    637. exchange: MCX, tradingsymbol: GOLDM29OCT26151000CE, symboltoken: 581940
    638. exchange: MCX, tradingsymbol: GOLDM29OCT26151000PE, symboltoken: 582040
    639. exchange: MCX, tradingsymbol: GOLDM29OCT26151500CE, symboltoken: 581941
    640. exchange: MCX, tradingsymbol: GOLDM29OCT26151500PE, symboltoken: 582041
    641. exchange: MCX, tradingsymbol: GOLDM29OCT26152000CE, symboltoken: 581942
    642. exchange: MCX, tradingsymbol: GOLDM29OCT26152000PE, symboltoken: 582042
    643. exchange: MCX, tradingsymbol: GOLDM29OCT26152500CE, symboltoken: 581943
    644. exchange: MCX, tradingsymbol: GOLDM29OCT26152500PE, symboltoken: 582043
    645. exchange: MCX, tradingsymbol: GOLDM29OCT26153000CE, symboltoken: 581944
    646. exchange: MCX, tradingsymbol: GOLDM29OCT26153000PE, symboltoken: 582044
    647. exchange: MCX, tradingsymbol: GOLDM29OCT26153500CE, symboltoken: 581945
    648. exchange: MCX, tradingsymbol: GOLDM29OCT26153500PE, symboltoken: 582045
    649. exchange: MCX, tradingsymbol: GOLDM29OCT26154000CE, symboltoken: 581946
    650. exchange: MCX, tradingsymbol: GOLDM29OCT26154000PE, symboltoken: 582046
    651. exchange: MCX, tradingsymbol: GOLDM29OCT26154500CE, symboltoken: 581947
    652. exchange: MCX, tradingsymbol: GOLDM29OCT26154500PE, symboltoken: 582047
    653. exchange: MCX, tradingsymbol: GOLDM29OCT26155000CE, symboltoken: 581948
    654. exchange: MCX, tradingsymbol: GOLDM29OCT26155000PE, symboltoken: 582048
    655. exchange: MCX, tradingsymbol: GOLDM29OCT26155500CE, symboltoken: 581949
    656. exchange: MCX, tradingsymbol: GOLDM29OCT26155500PE, symboltoken: 582049
    657. exchange: MCX, tradingsymbol: GOLDM29OCT26156000CE, symboltoken: 581950
    658. exchange: MCX, tradingsymbol: GOLDM29OCT26156000PE, symboltoken: 582050
    659. exchange: MCX, tradingsymbol: GOLDM29OCT26156500CE, symboltoken: 581951
    660. exchange: MCX, tradingsymbol: GOLDM29OCT26156500PE, symboltoken: 582051
    661. exchange: MCX, tradingsymbol: GOLDM29OCT26157000CE, symboltoken: 581952
    662. exchange: MCX, tradingsymbol: GOLDM29OCT26157000PE, symboltoken: 582052
    663. exchange: MCX, tradingsymbol: GOLDM29OCT26157500CE, symboltoken: 581953
    664. exchange: MCX, tradingsymbol: GOLDM29OCT26157500PE, symboltoken: 582053
    665. exchange: MCX, tradingsymbol: GOLDM29OCT26158000CE, symboltoken: 581954
    666. exchange: MCX, tradingsymbol: GOLDM29OCT26158000PE, symboltoken: 582054
    667. exchange: MCX, tradingsymbol: GOLDM29OCT26158500CE, symboltoken: 581955
    668. exchange: MCX, tradingsymbol: GOLDM29OCT26158500PE, symboltoken: 582055
    669. exchange: MCX, tradingsymbol: GOLDM29OCT26159000CE, symboltoken: 581956
    670. exchange: MCX, tradingsymbol: GOLDM29OCT26159000PE, symboltoken: 582056
    671. exchange: MCX, tradingsymbol: GOLDM29OCT26159500CE, symboltoken: 581957
    672. exchange: MCX, tradingsymbol: GOLDM29OCT26159500PE, symboltoken: 582057
    673. exchange: MCX, tradingsymbol: GOLDM29OCT26160000CE, symboltoken: 581958
    674. exchange: MCX, tradingsymbol: GOLDM29OCT26160000PE, symboltoken: 582058
    675. exchange: MCX, tradingsymbol: GOLDM29OCT26160500CE, symboltoken: 581959
    676. exchange: MCX, tradingsymbol: GOLDM29OCT26160500PE, symboltoken: 582059
    677. exchange: MCX, tradingsymbol: GOLDM29OCT26161000CE, symboltoken: 581960
    678. exchange: MCX, tradingsymbol: GOLDM29OCT26161000PE, symboltoken: 582060
    679. exchange: MCX, tradingsymbol: GOLDM29OCT26161500CE, symboltoken: 581961
    680. exchange: MCX, tradingsymbol: GOLDM29OCT26161500PE, symboltoken: 582061
    681. exchange: MCX, tradingsymbol: GOLDM29OCT26162000CE, symboltoken: 581962
    682. exchange: MCX, tradingsymbol: GOLDM29OCT26162000PE, symboltoken: 582062
    683. exchange: MCX, tradingsymbol: GOLDM29OCT26162500CE, symboltoken: 581963
    684. exchange: MCX, tradingsymbol: GOLDM29OCT26162500PE, symboltoken: 582063
    685. exchange: MCX, tradingsymbol: GOLDM29OCT26163000CE, symboltoken: 581964
    686. exchange: MCX, tradingsymbol: GOLDM29OCT26163000PE, symboltoken: 582064
    687. exchange: MCX, tradingsymbol: GOLDM29OCT26163500CE, symboltoken: 581965
    688. exchange: MCX, tradingsymbol: GOLDM29OCT26163500PE, symboltoken: 582065
    689. exchange: MCX, tradingsymbol: GOLDM29OCT26164000CE, symboltoken: 581966
    690. exchange: MCX, tradingsymbol: GOLDM29OCT26164000PE, symboltoken: 582066
    691. exchange: MCX, tradingsymbol: GOLDM29OCT26164500CE, symboltoken: 581967
    692. exchange: MCX, tradingsymbol: GOLDM29OCT26164500PE, symboltoken: 582067
    693. exchange: MCX, tradingsymbol: GOLDM29OCT26165000CE, symboltoken: 581968
    694. exchange: MCX, tradingsymbol: GOLDM29OCT26165000PE, symboltoken: 582068
    695. exchange: MCX, tradingsymbol: GOLDM29OCT26165500CE, symboltoken: 581969
    696. exchange: MCX, tradingsymbol: GOLDM29OCT26165500PE, symboltoken: 582069
    697. exchange: MCX, tradingsymbol: GOLDM29OCT26166000CE, symboltoken: 581970
    698. exchange: MCX, tradingsymbol: GOLDM29OCT26166000PE, symboltoken: 582070
    699. exchange: MCX, tradingsymbol: GOLDM29OCT26166500CE, symboltoken: 581971
    700. exchange: MCX, tradingsymbol: GOLDM29OCT26166500PE, symboltoken: 582071
    701. exchange: MCX, tradingsymbol: GOLDM29OCT26167000CE, symboltoken: 581972
    702. exchange: MCX, tradingsymbol: GOLDM29OCT26167000PE, symboltoken: 582072
    703. exchange: MCX, tradingsymbol: GOLDM29OCT26167500CE, symboltoken: 581973
    704. exchange: MCX, tradingsymbol: GOLDM29OCT26167500PE, symboltoken: 582073
    705. exchange: MCX, tradingsymbol: GOLDM29OCT26168000CE, symboltoken: 581974
    706. exchange: MCX, tradingsymbol: GOLDM29OCT26168000PE, symboltoken: 582074
    707. exchange: MCX, tradingsymbol: GOLDM29OCT26168500CE, symboltoken: 581975
    708. exchange: MCX, tradingsymbol: GOLDM29OCT26168500PE, symboltoken: 582075
    709. exchange: MCX, tradingsymbol: GOLDM29OCT26169000CE, symboltoken: 581976
    710. exchange: MCX, tradingsymbol: GOLDM29OCT26169000PE, symboltoken: 582076
    711. exchange: MCX, tradingsymbol: GOLDM29OCT26169500CE, symboltoken: 581977
    712. exchange: MCX, tradingsymbol: GOLDM29OCT26169500PE, symboltoken: 582077
    713. exchange: MCX, tradingsymbol: GOLDM29OCT26170000CE, symboltoken: 581978
    714. exchange: MCX, tradingsymbol: GOLDM29OCT26170000PE, symboltoken: 582078
    715. exchange: MCX, tradingsymbol: GOLDM29OCT26170500CE, symboltoken: 581979
    716. exchange: MCX, tradingsymbol: GOLDM29OCT26170500PE, symboltoken: 582079
    717. exchange: MCX, tradingsymbol: GOLDM29OCT26171000CE, symboltoken: 581980
    718. exchange: MCX, tradingsymbol: GOLDM29OCT26171000PE, symboltoken: 582080
    719. exchange: MCX, tradingsymbol: GOLDM29OCT26171500CE, symboltoken: 581981
    720. exchange: MCX, tradingsymbol: GOLDM29OCT26171500PE, symboltoken: 582081
    721. exchange: MCX, tradingsymbol: GOLDM29OCT26172000CE, symboltoken: 581982
    722. exchange: MCX, tradingsymbol: GOLDM29OCT26172000PE, symboltoken: 582082
    723. exchange: MCX, tradingsymbol: GOLDM29OCT26172500CE, symboltoken: 581983
    724. exchange: MCX, tradingsymbol: GOLDM29OCT26172500PE, symboltoken: 582083
    725. exchange: MCX, tradingsymbol: GOLDM29OCT26173000CE, symboltoken: 581984
    726. exchange: MCX, tradingsymbol: GOLDM29OCT26173000PE, symboltoken: 582084
    727. exchange: MCX, tradingsymbol: GOLDM29OCT26173500CE, symboltoken: 581985
    728. exchange: MCX, tradingsymbol: GOLDM29OCT26173500PE, symboltoken: 582085
    729. exchange: MCX, tradingsymbol: GOLDM29OCT26174000CE, symboltoken: 581986
    730. exchange: MCX, tradingsymbol: GOLDM29OCT26174000PE, symboltoken: 582086
    731. exchange: MCX, tradingsymbol: GOLDM29OCT26174500CE, symboltoken: 582115
    732. exchange: MCX, tradingsymbol: GOLDM29OCT26174500PE, symboltoken: 582116
    733. exchange: MCX, tradingsymbol: GOLDM29OCT26175000CE, symboltoken: 582141
    734. exchange: MCX, tradingsymbol: GOLDM29OCT26175000PE, symboltoken: 582149
    735. exchange: MCX, tradingsymbol: GOLDM29OCT26175500CE, symboltoken: 582142
    736. exchange: MCX, tradingsymbol: GOLDM29OCT26175500PE, symboltoken: 582150
    737. exchange: MCX, tradingsymbol: GOLDM29OCT26176000CE, symboltoken: 582143
    738. exchange: MCX, tradingsymbol: GOLDM29OCT26176000PE, symboltoken: 582151
    739. exchange: MCX, tradingsymbol: GOLDM29OCT26176500CE, symboltoken: 582144
    740. exchange: MCX, tradingsymbol: GOLDM29OCT26176500PE, symboltoken: 582152
    741. exchange: MCX, tradingsymbol: GOLDM29OCT26177000CE, symboltoken: 582145
    742. exchange: MCX, tradingsymbol: GOLDM29OCT26177000PE, symboltoken: 582153
    743. exchange: MCX, tradingsymbol: GOLDM29OCT26177500CE, symboltoken: 582146
    744. exchange: MCX, tradingsymbol: GOLDM29OCT26177500PE, symboltoken: 582154
    745. exchange: MCX, tradingsymbol: GOLDM29OCT26178000CE, symboltoken: 582228
    746. exchange: MCX, tradingsymbol: GOLDM29OCT26178000PE, symboltoken: 582234
    747. exchange: MCX, tradingsymbol: GOLDM29OCT26178500CE, symboltoken: 582229
    748. exchange: MCX, tradingsymbol: GOLDM29OCT26178500PE, symboltoken: 582235
    749. exchange: MCX, tradingsymbol: GOLDM29OCT26179000CE, symboltoken: 582230
    750. exchange: MCX, tradingsymbol: GOLDM29OCT26179000PE, symboltoken: 582236
    751. exchange: MCX, tradingsymbol: GOLDM29OCT26179500CE, symboltoken: 582306
    752. exchange: MCX, tradingsymbol: GOLDM29OCT26179500PE, symboltoken: 582308
    753. exchange: MCX, tradingsymbol: GOLDM29OCT26180000CE, symboltoken: 582320
    754. exchange: MCX, tradingsymbol: GOLDM29OCT26180000PE, symboltoken: 582326
    755. exchange: MCX, tradingsymbol: GOLDM29OCT26180500CE, symboltoken: 582321
    756. exchange: MCX, tradingsymbol: GOLDM29OCT26180500PE, symboltoken: 582327
    757. exchange: MCX, tradingsymbol: GOLDM29OCT26181000CE, symboltoken: 582322
    758. exchange: MCX, tradingsymbol: GOLDM29OCT26181000PE, symboltoken: 582328
    759. exchange: MCX, tradingsymbol: GOLDMAHMCOM, symboltoken: 347
    760. exchange: MCX, tradingsymbol: GOLDMCOM, symboltoken: 117
    761. exchange: MCX, tradingsymbol: GOLDMDELCOM, symboltoken: 348
    762. exchange: MCX, tradingsymbol: GOLDMKOLCOM, symboltoken: 349
    763. exchange: MCX, tradingsymbol: GOLDMMUMCOM, symboltoken: 346
    764. exchange: MCX, tradingsymbol: GOLDMUMCOM, symboltoken: 342
    765. exchange: MCX, tradingsymbol: GOLDM29OCT26178000CE, symboltoken: 582228
    766. exchange: MCX, tradingsymbol: GOLDM29OCT26178000PE, symboltoken: 582234
    767. exchange: MCX, tradingsymbol: GOLDM29OCT26178500CE, symboltoken: 582229
    768. exchange: MCX, tradingsymbol: GOLDM29OCT26178500PE, symboltoken: 582235
    769. exchange: MCX, tradingsymbol: GOLDM29OCT26179000CE, symboltoken: 582230
    770. exchange: MCX, tradingsymbol: GOLDM29OCT26179000PE, symboltoken: 582236
    771. exchange: MCX, tradingsymbol: GOLDM29OCT26179500CE, symboltoken: 582306
    772. exchange: MCX, tradingsymbol: GOLDM29OCT26179500PE, symboltoken: 582308
    773. exchange: MCX, tradingsymbol: GOLDM29OCT26180000CE, symboltoken: 582320
    774. exchange: MCX, tradingsymbol: GOLDM29OCT26180000PE, symboltoken: 582326
    775. exchange: MCX, tradingsymbol: GOLDM29OCT26180500CE, symboltoken: 582321
    776. exchange: MCX, tradingsymbol: GOLDM29OCT26180500PE, symboltoken: 582327
    777. exchange: MCX, tradingsymbol: GOLDM29OCT26181000CE, symboltoken: 582322
    778. exchange: MCX, tradingsymbol: GOLDM29OCT26181000PE, symboltoken: 582328
    779. exchange: MCX, tradingsymbol: GOLDMAHMCOM, symboltoken: 347
    780. exchange: MCX, tradingsymbol: GOLDMCOM, symboltoken: 117
INFO:     Shutting down
INFO:     Waiting for application shutdown.
INFO:     Application shutdown complete.
INFO:     Finished server process [70545]
INFO:     Started server process [71633]
INFO:     Waiting for application startup.
INFO:     Application startup complete.
INFO:     Uvicorn running on http://0.0.0.0:8001 (Press CTRL+C to quit)
[I 260817 09:30:23 smartConnect:124] in pool
[I 260817 09:30:23 smartConnect:496] Search successful. Found 780 trading symbols for the given query:
    1. exchange: MCX, tradingsymbol: GOLDM04DEC26FUT, symboltoken: 575011
    2. exchange: MCX, tradingsymbol: GOLDM04SEP26FUT, symboltoken: 563946
    3. exchange: MCX, tradingsymbol: GOLDM05FEB27FUT, symboltoken: 581880
    4. exchange: MCX, tradingsymbol: GOLDM05JAN27FUT, symboltoken: 578779
    5. exchange: MCX, tradingsymbol: GOLDM05NOV26FUT, symboltoken: 571445
    6. exchange: MCX, tradingsymbol: GOLDM05OCT26FUT, symboltoken: 569003
    7. exchange: MCX, tradingsymbol: GOLDM25SEP26116500CE, symboltoken: 580161
    8. exchange: MCX, tradingsymbol: GOLDM25SEP26116500PE, symboltoken: 580165
    9. exchange: MCX, tradingsymbol: GOLDM25SEP26117000CE, symboltoken: 580160
    10. exchange: MCX, tradingsymbol: GOLDM25SEP26117000PE, symboltoken: 580164
    11. exchange: MCX, tradingsymbol: GOLDM25SEP26117500CE, symboltoken: 580159
    12. exchange: MCX, tradingsymbol: GOLDM25SEP26117500PE, symboltoken: 580163
    13. exchange: MCX, tradingsymbol: GOLDM25SEP26118000CE, symboltoken: 579247
    14. exchange: MCX, tradingsymbol: GOLDM25SEP26118000PE, symboltoken: 579258
    15. exchange: MCX, tradingsymbol: GOLDM25SEP26118500CE, symboltoken: 579246
    16. exchange: MCX, tradingsymbol: GOLDM25SEP26118500PE, symboltoken: 579257
    17. exchange: MCX, tradingsymbol: GOLDM25SEP26119000CE, symboltoken: 579245
    18. exchange: MCX, tradingsymbol: GOLDM25SEP26119000PE, symboltoken: 579256
    19. exchange: MCX, tradingsymbol: GOLDM25SEP26119500CE, symboltoken: 579244
    20. exchange: MCX, tradingsymbol: GOLDM25SEP26119500PE, symboltoken: 579255
    21. exchange: MCX, tradingsymbol: GOLDM25SEP26120000CE, symboltoken: 579243
    22. exchange: MCX, tradingsymbol: GOLDM25SEP26120000PE, symboltoken: 579254
    23. exchange: MCX, tradingsymbol: GOLDM25SEP26120500CE, symboltoken: 579242
    24. exchange: MCX, tradingsymbol: GOLDM25SEP26120500PE, symboltoken: 579253
    25. exchange: MCX, tradingsymbol: GOLDM25SEP26121000CE, symboltoken: 579056
    26. exchange: MCX, tradingsymbol: GOLDM25SEP26121000PE, symboltoken: 579058
    27. exchange: MCX, tradingsymbol: GOLDM25SEP26121500CE, symboltoken: 579055
    28. exchange: MCX, tradingsymbol: GOLDM25SEP26121500PE, symboltoken: 579057
    29. exchange: MCX, tradingsymbol: GOLDM25SEP26122000CE, symboltoken: 579019
    30. exchange: MCX, tradingsymbol: GOLDM25SEP26122000PE, symboltoken: 579022
    31. exchange: MCX, tradingsymbol: GOLDM25SEP26122500CE, symboltoken: 579018
    32. exchange: MCX, tradingsymbol: GOLDM25SEP26122500PE, symboltoken: 579021
    33. exchange: MCX, tradingsymbol: GOLDM25SEP26123000CE, symboltoken: 579017
    34. exchange: MCX, tradingsymbol: GOLDM25SEP26123000PE, symboltoken: 579020
    35. exchange: MCX, tradingsymbol: GOLDM25SEP26123500CE, symboltoken: 579013
    36. exchange: MCX, tradingsymbol: GOLDM25SEP26123500PE, symboltoken: 579016
    37. exchange: MCX, tradingsymbol: GOLDM25SEP26124000CE, symboltoken: 579012
    38. exchange: MCX, tradingsymbol: GOLDM25SEP26124000PE, symboltoken: 579015
    39. exchange: MCX, tradingsymbol: GOLDM25SEP26124500CE, symboltoken: 579011
    40. exchange: MCX, tradingsymbol: GOLDM25SEP26124500PE, symboltoken: 579014
    41. exchange: MCX, tradingsymbol: GOLDM25SEP26125000CE, symboltoken: 579005
    42. exchange: MCX, tradingsymbol: GOLDM25SEP26125000PE, symboltoken: 579006
    43. exchange: MCX, tradingsymbol: GOLDM25SEP26125500CE, symboltoken: 578833
    44. exchange: MCX, tradingsymbol: GOLDM25SEP26125500PE, symboltoken: 578933
    45. exchange: MCX, tradingsymbol: GOLDM25SEP26126000CE, symboltoken: 578832
    46. exchange: MCX, tradingsymbol: GOLDM25SEP26126000PE, symboltoken: 578932
    47. exchange: MCX, tradingsymbol: GOLDM25SEP26126500CE, symboltoken: 578831
    48. exchange: MCX, tradingsymbol: GOLDM25SEP26126500PE, symboltoken: 578931
    49. exchange: MCX, tradingsymbol: GOLDM25SEP26127000CE, symboltoken: 578830
    50. exchange: MCX, tradingsymbol: GOLDM25SEP26127000PE, symboltoken: 578930
    51. exchange: MCX, tradingsymbol: GOLDM25SEP26127500CE, symboltoken: 578829
    52. exchange: MCX, tradingsymbol: GOLDM25SEP26127500PE, symboltoken: 578929
    53. exchange: MCX, tradingsymbol: GOLDM25SEP26128000CE, symboltoken: 578828
    54. exchange: MCX, tradingsymbol: GOLDM25SEP26128000PE, symboltoken: 578928
    55. exchange: MCX, tradingsymbol: GOLDM25SEP26128500CE, symboltoken: 578827
    56. exchange: MCX, tradingsymbol: GOLDM25SEP26128500PE, symboltoken: 578927
    57. exchange: MCX, tradingsymbol: GOLDM25SEP26129000CE, symboltoken: 578826
    58. exchange: MCX, tradingsymbol: GOLDM25SEP26129000PE, symboltoken: 578926
    59. exchange: MCX, tradingsymbol: GOLDM25SEP26129500CE, symboltoken: 578825
    60. exchange: MCX, tradingsymbol: GOLDM25SEP26129500PE, symboltoken: 578925
    61. exchange: MCX, tradingsymbol: GOLDM25SEP26130000CE, symboltoken: 578824
    62. exchange: MCX, tradingsymbol: GOLDM25SEP26130000PE, symboltoken: 578924
    63. exchange: MCX, tradingsymbol: GOLDM25SEP26130500CE, symboltoken: 578823
    64. exchange: MCX, tradingsymbol: GOLDM25SEP26130500PE, symboltoken: 578923
    65. exchange: MCX, tradingsymbol: GOLDM25SEP26131000CE, symboltoken: 578822
    66. exchange: MCX, tradingsymbol: GOLDM25SEP26131000PE, symboltoken: 578922
    67. exchange: MCX, tradingsymbol: GOLDM25SEP26131500CE, symboltoken: 578821
    68. exchange: MCX, tradingsymbol: GOLDM25SEP26131500PE, symboltoken: 578921
    69. exchange: MCX, tradingsymbol: GOLDM25SEP26132000CE, symboltoken: 578820
    70. exchange: MCX, tradingsymbol: GOLDM25SEP26132000PE, symboltoken: 578920
    71. exchange: MCX, tradingsymbol: GOLDM25SEP26132500CE, symboltoken: 578819
    72. exchange: MCX, tradingsymbol: GOLDM25SEP26132500PE, symboltoken: 578919
    73. exchange: MCX, tradingsymbol: GOLDM25SEP26133000CE, symboltoken: 578818
    74. exchange: MCX, tradingsymbol: GOLDM25SEP26133000PE, symboltoken: 578918
    75. exchange: MCX, tradingsymbol: GOLDM25SEP26133500CE, symboltoken: 578817
    76. exchange: MCX, tradingsymbol: GOLDM25SEP26133500PE, symboltoken: 578917
    77. exchange: MCX, tradingsymbol: GOLDM25SEP26134000CE, symboltoken: 578816
    78. exchange: MCX, tradingsymbol: GOLDM25SEP26134000PE, symboltoken: 578916
    79. exchange: MCX, tradingsymbol: GOLDM25SEP26134500CE, symboltoken: 578815
    80. exchange: MCX, tradingsymbol: GOLDM25SEP26134500PE, symboltoken: 578915
    81. exchange: MCX, tradingsymbol: GOLDM25SEP26135000CE, symboltoken: 578814
    82. exchange: MCX, tradingsymbol: GOLDM25SEP26135000PE, symboltoken: 578914
    83. exchange: MCX, tradingsymbol: GOLDM25SEP26135500CE, symboltoken: 578813
    84. exchange: MCX, tradingsymbol: GOLDM25SEP26135500PE, symboltoken: 578913
    85. exchange: MCX, tradingsymbol: GOLDM25SEP26136000CE, symboltoken: 578812
    86. exchange: MCX, tradingsymbol: GOLDM25SEP26136000PE, symboltoken: 578912
    87. exchange: MCX, tradingsymbol: GOLDM25SEP26136500CE, symboltoken: 578811
    88. exchange: MCX, tradingsymbol: GOLDM25SEP26136500PE, symboltoken: 578911
    89. exchange: MCX, tradingsymbol: GOLDM25SEP26137000CE, symboltoken: 578810
    90. exchange: MCX, tradingsymbol: GOLDM25SEP26137000PE, symboltoken: 578910
    91. exchange: MCX, tradingsymbol: GOLDM25SEP26137500CE, symboltoken: 578809
    92. exchange: MCX, tradingsymbol: GOLDM25SEP26137500PE, symboltoken: 578909
    93. exchange: MCX, tradingsymbol: GOLDM25SEP26138000CE, symboltoken: 578808
    94. exchange: MCX, tradingsymbol: GOLDM25SEP26138000PE, symboltoken: 578908
    95. exchange: MCX, tradingsymbol: GOLDM25SEP26138500CE, symboltoken: 578807
    96. exchange: MCX, tradingsymbol: GOLDM25SEP26138500PE, symboltoken: 578907
    97. exchange: MCX, tradingsymbol: GOLDM25SEP26139000CE, symboltoken: 578806
    98. exchange: MCX, tradingsymbol: GOLDM25SEP26139000PE, symboltoken: 578906
    99. exchange: MCX, tradingsymbol: GOLDM25SEP26139500CE, symboltoken: 578805
    100. exchange: MCX, tradingsymbol: GOLDM25SEP26139500PE, symboltoken: 578905
    101. exchange: MCX, tradingsymbol: GOLDM25SEP26140000CE, symboltoken: 578804
    102. exchange: MCX, tradingsymbol: GOLDM25SEP26140000PE, symboltoken: 578904
    103. exchange: MCX, tradingsymbol: GOLDM25SEP26140500CE, symboltoken: 578803
    104. exchange: MCX, tradingsymbol: GOLDM25SEP26140500PE, symboltoken: 578903
    105. exchange: MCX, tradingsymbol: GOLDM25SEP26141000CE, symboltoken: 578802
    106. exchange: MCX, tradingsymbol: GOLDM25SEP26141000PE, symboltoken: 578902
    107. exchange: MCX, tradingsymbol: GOLDM25SEP26141500CE, symboltoken: 578801
    108. exchange: MCX, tradingsymbol: GOLDM25SEP26141500PE, symboltoken: 578901
    109. exchange: MCX, tradingsymbol: GOLDM25SEP26142000CE, symboltoken: 578800
    110. exchange: MCX, tradingsymbol: GOLDM25SEP26142000PE, symboltoken: 578900
    111. exchange: MCX, tradingsymbol: GOLDM25SEP26142500CE, symboltoken: 578799
    112. exchange: MCX, tradingsymbol: GOLDM25SEP26142500PE, symboltoken: 578899
    113. exchange: MCX, tradingsymbol: GOLDM25SEP26143000CE, symboltoken: 578798
    114. exchange: MCX, tradingsymbol: GOLDM25SEP26143000PE, symboltoken: 578898
    115. exchange: MCX, tradingsymbol: GOLDM25SEP26143500CE, symboltoken: 578797
    116. exchange: MCX, tradingsymbol: GOLDM25SEP26143500PE, symboltoken: 578897
    117. exchange: MCX, tradingsymbol: GOLDM25SEP26144000CE, symboltoken: 578796
    118. exchange: MCX, tradingsymbol: GOLDM25SEP26144000PE, symboltoken: 578896
    119. exchange: MCX, tradingsymbol: GOLDM25SEP26144500CE, symboltoken: 578795
    120. exchange: MCX, tradingsymbol: GOLDM25SEP26144500PE, symboltoken: 578895
    121. exchange: MCX, tradingsymbol: GOLDM25SEP26145000CE, symboltoken: 578794
    122. exchange: MCX, tradingsymbol: GOLDM25SEP26145000PE, symboltoken: 578894
    123. exchange: MCX, tradingsymbol: GOLDM25SEP26145500CE, symboltoken: 578793
    124. exchange: MCX, tradingsymbol: GOLDM25SEP26145500PE, symboltoken: 578893
    125. exchange: MCX, tradingsymbol: GOLDM25SEP26146000CE, symboltoken: 578792
    126. exchange: MCX, tradingsymbol: GOLDM25SEP26146000PE, symboltoken: 578892
    127. exchange: MCX, tradingsymbol: GOLDM25SEP26146500CE, symboltoken: 578791
    128. exchange: MCX, tradingsymbol: GOLDM25SEP26146500PE, symboltoken: 578891
    129. exchange: MCX, tradingsymbol: GOLDM25SEP26147000CE, symboltoken: 578790
    130. exchange: MCX, tradingsymbol: GOLDM25SEP26147000PE, symboltoken: 578890
    131. exchange: MCX, tradingsymbol: GOLDM25SEP26147500CE, symboltoken: 578789
    132. exchange: MCX, tradingsymbol: GOLDM25SEP26147500PE, symboltoken: 578889
    133. exchange: MCX, tradingsymbol: GOLDM25SEP26148000CE, symboltoken: 578788
    134. exchange: MCX, tradingsymbol: GOLDM25SEP26148000PE, symboltoken: 578888
    135. exchange: MCX, tradingsymbol: GOLDM25SEP26148500CE, symboltoken: 578787
    136. exchange: MCX, tradingsymbol: GOLDM25SEP26148500PE, symboltoken: 578887
    137. exchange: MCX, tradingsymbol: GOLDM25SEP26149000CE, symboltoken: 578786
    138. exchange: MCX, tradingsymbol: GOLDM25SEP26149000PE, symboltoken: 578886
    139. exchange: MCX, tradingsymbol: GOLDM25SEP26149500CE, symboltoken: 578785
    140. exchange: MCX, tradingsymbol: GOLDM25SEP26149500PE, symboltoken: 578885
    141. exchange: MCX, tradingsymbol: GOLDM25SEP26150000CE, symboltoken: 578784
    142. exchange: MCX, tradingsymbol: GOLDM25SEP26150000PE, symboltoken: 578884
    143. exchange: MCX, tradingsymbol: GOLDM25SEP26150500CE, symboltoken: 578780
    144. exchange: MCX, tradingsymbol: GOLDM25SEP26150500PE, symboltoken: 578781
    145. exchange: MCX, tradingsymbol: GOLDM25SEP26151000CE, symboltoken: 578834
    146. exchange: MCX, tradingsymbol: GOLDM25SEP26151000PE, symboltoken: 578934
    147. exchange: MCX, tradingsymbol: GOLDM25SEP26151500CE, symboltoken: 578835
    148. exchange: MCX, tradingsymbol: GOLDM25SEP26151500PE, symboltoken: 578935
    149. exchange: MCX, tradingsymbol: GOLDM25SEP26152000CE, symboltoken: 578836
    150. exchange: MCX, tradingsymbol: GOLDM25SEP26152000PE, symboltoken: 578936
    151. exchange: MCX, tradingsymbol: GOLDM25SEP26152500CE, symboltoken: 578837
    152. exchange: MCX, tradingsymbol: GOLDM25SEP26152500PE, symboltoken: 578937
    153. exchange: MCX, tradingsymbol: GOLDM25SEP26153000CE, symboltoken: 578838
    154. exchange: MCX, tradingsymbol: GOLDM25SEP26153000PE, symboltoken: 578938
    155. exchange: MCX, tradingsymbol: GOLDM25SEP26153500CE, symboltoken: 578839
    156. exchange: MCX, tradingsymbol: GOLDM25SEP26153500PE, symboltoken: 578939
    157. exchange: MCX, tradingsymbol: GOLDM25SEP26154000CE, symboltoken: 578840
    158. exchange: MCX, tradingsymbol: GOLDM25SEP26154000PE, symboltoken: 578940
    159. exchange: MCX, tradingsymbol: GOLDM25SEP26154500CE, symboltoken: 578841
    160. exchange: MCX, tradingsymbol: GOLDM25SEP26154500PE, symboltoken: 578941
    161. exchange: MCX, tradingsymbol: GOLDM25SEP26155000CE, symboltoken: 578842
    162. exchange: MCX, tradingsymbol: GOLDM25SEP26155000PE, symboltoken: 578942
    163. exchange: MCX, tradingsymbol: GOLDM25SEP26155500CE, symboltoken: 578843
    164. exchange: MCX, tradingsymbol: GOLDM25SEP26155500PE, symboltoken: 578943
    165. exchange: MCX, tradingsymbol: GOLDM25SEP26156000CE, symboltoken: 578844
    166. exchange: MCX, tradingsymbol: GOLDM25SEP26156000PE, symboltoken: 578944
    167. exchange: MCX, tradingsymbol: GOLDM25SEP26156500CE, symboltoken: 578845
    168. exchange: MCX, tradingsymbol: GOLDM25SEP26156500PE, symboltoken: 578945
    169. exchange: MCX, tradingsymbol: GOLDM25SEP26157000CE, symboltoken: 578846
    170. exchange: MCX, tradingsymbol: GOLDM25SEP26157000PE, symboltoken: 578946
    171. exchange: MCX, tradingsymbol: GOLDM25SEP26157500CE, symboltoken: 578847
    172. exchange: MCX, tradingsymbol: GOLDM25SEP26157500PE, symboltoken: 578947
    173. exchange: MCX, tradingsymbol: GOLDM25SEP26158000CE, symboltoken: 578848
    174. exchange: MCX, tradingsymbol: GOLDM25SEP26158000PE, symboltoken: 578948
    175. exchange: MCX, tradingsymbol: GOLDM25SEP26158500CE, symboltoken: 578849
    176. exchange: MCX, tradingsymbol: GOLDM25SEP26158500PE, symboltoken: 578949
    177. exchange: MCX, tradingsymbol: GOLDM25SEP26159000CE, symboltoken: 578850
    178. exchange: MCX, tradingsymbol: GOLDM25SEP26159000PE, symboltoken: 578950
    179. exchange: MCX, tradingsymbol: GOLDM25SEP26159500CE, symboltoken: 578851
    180. exchange: MCX, tradingsymbol: GOLDM25SEP26159500PE, symboltoken: 578951
    181. exchange: MCX, tradingsymbol: GOLDM25SEP26160000CE, symboltoken: 578852
    182. exchange: MCX, tradingsymbol: GOLDM25SEP26160000PE, symboltoken: 578952
    183. exchange: MCX, tradingsymbol: GOLDM25SEP26160500CE, symboltoken: 578853
    184. exchange: MCX, tradingsymbol: GOLDM25SEP26160500PE, symboltoken: 578953
    185. exchange: MCX, tradingsymbol: GOLDM25SEP26161000CE, symboltoken: 578854
    186. exchange: MCX, tradingsymbol: GOLDM25SEP26161000PE, symboltoken: 578954
    187. exchange: MCX, tradingsymbol: GOLDM25SEP26161500CE, symboltoken: 578855
    188. exchange: MCX, tradingsymbol: GOLDM25SEP26161500PE, symboltoken: 578955
    189. exchange: MCX, tradingsymbol: GOLDM25SEP26162000CE, symboltoken: 578856
    190. exchange: MCX, tradingsymbol: GOLDM25SEP26162000PE, symboltoken: 578956
    191. exchange: MCX, tradingsymbol: GOLDM25SEP26162500CE, symboltoken: 578857
    192. exchange: MCX, tradingsymbol: GOLDM25SEP26162500PE, symboltoken: 578957
    193. exchange: MCX, tradingsymbol: GOLDM25SEP26163000CE, symboltoken: 578858
    194. exchange: MCX, tradingsymbol: GOLDM25SEP26163000PE, symboltoken: 578958
    195. exchange: MCX, tradingsymbol: GOLDM25SEP26163500CE, symboltoken: 578859
    196. exchange: MCX, tradingsymbol: GOLDM25SEP26163500PE, symboltoken: 578959
    197. exchange: MCX, tradingsymbol: GOLDM25SEP26164000CE, symboltoken: 578860
    198. exchange: MCX, tradingsymbol: GOLDM25SEP26164000PE, symboltoken: 578960
    199. exchange: MCX, tradingsymbol: GOLDM25SEP26164500CE, symboltoken: 578861
    200. exchange: MCX, tradingsymbol: GOLDM25SEP26164500PE, symboltoken: 578961
    201. exchange: MCX, tradingsymbol: GOLDM25SEP26165000CE, symboltoken: 578862
    202. exchange: MCX, tradingsymbol: GOLDM25SEP26165000PE, symboltoken: 578962
    203. exchange: MCX, tradingsymbol: GOLDM25SEP26165500CE, symboltoken: 578863
    204. exchange: MCX, tradingsymbol: GOLDM25SEP26165500PE, symboltoken: 578963
    205. exchange: MCX, tradingsymbol: GOLDM25SEP26166000CE, symboltoken: 578864
    206. exchange: MCX, tradingsymbol: GOLDM25SEP26166000PE, symboltoken: 578964
    207. exchange: MCX, tradingsymbol: GOLDM25SEP26166500CE, symboltoken: 578865
    208. exchange: MCX, tradingsymbol: GOLDM25SEP26166500PE, symboltoken: 578965
    209. exchange: MCX, tradingsymbol: GOLDM25SEP26167000CE, symboltoken: 578866
    210. exchange: MCX, tradingsymbol: GOLDM25SEP26167000PE, symboltoken: 578966
    211. exchange: MCX, tradingsymbol: GOLDM25SEP26167500CE, symboltoken: 578867
    212. exchange: MCX, tradingsymbol: GOLDM25SEP26167500PE, symboltoken: 578967
    213. exchange: MCX, tradingsymbol: GOLDM25SEP26168000CE, symboltoken: 578868
    214. exchange: MCX, tradingsymbol: GOLDM25SEP26168000PE, symboltoken: 578968
    215. exchange: MCX, tradingsymbol: GOLDM25SEP26168500CE, symboltoken: 578869
    216. exchange: MCX, tradingsymbol: GOLDM25SEP26168500PE, symboltoken: 578969
    217. exchange: MCX, tradingsymbol: GOLDM25SEP26169000CE, symboltoken: 578870
    218. exchange: MCX, tradingsymbol: GOLDM25SEP26169000PE, symboltoken: 578970
    219. exchange: MCX, tradingsymbol: GOLDM25SEP26169500CE, symboltoken: 578871
    220. exchange: MCX, tradingsymbol: GOLDM25SEP26169500PE, symboltoken: 578971
    221. exchange: MCX, tradingsymbol: GOLDM25SEP26170000CE, symboltoken: 578872
    222. exchange: MCX, tradingsymbol: GOLDM25SEP26170000PE, symboltoken: 578972
    223. exchange: MCX, tradingsymbol: GOLDM25SEP26170500CE, symboltoken: 578873
    224. exchange: MCX, tradingsymbol: GOLDM25SEP26170500PE, symboltoken: 578973
    225. exchange: MCX, tradingsymbol: GOLDM25SEP26171000CE, symboltoken: 578874
    226. exchange: MCX, tradingsymbol: GOLDM25SEP26171000PE, symboltoken: 578974
    227. exchange: MCX, tradingsymbol: GOLDM25SEP26171500CE, symboltoken: 578875
    228. exchange: MCX, tradingsymbol: GOLDM25SEP26171500PE, symboltoken: 578975
    229. exchange: MCX, tradingsymbol: GOLDM25SEP26172000CE, symboltoken: 578876
    230. exchange: MCX, tradingsymbol: GOLDM25SEP26172000PE, symboltoken: 578976
    231. exchange: MCX, tradingsymbol: GOLDM25SEP26172500CE, symboltoken: 578877
    232. exchange: MCX, tradingsymbol: GOLDM25SEP26172500PE, symboltoken: 578977
    233. exchange: MCX, tradingsymbol: GOLDM25SEP26173000CE, symboltoken: 578878
    234. exchange: MCX, tradingsymbol: GOLDM25SEP26173000PE, symboltoken: 578978
    235. exchange: MCX, tradingsymbol: GOLDM25SEP26173500CE, symboltoken: 578879
    236. exchange: MCX, tradingsymbol: GOLDM25SEP26173500PE, symboltoken: 578979
    237. exchange: MCX, tradingsymbol: GOLDM25SEP26174000CE, symboltoken: 578880
    238. exchange: MCX, tradingsymbol: GOLDM25SEP26174000PE, symboltoken: 578980
    239. exchange: MCX, tradingsymbol: GOLDM25SEP26174500CE, symboltoken: 578881
    240. exchange: MCX, tradingsymbol: GOLDM25SEP26174500PE, symboltoken: 578981
    241. exchange: MCX, tradingsymbol: GOLDM25SEP26175000CE, symboltoken: 578882
    242. exchange: MCX, tradingsymbol: GOLDM25SEP26175000PE, symboltoken: 578982
    243. exchange: MCX, tradingsymbol: GOLDM25SEP26175500CE, symboltoken: 578883
    244. exchange: MCX, tradingsymbol: GOLDM25SEP26175500PE, symboltoken: 578983
    245. exchange: MCX, tradingsymbol: GOLDM25SEP26176000CE, symboltoken: 582139
    246. exchange: MCX, tradingsymbol: GOLDM25SEP26176000PE, symboltoken: 582147
    247. exchange: MCX, tradingsymbol: GOLDM25SEP26176500CE, symboltoken: 582140
    248. exchange: MCX, tradingsymbol: GOLDM25SEP26176500PE, symboltoken: 582148
    249. exchange: MCX, tradingsymbol: GOLDM25SEP26177000CE, symboltoken: 582225
    250. exchange: MCX, tradingsymbol: GOLDM25SEP26177000PE, symboltoken: 582231
    251. exchange: MCX, tradingsymbol: GOLDM25SEP26177500CE, symboltoken: 582226
    252. exchange: MCX, tradingsymbol: GOLDM25SEP26177500PE, symboltoken: 582232
    253. exchange: MCX, tradingsymbol: GOLDM25SEP26178000CE, symboltoken: 582227
    254. exchange: MCX, tradingsymbol: GOLDM25SEP26178000PE, symboltoken: 582233
    255. exchange: MCX, tradingsymbol: GOLDM25SEP26178500CE, symboltoken: 582305
    256. exchange: MCX, tradingsymbol: GOLDM25SEP26178500PE, symboltoken: 582307
    257. exchange: MCX, tradingsymbol: GOLDM25SEP26179000CE, symboltoken: 582317
    258. exchange: MCX, tradingsymbol: GOLDM25SEP26179000PE, symboltoken: 582323
    259. exchange: MCX, tradingsymbol: GOLDM25SEP26179500CE, symboltoken: 582318
    260. exchange: MCX, tradingsymbol: GOLDM25SEP26179500PE, symboltoken: 582324
    261. exchange: MCX, tradingsymbol: GOLDM25SEP26180000CE, symboltoken: 582319
    262. exchange: MCX, tradingsymbol: GOLDM25SEP26180000PE, symboltoken: 582325
    263. exchange: MCX, tradingsymbol: GOLDM28AUG26116000CE, symboltoken: 580158
    264. exchange: MCX, tradingsymbol: GOLDM28AUG26116000PE, symboltoken: 580162
    265. exchange: MCX, tradingsymbol: GOLDM28AUG26116500CE, symboltoken: 579241
    266. exchange: MCX, tradingsymbol: GOLDM28AUG26116500PE, symboltoken: 579252
    267. exchange: MCX, tradingsymbol: GOLDM28AUG26117000CE, symboltoken: 579240
    268. exchange: MCX, tradingsymbol: GOLDM28AUG26117000PE, symboltoken: 579251
    269. exchange: MCX, tradingsymbol: GOLDM28AUG26117500CE, symboltoken: 579239
    270. exchange: MCX, tradingsymbol: GOLDM28AUG26117500PE, symboltoken: 579250
    271. exchange: MCX, tradingsymbol: GOLDM28AUG26118000CE, symboltoken: 577377
    272. exchange: MCX, tradingsymbol: GOLDM28AUG26118000PE, symboltoken: 577408
    273. exchange: MCX, tradingsymbol: GOLDM28AUG26118500CE, symboltoken: 577376
    274. exchange: MCX, tradingsymbol: GOLDM28AUG26118500PE, symboltoken: 577407
    275. exchange: MCX, tradingsymbol: GOLDM28AUG26119000CE, symboltoken: 577375
    276. exchange: MCX, tradingsymbol: GOLDM28AUG26119000PE, symboltoken: 577406
    277. exchange: MCX, tradingsymbol: GOLDM28AUG26119500CE, symboltoken: 577374
    278. exchange: MCX, tradingsymbol: GOLDM28AUG26119500PE, symboltoken: 577405
    279. exchange: MCX, tradingsymbol: GOLDM28AUG26120000CE, symboltoken: 577373
    280. exchange: MCX, tradingsymbol: GOLDM28AUG26120000PE, symboltoken: 577404
    281. exchange: MCX, tradingsymbol: GOLDM28AUG26120500CE, symboltoken: 577372
    282. exchange: MCX, tradingsymbol: GOLDM28AUG26120500PE, symboltoken: 577403
    283. exchange: MCX, tradingsymbol: GOLDM28AUG26121000CE, symboltoken: 577371
    284. exchange: MCX, tradingsymbol: GOLDM28AUG26121000PE, symboltoken: 577402
    285. exchange: MCX, tradingsymbol: GOLDM28AUG26121500CE, symboltoken: 577370
    286. exchange: MCX, tradingsymbol: GOLDM28AUG26121500PE, symboltoken: 577401
    287. exchange: MCX, tradingsymbol: GOLDM28AUG26122000CE, symboltoken: 577369
    288. exchange: MCX, tradingsymbol: GOLDM28AUG26122000PE, symboltoken: 577400
    289. exchange: MCX, tradingsymbol: GOLDM28AUG26122500CE, symboltoken: 577368
    290. exchange: MCX, tradingsymbol: GOLDM28AUG26122500PE, symboltoken: 577399
    291. exchange: MCX, tradingsymbol: GOLDM28AUG26123000CE, symboltoken: 577367
    292. exchange: MCX, tradingsymbol: GOLDM28AUG26123000PE, symboltoken: 577398
    293. exchange: MCX, tradingsymbol: GOLDM28AUG26123500CE, symboltoken: 576957
    294. exchange: MCX, tradingsymbol: GOLDM28AUG26123500PE, symboltoken: 576960
    295. exchange: MCX, tradingsymbol: GOLDM28AUG26124000CE, symboltoken: 576901
    296. exchange: MCX, tradingsymbol: GOLDM28AUG26124000PE, symboltoken: 576908
    297. exchange: MCX, tradingsymbol: GOLDM28AUG26124500CE, symboltoken: 576900
    298. exchange: MCX, tradingsymbol: GOLDM28AUG26124500PE, symboltoken: 576907
    299. exchange: MCX, tradingsymbol: GOLDM28AUG26125000CE, symboltoken: 575569
    300. exchange: MCX, tradingsymbol: GOLDM28AUG26125000PE, symboltoken: 575595
    301. exchange: MCX, tradingsymbol: GOLDM28AUG26125500CE, symboltoken: 575568
    302. exchange: MCX, tradingsymbol: GOLDM28AUG26125500PE, symboltoken: 575594
    303. exchange: MCX, tradingsymbol: GOLDM28AUG26126000CE, symboltoken: 575567
    304. exchange: MCX, tradingsymbol: GOLDM28AUG26126000PE, symboltoken: 575593
    305. exchange: MCX, tradingsymbol: GOLDM28AUG26126500CE, symboltoken: 575566
    306. exchange: MCX, tradingsymbol: GOLDM28AUG26126500PE, symboltoken: 575592
    307. exchange: MCX, tradingsymbol: GOLDM28AUG26127000CE, symboltoken: 575565
    308. exchange: MCX, tradingsymbol: GOLDM28AUG26127000PE, symboltoken: 575591
    309. exchange: MCX, tradingsymbol: GOLDM28AUG26127500CE, symboltoken: 575564
    310. exchange: MCX, tradingsymbol: GOLDM28AUG26127500PE, symboltoken: 575590
    311. exchange: MCX, tradingsymbol: GOLDM28AUG26128000CE, symboltoken: 575563
    312. exchange: MCX, tradingsymbol: GOLDM28AUG26128000PE, symboltoken: 575589
    313. exchange: MCX, tradingsymbol: GOLDM28AUG26128500CE, symboltoken: 575562
    314. exchange: MCX, tradingsymbol: GOLDM28AUG26128500PE, symboltoken: 575588
    315. exchange: MCX, tradingsymbol: GOLDM28AUG26129000CE, symboltoken: 575561
    316. exchange: MCX, tradingsymbol: GOLDM28AUG26129000PE, symboltoken: 575587
    317. exchange: MCX, tradingsymbol: GOLDM28AUG26129500CE, symboltoken: 575408
    318. exchange: MCX, tradingsymbol: GOLDM28AUG26129500PE, symboltoken: 575413
    319. exchange: MCX, tradingsymbol: GOLDM28AUG26130000CE, symboltoken: 575407
    320. exchange: MCX, tradingsymbol: GOLDM28AUG26130000PE, symboltoken: 575412
    321. exchange: MCX, tradingsymbol: GOLDM28AUG26130500CE, symboltoken: 575406
    322. exchange: MCX, tradingsymbol: GOLDM28AUG26130500PE, symboltoken: 575411
    323. exchange: MCX, tradingsymbol: GOLDM28AUG26131000CE, symboltoken: 575405
    324. exchange: MCX, tradingsymbol: GOLDM28AUG26131000PE, symboltoken: 575410
    325. exchange: MCX, tradingsymbol: GOLDM28AUG26131500CE, symboltoken: 575360
    326. exchange: MCX, tradingsymbol: GOLDM28AUG26131500PE, symboltoken: 575361
    327. exchange: MCX, tradingsymbol: GOLDM28AUG26132000CE, symboltoken: 575066
    328. exchange: MCX, tradingsymbol: GOLDM28AUG26132000PE, symboltoken: 575166
    329. exchange: MCX, tradingsymbol: GOLDM28AUG26132500CE, symboltoken: 575065
    330. exchange: MCX, tradingsymbol: GOLDM28AUG26132500PE, symboltoken: 575165
    331. exchange: MCX, tradingsymbol: GOLDM28AUG26133000CE, symboltoken: 575064
    332. exchange: MCX, tradingsymbol: GOLDM28AUG26133000PE, symboltoken: 575164
    333. exchange: MCX, tradingsymbol: GOLDM28AUG26133500CE, symboltoken: 575063
    334. exchange: MCX, tradingsymbol: GOLDM28AUG26133500PE, symboltoken: 575163
    335. exchange: MCX, tradingsymbol: GOLDM28AUG26134000CE, symboltoken: 575062
    336. exchange: MCX, tradingsymbol: GOLDM28AUG26134000PE, symboltoken: 575162
    337. exchange: MCX, tradingsymbol: GOLDM28AUG26134500CE, symboltoken: 575061
    338. exchange: MCX, tradingsymbol: GOLDM28AUG26134500PE, symboltoken: 575161
    339. exchange: MCX, tradingsymbol: GOLDM28AUG26135000CE, symboltoken: 575060
    340. exchange: MCX, tradingsymbol: GOLDM28AUG26135000PE, symboltoken: 575160
    341. exchange: MCX, tradingsymbol: GOLDM28AUG26135500CE, symboltoken: 575059
    342. exchange: MCX, tradingsymbol: GOLDM28AUG26135500PE, symboltoken: 575159
    343. exchange: MCX, tradingsymbol: GOLDM28AUG26136000CE, symboltoken: 575058
    344. exchange: MCX, tradingsymbol: GOLDM28AUG26136000PE, symboltoken: 575158
    345. exchange: MCX, tradingsymbol: GOLDM28AUG26136500CE, symboltoken: 575057
    346. exchange: MCX, tradingsymbol: GOLDM28AUG26136500PE, symboltoken: 575157
    347. exchange: MCX, tradingsymbol: GOLDM28AUG26137000CE, symboltoken: 575056
    348. exchange: MCX, tradingsymbol: GOLDM28AUG26137000PE, symboltoken: 575156
    349. exchange: MCX, tradingsymbol: GOLDM28AUG26137500CE, symboltoken: 575055
    350. exchange: MCX, tradingsymbol: GOLDM28AUG26137500PE, symboltoken: 575155
    351. exchange: MCX, tradingsymbol: GOLDM28AUG26138000CE, symboltoken: 575054
    352. exchange: MCX, tradingsymbol: GOLDM28AUG26138000PE, symboltoken: 575154
    353. exchange: MCX, tradingsymbol: GOLDM28AUG26138500CE, symboltoken: 575053
    354. exchange: MCX, tradingsymbol: GOLDM28AUG26138500PE, symboltoken: 575153
    355. exchange: MCX, tradingsymbol: GOLDM28AUG26139000CE, symboltoken: 575052
    356. exchange: MCX, tradingsymbol: GOLDM28AUG26139000PE, symboltoken: 575152
    357. exchange: MCX, tradingsymbol: GOLDM28AUG26139500CE, symboltoken: 575051
    358. exchange: MCX, tradingsymbol: GOLDM28AUG26139500PE, symboltoken: 575151
    359. exchange: MCX, tradingsymbol: GOLDM28AUG26140000CE, symboltoken: 575050
    360. exchange: MCX, tradingsymbol: GOLDM28AUG26140000PE, symboltoken: 575150
    361. exchange: MCX, tradingsymbol: GOLDM28AUG26140500CE, symboltoken: 575049
    362. exchange: MCX, tradingsymbol: GOLDM28AUG26140500PE, symboltoken: 575149
    363. exchange: MCX, tradingsymbol: GOLDM28AUG26141000CE, symboltoken: 575048
    364. exchange: MCX, tradingsymbol: GOLDM28AUG26141000PE, symboltoken: 575148
    365. exchange: MCX, tradingsymbol: GOLDM28AUG26141500CE, symboltoken: 575047
    366. exchange: MCX, tradingsymbol: GOLDM28AUG26141500PE, symboltoken: 575147
    367. exchange: MCX, tradingsymbol: GOLDM28AUG26142000CE, symboltoken: 575046
    368. exchange: MCX, tradingsymbol: GOLDM28AUG26142000PE, symboltoken: 575146
    369. exchange: MCX, tradingsymbol: GOLDM28AUG26142500CE, symboltoken: 575045
    370. exchange: MCX, tradingsymbol: GOLDM28AUG26142500PE, symboltoken: 575145
    371. exchange: MCX, tradingsymbol: GOLDM28AUG26143000CE, symboltoken: 575044
    372. exchange: MCX, tradingsymbol: GOLDM28AUG26143000PE, symboltoken: 575144
    373. exchange: MCX, tradingsymbol: GOLDM28AUG26143500CE, symboltoken: 575043
    374. exchange: MCX, tradingsymbol: GOLDM28AUG26143500PE, symboltoken: 575143
    375. exchange: MCX, tradingsymbol: GOLDM28AUG26144000CE, symboltoken: 575042
    376. exchange: MCX, tradingsymbol: GOLDM28AUG26144000PE, symboltoken: 575142
    377. exchange: MCX, tradingsymbol: GOLDM28AUG26144500CE, symboltoken: 575041
    378. exchange: MCX, tradingsymbol: GOLDM28AUG26144500PE, symboltoken: 575141
    379. exchange: MCX, tradingsymbol: GOLDM28AUG26145000CE, symboltoken: 575040
    380. exchange: MCX, tradingsymbol: GOLDM28AUG26145000PE, symboltoken: 575140
    381. exchange: MCX, tradingsymbol: GOLDM28AUG26145500CE, symboltoken: 575039
    382. exchange: MCX, tradingsymbol: GOLDM28AUG26145500PE, symboltoken: 575139
    383. exchange: MCX, tradingsymbol: GOLDM28AUG26146000CE, symboltoken: 575038
    384. exchange: MCX, tradingsymbol: GOLDM28AUG26146000PE, symboltoken: 575138
    385. exchange: MCX, tradingsymbol: GOLDM28AUG26146500CE, symboltoken: 575037
    386. exchange: MCX, tradingsymbol: GOLDM28AUG26146500PE, symboltoken: 575137
    387. exchange: MCX, tradingsymbol: GOLDM28AUG26147000CE, symboltoken: 575036
    388. exchange: MCX, tradingsymbol: GOLDM28AUG26147000PE, symboltoken: 575136
    389. exchange: MCX, tradingsymbol: GOLDM28AUG26147500CE, symboltoken: 575035
    390. exchange: MCX, tradingsymbol: GOLDM28AUG26147500PE, symboltoken: 575135
    391. exchange: MCX, tradingsymbol: GOLDM28AUG26148000CE, symboltoken: 575034
    392. exchange: MCX, tradingsymbol: GOLDM28AUG26148000PE, symboltoken: 575134
    393. exchange: MCX, tradingsymbol: GOLDM28AUG26148500CE, symboltoken: 575033
    394. exchange: MCX, tradingsymbol: GOLDM28AUG26148500PE, symboltoken: 575133
    395. exchange: MCX, tradingsymbol: GOLDM28AUG26149000CE, symboltoken: 575032
    396. exchange: MCX, tradingsymbol: GOLDM28AUG26149000PE, symboltoken: 575132
    397. exchange: MCX, tradingsymbol: GOLDM28AUG26149500CE, symboltoken: 575031
    398. exchange: MCX, tradingsymbol: GOLDM28AUG26149500PE, symboltoken: 575131
    399. exchange: MCX, tradingsymbol: GOLDM28AUG26150000CE, symboltoken: 575030
    400. exchange: MCX, tradingsymbol: GOLDM28AUG26150000PE, symboltoken: 575130
    401. exchange: MCX, tradingsymbol: GOLDM28AUG26150500CE, symboltoken: 575029
    402. exchange: MCX, tradingsymbol: GOLDM28AUG26150500PE, symboltoken: 575129
    403. exchange: MCX, tradingsymbol: GOLDM28AUG26151000CE, symboltoken: 575028
    404. exchange: MCX, tradingsymbol: GOLDM28AUG26151000PE, symboltoken: 575128
    405. exchange: MCX, tradingsymbol: GOLDM28AUG26151500CE, symboltoken: 575027
    406. exchange: MCX, tradingsymbol: GOLDM28AUG26151500PE, symboltoken: 575127
    407. exchange: MCX, tradingsymbol: GOLDM28AUG26152000CE, symboltoken: 575026
    408. exchange: MCX, tradingsymbol: GOLDM28AUG26152000PE, symboltoken: 575126
    409. exchange: MCX, tradingsymbol: GOLDM28AUG26152500CE, symboltoken: 575025
    410. exchange: MCX, tradingsymbol: GOLDM28AUG26152500PE, symboltoken: 575125
    411. exchange: MCX, tradingsymbol: GOLDM28AUG26153000CE, symboltoken: 575024
    412. exchange: MCX, tradingsymbol: GOLDM28AUG26153000PE, symboltoken: 575124
    413. exchange: MCX, tradingsymbol: GOLDM28AUG26153500CE, symboltoken: 575023
    414. exchange: MCX, tradingsymbol: GOLDM28AUG26153500PE, symboltoken: 575123
    415. exchange: MCX, tradingsymbol: GOLDM28AUG26154000CE, symboltoken: 575022
    416. exchange: MCX, tradingsymbol: GOLDM28AUG26154000PE, symboltoken: 575122
    417. exchange: MCX, tradingsymbol: GOLDM28AUG26154500CE, symboltoken: 575021
    418. exchange: MCX, tradingsymbol: GOLDM28AUG26154500PE, symboltoken: 575121
    419. exchange: MCX, tradingsymbol: GOLDM28AUG26155000CE, symboltoken: 575020
    420. exchange: MCX, tradingsymbol: GOLDM28AUG26155000PE, symboltoken: 575120
    421. exchange: MCX, tradingsymbol: GOLDM28AUG26155500CE, symboltoken: 575019
    422. exchange: MCX, tradingsymbol: GOLDM28AUG26155500PE, symboltoken: 575119
    423. exchange: MCX, tradingsymbol: GOLDM28AUG26156000CE, symboltoken: 575018
    424. exchange: MCX, tradingsymbol: GOLDM28AUG26156000PE, symboltoken: 575118
    425. exchange: MCX, tradingsymbol: GOLDM28AUG26156500CE, symboltoken: 575012
    426. exchange: MCX, tradingsymbol: GOLDM28AUG26156500PE, symboltoken: 575013
    427. exchange: MCX, tradingsymbol: GOLDM28AUG26157000CE, symboltoken: 575067
    428. exchange: MCX, tradingsymbol: GOLDM28AUG26157000PE, symboltoken: 575167
    429. exchange: MCX, tradingsymbol: GOLDM28AUG26157500CE, symboltoken: 575068
    430. exchange: MCX, tradingsymbol: GOLDM28AUG26157500PE, symboltoken: 575168
    431. exchange: MCX, tradingsymbol: GOLDM28AUG26158000CE, symboltoken: 575069
    432. exchange: MCX, tradingsymbol: GOLDM28AUG26158000PE, symboltoken: 575169
    433. exchange: MCX, tradingsymbol: GOLDM28AUG26158500CE, symboltoken: 575070
    434. exchange: MCX, tradingsymbol: GOLDM28AUG26158500PE, symboltoken: 575170
    435. exchange: MCX, tradingsymbol: GOLDM28AUG26159000CE, symboltoken: 575071
    436. exchange: MCX, tradingsymbol: GOLDM28AUG26159000PE, symboltoken: 575171
    437. exchange: MCX, tradingsymbol: GOLDM28AUG26159500CE, symboltoken: 575072
    438. exchange: MCX, tradingsymbol: GOLDM28AUG26159500PE, symboltoken: 575172
    439. exchange: MCX, tradingsymbol: GOLDM28AUG26160000CE, symboltoken: 575073
    440. exchange: MCX, tradingsymbol: GOLDM28AUG26160000PE, symboltoken: 575173
    441. exchange: MCX, tradingsymbol: GOLDM28AUG26160500CE, symboltoken: 575074
    442. exchange: MCX, tradingsymbol: GOLDM28AUG26160500PE, symboltoken: 575174
    443. exchange: MCX, tradingsymbol: GOLDM28AUG26161000CE, symboltoken: 575075
    444. exchange: MCX, tradingsymbol: GOLDM28AUG26161000PE, symboltoken: 575175
    445. exchange: MCX, tradingsymbol: GOLDM28AUG26161500CE, symboltoken: 575076
    446. exchange: MCX, tradingsymbol: GOLDM28AUG26161500PE, symboltoken: 575176
    447. exchange: MCX, tradingsymbol: GOLDM28AUG26162000CE, symboltoken: 575077
    448. exchange: MCX, tradingsymbol: GOLDM28AUG26162000PE, symboltoken: 575177
    449. exchange: MCX, tradingsymbol: GOLDM28AUG26162500CE, symboltoken: 575078
    450. exchange: MCX, tradingsymbol: GOLDM28AUG26162500PE, symboltoken: 575178
    451. exchange: MCX, tradingsymbol: GOLDM28AUG26163000CE, symboltoken: 575079
    452. exchange: MCX, tradingsymbol: GOLDM28AUG26163000PE, symboltoken: 575179
    453. exchange: MCX, tradingsymbol: GOLDM28AUG26163500CE, symboltoken: 575080
    454. exchange: MCX, tradingsymbol: GOLDM28AUG26163500PE, symboltoken: 575180
    455. exchange: MCX, tradingsymbol: GOLDM28AUG26164000CE, symboltoken: 575081
    456. exchange: MCX, tradingsymbol: GOLDM28AUG26164000PE, symboltoken: 575181
    457. exchange: MCX, tradingsymbol: GOLDM28AUG26164500CE, symboltoken: 575082
    458. exchange: MCX, tradingsymbol: GOLDM28AUG26164500PE, symboltoken: 575182
    459. exchange: MCX, tradingsymbol: GOLDM28AUG26165000CE, symboltoken: 575083
    460. exchange: MCX, tradingsymbol: GOLDM28AUG26165000PE, symboltoken: 575183
    461. exchange: MCX, tradingsymbol: GOLDM28AUG26165500CE, symboltoken: 575084
    462. exchange: MCX, tradingsymbol: GOLDM28AUG26165500PE, symboltoken: 575184
    463. exchange: MCX, tradingsymbol: GOLDM28AUG26166000CE, symboltoken: 575085
    464. exchange: MCX, tradingsymbol: GOLDM28AUG26166000PE, symboltoken: 575185
    465. exchange: MCX, tradingsymbol: GOLDM28AUG26166500CE, symboltoken: 575086
    466. exchange: MCX, tradingsymbol: GOLDM28AUG26166500PE, symboltoken: 575186
    467. exchange: MCX, tradingsymbol: GOLDM28AUG26167000CE, symboltoken: 575087
    468. exchange: MCX, tradingsymbol: GOLDM28AUG26167000PE, symboltoken: 575187
    469. exchange: MCX, tradingsymbol: GOLDM28AUG26167500CE, symboltoken: 575088
    470. exchange: MCX, tradingsymbol: GOLDM28AUG26167500PE, symboltoken: 575188
    471. exchange: MCX, tradingsymbol: GOLDM28AUG26168000CE, symboltoken: 575089
    472. exchange: MCX, tradingsymbol: GOLDM28AUG26168000PE, symboltoken: 575189
    473. exchange: MCX, tradingsymbol: GOLDM28AUG26168500CE, symboltoken: 575090
    474. exchange: MCX, tradingsymbol: GOLDM28AUG26168500PE, symboltoken: 575190
    475. exchange: MCX, tradingsymbol: GOLDM28AUG26169000CE, symboltoken: 575091
    476. exchange: MCX, tradingsymbol: GOLDM28AUG26169000PE, symboltoken: 575191
    477. exchange: MCX, tradingsymbol: GOLDM28AUG26169500CE, symboltoken: 575092
    478. exchange: MCX, tradingsymbol: GOLDM28AUG26169500PE, symboltoken: 575192
    479. exchange: MCX, tradingsymbol: GOLDM28AUG26170000CE, symboltoken: 575093
    480. exchange: MCX, tradingsymbol: GOLDM28AUG26170000PE, symboltoken: 575193
    481. exchange: MCX, tradingsymbol: GOLDM28AUG26170500CE, symboltoken: 575094
    482. exchange: MCX, tradingsymbol: GOLDM28AUG26170500PE, symboltoken: 575194
    483. exchange: MCX, tradingsymbol: GOLDM28AUG26171000CE, symboltoken: 575095
    484. exchange: MCX, tradingsymbol: GOLDM28AUG26171000PE, symboltoken: 575195
    485. exchange: MCX, tradingsymbol: GOLDM28AUG26171500CE, symboltoken: 575096
    486. exchange: MCX, tradingsymbol: GOLDM28AUG26171500PE, symboltoken: 575196
    487. exchange: MCX, tradingsymbol: GOLDM28AUG26172000CE, symboltoken: 575097
    488. exchange: MCX, tradingsymbol: GOLDM28AUG26172000PE, symboltoken: 575197
    489. exchange: MCX, tradingsymbol: GOLDM28AUG26172500CE, symboltoken: 575098
    490. exchange: MCX, tradingsymbol: GOLDM28AUG26172500PE, symboltoken: 575198
    491. exchange: MCX, tradingsymbol: GOLDM28AUG26173000CE, symboltoken: 575099
    492. exchange: MCX, tradingsymbol: GOLDM28AUG26173000PE, symboltoken: 575199
    493. exchange: MCX, tradingsymbol: GOLDM28AUG26173500CE, symboltoken: 575100
    494. exchange: MCX, tradingsymbol: GOLDM28AUG26173500PE, symboltoken: 575200
    495. exchange: MCX, tradingsymbol: GOLDM28AUG26174000CE, symboltoken: 575101
    496. exchange: MCX, tradingsymbol: GOLDM28AUG26174000PE, symboltoken: 575201
    497. exchange: MCX, tradingsymbol: GOLDM28AUG26174500CE, symboltoken: 575102
    498. exchange: MCX, tradingsymbol: GOLDM28AUG26174500PE, symboltoken: 575202
    499. exchange: MCX, tradingsymbol: GOLDM28AUG26175000CE, symboltoken: 575103
    500. exchange: MCX, tradingsymbol: GOLDM28AUG26175000PE, symboltoken: 575203
    501. exchange: MCX, tradingsymbol: GOLDM28AUG26175500CE, symboltoken: 575104
    502. exchange: MCX, tradingsymbol: GOLDM28AUG26175500PE, symboltoken: 575204
    503. exchange: MCX, tradingsymbol: GOLDM28AUG26176000CE, symboltoken: 575105
    504. exchange: MCX, tradingsymbol: GOLDM28AUG26176000PE, symboltoken: 575205
    505. exchange: MCX, tradingsymbol: GOLDM28AUG26176500CE, symboltoken: 575106
    506. exchange: MCX, tradingsymbol: GOLDM28AUG26176500PE, symboltoken: 575206
    507. exchange: MCX, tradingsymbol: GOLDM28AUG26177000CE, symboltoken: 575107
    508. exchange: MCX, tradingsymbol: GOLDM28AUG26177000PE, symboltoken: 575207
    509. exchange: MCX, tradingsymbol: GOLDM28AUG26177500CE, symboltoken: 575108
    510. exchange: MCX, tradingsymbol: GOLDM28AUG26177500PE, symboltoken: 575208
    511. exchange: MCX, tradingsymbol: GOLDM28AUG26178000CE, symboltoken: 575109
    512. exchange: MCX, tradingsymbol: GOLDM28AUG26178000PE, symboltoken: 575209
    513. exchange: MCX, tradingsymbol: GOLDM28AUG26178500CE, symboltoken: 575110
    514. exchange: MCX, tradingsymbol: GOLDM28AUG26178500PE, symboltoken: 575210
    515. exchange: MCX, tradingsymbol: GOLDM28AUG26179000CE, symboltoken: 575111
    516. exchange: MCX, tradingsymbol: GOLDM28AUG26179000PE, symboltoken: 575211
    517. exchange: MCX, tradingsymbol: GOLDM28AUG26179500CE, symboltoken: 575112
    518. exchange: MCX, tradingsymbol: GOLDM28AUG26179500PE, symboltoken: 575212
    519. exchange: MCX, tradingsymbol: GOLDM28AUG26180000CE, symboltoken: 575113
    520. exchange: MCX, tradingsymbol: GOLDM28AUG26180000PE, symboltoken: 575213
    521. exchange: MCX, tradingsymbol: GOLDM28AUG26180500CE, symboltoken: 575114
    522. exchange: MCX, tradingsymbol: GOLDM28AUG26180500PE, symboltoken: 575214
    523. exchange: MCX, tradingsymbol: GOLDM28AUG26181000CE, symboltoken: 575115
    524. exchange: MCX, tradingsymbol: GOLDM28AUG26181000PE, symboltoken: 575215
    525. exchange: MCX, tradingsymbol: GOLDM28AUG26181500CE, symboltoken: 575116
    526. exchange: MCX, tradingsymbol: GOLDM28AUG26181500PE, symboltoken: 575216
    527. exchange: MCX, tradingsymbol: GOLDM28AUG26182000CE, symboltoken: 575117
    528. exchange: MCX, tradingsymbol: GOLDM28AUG26182000PE, symboltoken: 575217
    529. exchange: MCX, tradingsymbol: GOLDM29OCT26124000CE, symboltoken: 581936
    530. exchange: MCX, tradingsymbol: GOLDM29OCT26124000PE, symboltoken: 582036
    531. exchange: MCX, tradingsymbol: GOLDM29OCT26124500CE, symboltoken: 581935
    532. exchange: MCX, tradingsymbol: GOLDM29OCT26124500PE, symboltoken: 582035
    533. exchange: MCX, tradingsymbol: GOLDM29OCT26125000CE, symboltoken: 581934
    534. exchange: MCX, tradingsymbol: GOLDM29OCT26125000PE, symboltoken: 582034
    535. exchange: MCX, tradingsymbol: GOLDM29OCT26125500CE, symboltoken: 581933
    536. exchange: MCX, tradingsymbol: GOLDM29OCT26125500PE, symboltoken: 582033
    537. exchange: MCX, tradingsymbol: GOLDM29OCT26126000CE, symboltoken: 581932
    538. exchange: MCX, tradingsymbol: GOLDM29OCT26126000PE, symboltoken: 582032
    539. exchange: MCX, tradingsymbol: GOLDM29OCT26126500CE, symboltoken: 581931
    540. exchange: MCX, tradingsymbol: GOLDM29OCT26126500PE, symboltoken: 582031
    541. exchange: MCX, tradingsymbol: GOLDM29OCT26127000CE, symboltoken: 581930
    542. exchange: MCX, tradingsymbol: GOLDM29OCT26127000PE, symboltoken: 582030
    543. exchange: MCX, tradingsymbol: GOLDM29OCT26127500CE, symboltoken: 581929
    544. exchange: MCX, tradingsymbol: GOLDM29OCT26127500PE, symboltoken: 582029
    545. exchange: MCX, tradingsymbol: GOLDM29OCT26128000CE, symboltoken: 581928
    546. exchange: MCX, tradingsymbol: GOLDM29OCT26128000PE, symboltoken: 582028
    547. exchange: MCX, tradingsymbol: GOLDM29OCT26128500CE, symboltoken: 581927
    548. exchange: MCX, tradingsymbol: GOLDM29OCT26128500PE, symboltoken: 582027
    549. exchange: MCX, tradingsymbol: GOLDM29OCT26129000CE, symboltoken: 581926
    550. exchange: MCX, tradingsymbol: GOLDM29OCT26129000PE, symboltoken: 582026
    551. exchange: MCX, tradingsymbol: GOLDM29OCT26129500CE, symboltoken: 581925
    552. exchange: MCX, tradingsymbol: GOLDM29OCT26129500PE, symboltoken: 582025
    553. exchange: MCX, tradingsymbol: GOLDM29OCT26130000CE, symboltoken: 581924
    554. exchange: MCX, tradingsymbol: GOLDM29OCT26130000PE, symboltoken: 582024
    555. exchange: MCX, tradingsymbol: GOLDM29OCT26130500CE, symboltoken: 581923
    556. exchange: MCX, tradingsymbol: GOLDM29OCT26130500PE, symboltoken: 582023
    557. exchange: MCX, tradingsymbol: GOLDM29OCT26131000CE, symboltoken: 581922
    558. exchange: MCX, tradingsymbol: GOLDM29OCT26131000PE, symboltoken: 582022
    559. exchange: MCX, tradingsymbol: GOLDM29OCT26131500CE, symboltoken: 581921
    560. exchange: MCX, tradingsymbol: GOLDM29OCT26131500PE, symboltoken: 582021
    561. exchange: MCX, tradingsymbol: GOLDM29OCT26132000CE, symboltoken: 581920
    562. exchange: MCX, tradingsymbol: GOLDM29OCT26132000PE, symboltoken: 582020
    563. exchange: MCX, tradingsymbol: GOLDM29OCT26132500CE, symboltoken: 581919
    564. exchange: MCX, tradingsymbol: GOLDM29OCT26132500PE, symboltoken: 582019
    565. exchange: MCX, tradingsymbol: GOLDM29OCT26133000CE, symboltoken: 581918
    566. exchange: MCX, tradingsymbol: GOLDM29OCT26133000PE, symboltoken: 582018
    567. exchange: MCX, tradingsymbol: GOLDM29OCT26133500CE, symboltoken: 581917
    568. exchange: MCX, tradingsymbol: GOLDM29OCT26133500PE, symboltoken: 582017
    569. exchange: MCX, tradingsymbol: GOLDM29OCT26134000CE, symboltoken: 581916
    570. exchange: MCX, tradingsymbol: GOLDM29OCT26134000PE, symboltoken: 582016
    571. exchange: MCX, tradingsymbol: GOLDM29OCT26134500CE, symboltoken: 581915
    572. exchange: MCX, tradingsymbol: GOLDM29OCT26134500PE, symboltoken: 582015
    573. exchange: MCX, tradingsymbol: GOLDM29OCT26135000CE, symboltoken: 581914
    574. exchange: MCX, tradingsymbol: GOLDM29OCT26135000PE, symboltoken: 582014
    575. exchange: MCX, tradingsymbol: GOLDM29OCT26135500CE, symboltoken: 581913
    576. exchange: MCX, tradingsymbol: GOLDM29OCT26135500PE, symboltoken: 582013
    577. exchange: MCX, tradingsymbol: GOLDM29OCT26136000CE, symboltoken: 581912
    578. exchange: MCX, tradingsymbol: GOLDM29OCT26136000PE, symboltoken: 582012
    579. exchange: MCX, tradingsymbol: GOLDM29OCT26136500CE, symboltoken: 581911
    580. exchange: MCX, tradingsymbol: GOLDM29OCT26136500PE, symboltoken: 582011
    581. exchange: MCX, tradingsymbol: GOLDM29OCT26137000CE, symboltoken: 581910
    582. exchange: MCX, tradingsymbol: GOLDM29OCT26137000PE, symboltoken: 582010
    583. exchange: MCX, tradingsymbol: GOLDM29OCT26137500CE, symboltoken: 581909
    584. exchange: MCX, tradingsymbol: GOLDM29OCT26137500PE, symboltoken: 582009
    585. exchange: MCX, tradingsymbol: GOLDM29OCT26138000CE, symboltoken: 581908
    586. exchange: MCX, tradingsymbol: GOLDM29OCT26138000PE, symboltoken: 582008
    587. exchange: MCX, tradingsymbol: GOLDM29OCT26138500CE, symboltoken: 581907
    588. exchange: MCX, tradingsymbol: GOLDM29OCT26138500PE, symboltoken: 582007
    589. exchange: MCX, tradingsymbol: GOLDM29OCT26139000CE, symboltoken: 581906
    590. exchange: MCX, tradingsymbol: GOLDM29OCT26139000PE, symboltoken: 582006
    591. exchange: MCX, tradingsymbol: GOLDM29OCT26139500CE, symboltoken: 581905
    592. exchange: MCX, tradingsymbol: GOLDM29OCT26139500PE, symboltoken: 582005
    593. exchange: MCX, tradingsymbol: GOLDM29OCT26140000CE, symboltoken: 581904
    594. exchange: MCX, tradingsymbol: GOLDM29OCT26140000PE, symboltoken: 582004
    595. exchange: MCX, tradingsymbol: GOLDM29OCT26140500CE, symboltoken: 581903
    596. exchange: MCX, tradingsymbol: GOLDM29OCT26140500PE, symboltoken: 582003
    597. exchange: MCX, tradingsymbol: GOLDM29OCT26141000CE, symboltoken: 581902
    598. exchange: MCX, tradingsymbol: GOLDM29OCT26141000PE, symboltoken: 582002
    599. exchange: MCX, tradingsymbol: GOLDM29OCT26141500CE, symboltoken: 581901
    600. exchange: MCX, tradingsymbol: GOLDM29OCT26141500PE, symboltoken: 582001
    601. exchange: MCX, tradingsymbol: GOLDM29OCT26142000CE, symboltoken: 581900
    602. exchange: MCX, tradingsymbol: GOLDM29OCT26142000PE, symboltoken: 582000
    603. exchange: MCX, tradingsymbol: GOLDM29OCT26142500CE, symboltoken: 581899
    604. exchange: MCX, tradingsymbol: GOLDM29OCT26142500PE, symboltoken: 581999
    605. exchange: MCX, tradingsymbol: GOLDM29OCT26143000CE, symboltoken: 581898
    606. exchange: MCX, tradingsymbol: GOLDM29OCT26143000PE, symboltoken: 581998
    607. exchange: MCX, tradingsymbol: GOLDM29OCT26143500CE, symboltoken: 581897
    608. exchange: MCX, tradingsymbol: GOLDM29OCT26143500PE, symboltoken: 581997
    609. exchange: MCX, tradingsymbol: GOLDM29OCT26144000CE, symboltoken: 581896
    610. exchange: MCX, tradingsymbol: GOLDM29OCT26144000PE, symboltoken: 581996
    611. exchange: MCX, tradingsymbol: GOLDM29OCT26144500CE, symboltoken: 581895
    612. exchange: MCX, tradingsymbol: GOLDM29OCT26144500PE, symboltoken: 581995
    613. exchange: MCX, tradingsymbol: GOLDM29OCT26145000CE, symboltoken: 581894
    614. exchange: MCX, tradingsymbol: GOLDM29OCT26145000PE, symboltoken: 581994
    615. exchange: MCX, tradingsymbol: GOLDM29OCT26145500CE, symboltoken: 581893
    616. exchange: MCX, tradingsymbol: GOLDM29OCT26145500PE, symboltoken: 581993
    617. exchange: MCX, tradingsymbol: GOLDM29OCT26146000CE, symboltoken: 581892
    618. exchange: MCX, tradingsymbol: GOLDM29OCT26146000PE, symboltoken: 581992
    619. exchange: MCX, tradingsymbol: GOLDM29OCT26146500CE, symboltoken: 581891
    620. exchange: MCX, tradingsymbol: GOLDM29OCT26146500PE, symboltoken: 581991
    621. exchange: MCX, tradingsymbol: GOLDM29OCT26147000CE, symboltoken: 581890
    622. exchange: MCX, tradingsymbol: GOLDM29OCT26147000PE, symboltoken: 581990
    623. exchange: MCX, tradingsymbol: GOLDM29OCT26147500CE, symboltoken: 581889
    624. exchange: MCX, tradingsymbol: GOLDM29OCT26147500PE, symboltoken: 581989
    625. exchange: MCX, tradingsymbol: GOLDM29OCT26148000CE, symboltoken: 581888
    626. exchange: MCX, tradingsymbol: GOLDM29OCT26148000PE, symboltoken: 581988
    627. exchange: MCX, tradingsymbol: GOLDM29OCT26148500CE, symboltoken: 581887
    628. exchange: MCX, tradingsymbol: GOLDM29OCT26148500PE, symboltoken: 581987
    629. exchange: MCX, tradingsymbol: GOLDM29OCT26149000CE, symboltoken: 581937
    630. exchange: MCX, tradingsymbol: GOLDM29OCT26149000PE, symboltoken: 582037
    631. exchange: MCX, tradingsymbol: GOLDM29OCT26149500CE, symboltoken: 581881
    632. exchange: MCX, tradingsymbol: GOLDM29OCT26149500PE, symboltoken: 581882
    633. exchange: MCX, tradingsymbol: GOLDM29OCT26150000CE, symboltoken: 581938
    634. exchange: MCX, tradingsymbol: GOLDM29OCT26150000PE, symboltoken: 582038
    635. exchange: MCX, tradingsymbol: GOLDM29OCT26150500CE, symboltoken: 581939
    636. exchange: MCX, tradingsymbol: GOLDM29OCT26150500PE, symboltoken: 582039
    637. exchange: MCX, tradingsymbol: GOLDM29OCT26151000CE, symboltoken: 581940
    638. exchange: MCX, tradingsymbol: GOLDM29OCT26151000PE, symboltoken: 582040
    639. exchange: MCX, tradingsymbol: GOLDM29OCT26151500CE, symboltoken: 581941
    640. exchange: MCX, tradingsymbol: GOLDM29OCT26151500PE, symboltoken: 582041
    641. exchange: MCX, tradingsymbol: GOLDM29OCT26152000CE, symboltoken: 581942
    642. exchange: MCX, tradingsymbol: GOLDM29OCT26152000PE, symboltoken: 582042
    643. exchange: MCX, tradingsymbol: GOLDM29OCT26152500CE, symboltoken: 581943
    644. exchange: MCX, tradingsymbol: GOLDM29OCT26152500PE, symboltoken: 582043
    645. exchange: MCX, tradingsymbol: GOLDM29OCT26153000CE, symboltoken: 581944
    646. exchange: MCX, tradingsymbol: GOLDM29OCT26153000PE, symboltoken: 582044
    647. exchange: MCX, tradingsymbol: GOLDM29OCT26153500CE, symboltoken: 581945
    648. exchange: MCX, tradingsymbol: GOLDM29OCT26153500PE, symboltoken: 582045
    649. exchange: MCX, tradingsymbol: GOLDM29OCT26154000CE, symboltoken: 581946
    650. exchange: MCX, tradingsymbol: GOLDM29OCT26154000PE, symboltoken: 582046
    651. exchange: MCX, tradingsymbol: GOLDM29OCT26154500CE, symboltoken: 581947
    652. exchange: MCX, tradingsymbol: GOLDM29OCT26154500PE, symboltoken: 582047
    653. exchange: MCX, tradingsymbol: GOLDM29OCT26155000CE, symboltoken: 581948
    654. exchange: MCX, tradingsymbol: GOLDM29OCT26155000PE, symboltoken: 582048
    655. exchange: MCX, tradingsymbol: GOLDM29OCT26155500CE, symboltoken: 581949
    656. exchange: MCX, tradingsymbol: GOLDM29OCT26155500PE, symboltoken: 582049
    657. exchange: MCX, tradingsymbol: GOLDM29OCT26156000CE, symboltoken: 581950
    658. exchange: MCX, tradingsymbol: GOLDM29OCT26156000PE, symboltoken: 582050
    659. exchange: MCX, tradingsymbol: GOLDM29OCT26156500CE, symboltoken: 581951
    660. exchange: MCX, tradingsymbol: GOLDM29OCT26156500PE, symboltoken: 582051
    661. exchange: MCX, tradingsymbol: GOLDM29OCT26157000CE, symboltoken: 581952
    662. exchange: MCX, tradingsymbol: GOLDM29OCT26157000PE, symboltoken: 582052
    663. exchange: MCX, tradingsymbol: GOLDM29OCT26157500CE, symboltoken: 581953
    664. exchange: MCX, tradingsymbol: GOLDM29OCT26157500PE, symboltoken: 582053
    665. exchange: MCX, tradingsymbol: GOLDM29OCT26158000CE, symboltoken: 581954
    666. exchange: MCX, tradingsymbol: GOLDM29OCT26158000PE, symboltoken: 582054
    667. exchange: MCX, tradingsymbol: GOLDM29OCT26158500CE, symboltoken: 581955
    668. exchange: MCX, tradingsymbol: GOLDM29OCT26158500PE, symboltoken: 582055
    669. exchange: MCX, tradingsymbol: GOLDM29OCT26159000CE, symboltoken: 581956
    670. exchange: MCX, tradingsymbol: GOLDM29OCT26159000PE, symboltoken: 582056
    671. exchange: MCX, tradingsymbol: GOLDM29OCT26159500CE, symboltoken: 581957
    672. exchange: MCX, tradingsymbol: GOLDM29OCT26159500PE, symboltoken: 582057
    673. exchange: MCX, tradingsymbol: GOLDM29OCT26160000CE, symboltoken: 581958
    674. exchange: MCX, tradingsymbol: GOLDM29OCT26160000PE, symboltoken: 582058
    675. exchange: MCX, tradingsymbol: GOLDM29OCT26160500CE, symboltoken: 581959
    676. exchange: MCX, tradingsymbol: GOLDM29OCT26160500PE, symboltoken: 582059
    677. exchange: MCX, tradingsymbol: GOLDM29OCT26161000CE, symboltoken: 581960
    678. exchange: MCX, tradingsymbol: GOLDM29OCT26161000PE, symboltoken: 582060
    679. exchange: MCX, tradingsymbol: GOLDM29OCT26161500CE, symboltoken: 581961
    680. exchange: MCX, tradingsymbol: GOLDM29OCT26161500PE, symboltoken: 582061
    681. exchange: MCX, tradingsymbol: GOLDM29OCT26162000CE, symboltoken: 581962
    682. exchange: MCX, tradingsymbol: GOLDM29OCT26162000PE, symboltoken: 582062
    683. exchange: MCX, tradingsymbol: GOLDM29OCT26162500CE, symboltoken: 581963
    684. exchange: MCX, tradingsymbol: GOLDM29OCT26162500PE, symboltoken: 582063
    685. exchange: MCX, tradingsymbol: GOLDM29OCT26163000CE, symboltoken: 581964
    686. exchange: MCX, tradingsymbol: GOLDM29OCT26163000PE, symboltoken: 582064
    687. exchange: MCX, tradingsymbol: GOLDM29OCT26163500CE, symboltoken: 581965
    688. exchange: MCX, tradingsymbol: GOLDM29OCT26163500PE, symboltoken: 582065
    689. exchange: MCX, tradingsymbol: GOLDM29OCT26164000CE, symboltoken: 581966
    690. exchange: MCX, tradingsymbol: GOLDM29OCT26164000PE, symboltoken: 582066
    691. exchange: MCX, tradingsymbol: GOLDM29OCT26164500CE, symboltoken: 581967
    692. exchange: MCX, tradingsymbol: GOLDM29OCT26164500PE, symboltoken: 582067
    693. exchange: MCX, tradingsymbol: GOLDM29OCT26165000CE, symboltoken: 581968
    694. exchange: MCX, tradingsymbol: GOLDM29OCT26165000PE, symboltoken: 582068
    695. exchange: MCX, tradingsymbol: GOLDM29OCT26165500CE, symboltoken: 581969
    696. exchange: MCX, tradingsymbol: GOLDM29OCT26165500PE, symboltoken: 582069
    697. exchange: MCX, tradingsymbol: GOLDM29OCT26166000CE, symboltoken: 581970
    698. exchange: MCX, tradingsymbol: GOLDM29OCT26166000PE, symboltoken: 582070
    699. exchange: MCX, tradingsymbol: GOLDM29OCT26166500CE, symboltoken: 581971
    700. exchange: MCX, tradingsymbol: GOLDM29OCT26166500PE, symboltoken: 582071
    701. exchange: MCX, tradingsymbol: GOLDM29OCT26167000CE, symboltoken: 581972
    702. exchange: MCX, tradingsymbol: GOLDM29OCT26167000PE, symboltoken: 582072
    703. exchange: MCX, tradingsymbol: GOLDM29OCT26167500CE, symboltoken: 581973
    704. exchange: MCX, tradingsymbol: GOLDM29OCT26167500PE, symboltoken: 582073
    705. exchange: MCX, tradingsymbol: GOLDM29OCT26168000CE, symboltoken: 581974
    706. exchange: MCX, tradingsymbol: GOLDM29OCT26168000PE, symboltoken: 582074
    707. exchange: MCX, tradingsymbol: GOLDM29OCT26168500CE, symboltoken: 581975
    708. exchange: MCX, tradingsymbol: GOLDM29OCT26168500PE, symboltoken: 582075
    709. exchange: MCX, tradingsymbol: GOLDM29OCT26169000CE, symboltoken: 581976
    710. exchange: MCX, tradingsymbol: GOLDM29OCT26169000PE, symboltoken: 582076
    711. exchange: MCX, tradingsymbol: GOLDM29OCT26169500CE, symboltoken: 581977
    712. exchange: MCX, tradingsymbol: GOLDM29OCT26169500PE, symboltoken: 582077
    713. exchange: MCX, tradingsymbol: GOLDM29OCT26170000CE, symboltoken: 581978
    714. exchange: MCX, tradingsymbol: GOLDM29OCT26170000PE, symboltoken: 582078
    715. exchange: MCX, tradingsymbol: GOLDM29OCT26170500CE, symboltoken: 581979
    716. exchange: MCX, tradingsymbol: GOLDM29OCT26170500PE, symboltoken: 582079
    717. exchange: MCX, tradingsymbol: GOLDM29OCT26171000CE, symboltoken: 581980
    718. exchange: MCX, tradingsymbol: GOLDM29OCT26171000PE, symboltoken: 582080
    719. exchange: MCX, tradingsymbol: GOLDM29OCT26171500CE, symboltoken: 581981
    720. exchange: MCX, tradingsymbol: GOLDM29OCT26171500PE, symboltoken: 582081
    721. exchange: MCX, tradingsymbol: GOLDM29OCT26172000CE, symboltoken: 581982
    722. exchange: MCX, tradingsymbol: GOLDM29OCT26172000PE, symboltoken: 582082
    723. exchange: MCX, tradingsymbol: GOLDM29OCT26172500CE, symboltoken: 581983
    724. exchange: MCX, tradingsymbol: GOLDM29OCT26172500PE, symboltoken: 582083
    725. exchange: MCX, tradingsymbol: GOLDM29OCT26173000CE, symboltoken: 581984
    726. exchange: MCX, tradingsymbol: GOLDM29OCT26173000PE, symboltoken: 582084
    727. exchange: MCX, tradingsymbol: GOLDM29OCT26173500CE, symboltoken: 581985
    728. exchange: MCX, tradingsymbol: GOLDM29OCT26173500PE, symboltoken: 582085
    729. exchange: MCX, tradingsymbol: GOLDM29OCT26174000CE, symboltoken: 581986
    730. exchange: MCX, tradingsymbol: GOLDM29OCT26174000PE, symboltoken: 582086
    731. exchange: MCX, tradingsymbol: GOLDM29OCT26174500CE, symboltoken: 582115
    732. exchange: MCX, tradingsymbol: GOLDM29OCT26174500PE, symboltoken: 582116
    733. exchange: MCX, tradingsymbol: GOLDM29OCT26175000CE, symboltoken: 582141
    734. exchange: MCX, tradingsymbol: GOLDM29OCT26175000PE, symboltoken: 582149
    735. exchange: MCX, tradingsymbol: GOLDM29OCT26175500CE, symboltoken: 582142
    736. exchange: MCX, tradingsymbol: GOLDM29OCT26175500PE, symboltoken: 582150
    737. exchange: MCX, tradingsymbol: GOLDM29OCT26176000CE, symboltoken: 582143
    738. exchange: MCX, tradingsymbol: GOLDM29OCT26176000PE, symboltoken: 582151
    739. exchange: MCX, tradingsymbol: GOLDM29OCT26176500CE, symboltoken: 582144
    740. exchange: MCX, tradingsymbol: GOLDM29OCT26176500PE, symboltoken: 582152
    741. exchange: MCX, tradingsymbol: GOLDM29OCT26177000CE, symboltoken: 582145
    742. exchange: MCX, tradingsymbol: GOLDM29OCT26177000PE, symboltoken: 582153
    743. exchange: MCX, tradingsymbol: GOLDM29OCT26177500CE, symboltoken: 582146
    744. exchange: MCX, tradingsymbol: GOLDM29OCT26177500PE, symboltoken: 582154
    745. exchange: MCX, tradingsymbol: GOLDM29OCT26178000CE, symboltoken: 582228
    746. exchange: MCX, tradingsymbol: GOLDM29OCT26178000PE, symboltoken: 582234
    747. exchange: MCX, tradingsymbol: GOLDM29OCT26178500CE, symboltoken: 582229
    748. exchange: MCX, tradingsymbol: GOLDM29OCT26178500PE, symboltoken: 582235
    749. exchange: MCX, tradingsymbol: GOLDM29OCT26179000CE, symboltoken: 582230
    750. exchange: MCX, tradingsymbol: GOLDM29OCT26179000PE, symboltoken: 582236
    751. exchange: MCX, tradingsymbol: GOLDM29OCT26179500CE, symboltoken: 582306
    752. exchange: MCX, tradingsymbol: GOLDM29OCT26179500PE, symboltoken: 582308
    753. exchange: MCX, tradingsymbol: GOLDM29OCT26180000CE, symboltoken: 582320
    754. exchange: MCX, tradingsymbol: GOLDM29OCT26180000PE, symboltoken: 582326
    755. exchange: MCX, tradingsymbol: GOLDM29OCT26180500CE, symboltoken: 582321
    756. exchange: MCX, tradingsymbol: GOLDM29OCT26180500PE, symboltoken: 582327
    757. exchange: MCX, tradingsymbol: GOLDM29OCT26181000CE, symboltoken: 582322
    758. exchange: MCX, tradingsymbol: GOLDM29OCT26181000PE, symboltoken: 582328
    759. exchange: MCX, tradingsymbol: GOLDMAHMCOM, symboltoken: 347
    760. exchange: MCX, tradingsymbol: GOLDMCOM, symboltoken: 117
    761. exchange: MCX, tradingsymbol: GOLDMDELCOM, symboltoken: 348
    762. exchange: MCX, tradingsymbol: GOLDMKOLCOM, symboltoken: 349
    763. exchange: MCX, tradingsymbol: GOLDMMUMCOM, symboltoken: 346
    764. exchange: MCX, tradingsymbol: GOLDMUMCOM, symboltoken: 342
    765. exchange: MCX, tradingsymbol: GOLDM29OCT26178000CE, symboltoken: 582228
    766. exchange: MCX, tradingsymbol: GOLDM29OCT26178000PE, symboltoken: 582234
    767. exchange: MCX, tradingsymbol: GOLDM29OCT26178500CE, symboltoken: 582229
    768. exchange: MCX, tradingsymbol: GOLDM29OCT26178500PE, symboltoken: 582235
    769. exchange: MCX, tradingsymbol: GOLDM29OCT26179000CE, symboltoken: 582230
    770. exchange: MCX, tradingsymbol: GOLDM29OCT26179000PE, symboltoken: 582236
    771. exchange: MCX, tradingsymbol: GOLDM29OCT26179500CE, symboltoken: 582306
    772. exchange: MCX, tradingsymbol: GOLDM29OCT26179500PE, symboltoken: 582308
    773. exchange: MCX, tradingsymbol: GOLDM29OCT26180000CE, symboltoken: 582320
    774. exchange: MCX, tradingsymbol: GOLDM29OCT26180000PE, symboltoken: 582326
    775. exchange: MCX, tradingsymbol: GOLDM29OCT26180500CE, symboltoken: 582321
    776. exchange: MCX, tradingsymbol: GOLDM29OCT26180500PE, symboltoken: 582327
    777. exchange: MCX, tradingsymbol: GOLDM29OCT26181000CE, symboltoken: 582322
    778. exchange: MCX, tradingsymbol: GOLDM29OCT26181000PE, symboltoken: 582328
    779. exchange: MCX, tradingsymbol: GOLDMAHMCOM, symboltoken: 347
    780. exchange: MCX, tradingsymbol: GOLDMCOM, symboltoken: 117
INFO:     Shutting down
INFO:     Waiting for application shutdown.
INFO:     Application shutdown complete.
INFO:     Finished server process [71633]
INFO:     Started server process [72299]
INFO:     Waiting for application startup.
INFO:     Application startup complete.
INFO:     Uvicorn running on http://0.0.0.0:8001 (Press CTRL+C to quit)
[I 260817 09:41:29 smartConnect:124] in pool
[I 260817 09:41:29 smartConnect:496] Search successful. Found 780 trading symbols for the given query:
    1. exchange: MCX, tradingsymbol: GOLDM04DEC26FUT, symboltoken: 575011
    2. exchange: MCX, tradingsymbol: GOLDM04SEP26FUT, symboltoken: 563946
    3. exchange: MCX, tradingsymbol: GOLDM05FEB27FUT, symboltoken: 581880
    4. exchange: MCX, tradingsymbol: GOLDM05JAN27FUT, symboltoken: 578779
    5. exchange: MCX, tradingsymbol: GOLDM05NOV26FUT, symboltoken: 571445
    6. exchange: MCX, tradingsymbol: GOLDM05OCT26FUT, symboltoken: 569003
    7. exchange: MCX, tradingsymbol: GOLDM25SEP26116500CE, symboltoken: 580161
    8. exchange: MCX, tradingsymbol: GOLDM25SEP26116500PE, symboltoken: 580165
    9. exchange: MCX, tradingsymbol: GOLDM25SEP26117000CE, symboltoken: 580160
    10. exchange: MCX, tradingsymbol: GOLDM25SEP26117000PE, symboltoken: 580164
    11. exchange: MCX, tradingsymbol: GOLDM25SEP26117500CE, symboltoken: 580159
    12. exchange: MCX, tradingsymbol: GOLDM25SEP26117500PE, symboltoken: 580163
    13. exchange: MCX, tradingsymbol: GOLDM25SEP26118000CE, symboltoken: 579247
    14. exchange: MCX, tradingsymbol: GOLDM25SEP26118000PE, symboltoken: 579258
    15. exchange: MCX, tradingsymbol: GOLDM25SEP26118500CE, symboltoken: 579246
    16. exchange: MCX, tradingsymbol: GOLDM25SEP26118500PE, symboltoken: 579257
    17. exchange: MCX, tradingsymbol: GOLDM25SEP26119000CE, symboltoken: 579245
    18. exchange: MCX, tradingsymbol: GOLDM25SEP26119000PE, symboltoken: 579256
    19. exchange: MCX, tradingsymbol: GOLDM25SEP26119500CE, symboltoken: 579244
    20. exchange: MCX, tradingsymbol: GOLDM25SEP26119500PE, symboltoken: 579255
    21. exchange: MCX, tradingsymbol: GOLDM25SEP26120000CE, symboltoken: 579243
    22. exchange: MCX, tradingsymbol: GOLDM25SEP26120000PE, symboltoken: 579254
    23. exchange: MCX, tradingsymbol: GOLDM25SEP26120500CE, symboltoken: 579242
    24. exchange: MCX, tradingsymbol: GOLDM25SEP26120500PE, symboltoken: 579253
    25. exchange: MCX, tradingsymbol: GOLDM25SEP26121000CE, symboltoken: 579056
    26. exchange: MCX, tradingsymbol: GOLDM25SEP26121000PE, symboltoken: 579058
    27. exchange: MCX, tradingsymbol: GOLDM25SEP26121500CE, symboltoken: 579055
    28. exchange: MCX, tradingsymbol: GOLDM25SEP26121500PE, symboltoken: 579057
    29. exchange: MCX, tradingsymbol: GOLDM25SEP26122000CE, symboltoken: 579019
    30. exchange: MCX, tradingsymbol: GOLDM25SEP26122000PE, symboltoken: 579022
    31. exchange: MCX, tradingsymbol: GOLDM25SEP26122500CE, symboltoken: 579018
    32. exchange: MCX, tradingsymbol: GOLDM25SEP26122500PE, symboltoken: 579021
    33. exchange: MCX, tradingsymbol: GOLDM25SEP26123000CE, symboltoken: 579017
    34. exchange: MCX, tradingsymbol: GOLDM25SEP26123000PE, symboltoken: 579020
    35. exchange: MCX, tradingsymbol: GOLDM25SEP26123500CE, symboltoken: 579013
    36. exchange: MCX, tradingsymbol: GOLDM25SEP26123500PE, symboltoken: 579016
    37. exchange: MCX, tradingsymbol: GOLDM25SEP26124000CE, symboltoken: 579012
    38. exchange: MCX, tradingsymbol: GOLDM25SEP26124000PE, symboltoken: 579015
    39. exchange: MCX, tradingsymbol: GOLDM25SEP26124500CE, symboltoken: 579011
    40. exchange: MCX, tradingsymbol: GOLDM25SEP26124500PE, symboltoken: 579014
    41. exchange: MCX, tradingsymbol: GOLDM25SEP26125000CE, symboltoken: 579005
    42. exchange: MCX, tradingsymbol: GOLDM25SEP26125000PE, symboltoken: 579006
    43. exchange: MCX, tradingsymbol: GOLDM25SEP26125500CE, symboltoken: 578833
    44. exchange: MCX, tradingsymbol: GOLDM25SEP26125500PE, symboltoken: 578933
    45. exchange: MCX, tradingsymbol: GOLDM25SEP26126000CE, symboltoken: 578832
    46. exchange: MCX, tradingsymbol: GOLDM25SEP26126000PE, symboltoken: 578932
    47. exchange: MCX, tradingsymbol: GOLDM25SEP26126500CE, symboltoken: 578831
    48. exchange: MCX, tradingsymbol: GOLDM25SEP26126500PE, symboltoken: 578931
    49. exchange: MCX, tradingsymbol: GOLDM25SEP26127000CE, symboltoken: 578830
    50. exchange: MCX, tradingsymbol: GOLDM25SEP26127000PE, symboltoken: 578930
    51. exchange: MCX, tradingsymbol: GOLDM25SEP26127500CE, symboltoken: 578829
    52. exchange: MCX, tradingsymbol: GOLDM25SEP26127500PE, symboltoken: 578929
    53. exchange: MCX, tradingsymbol: GOLDM25SEP26128000CE, symboltoken: 578828
    54. exchange: MCX, tradingsymbol: GOLDM25SEP26128000PE, symboltoken: 578928
    55. exchange: MCX, tradingsymbol: GOLDM25SEP26128500CE, symboltoken: 578827
    56. exchange: MCX, tradingsymbol: GOLDM25SEP26128500PE, symboltoken: 578927
    57. exchange: MCX, tradingsymbol: GOLDM25SEP26129000CE, symboltoken: 578826
    58. exchange: MCX, tradingsymbol: GOLDM25SEP26129000PE, symboltoken: 578926
    59. exchange: MCX, tradingsymbol: GOLDM25SEP26129500CE, symboltoken: 578825
    60. exchange: MCX, tradingsymbol: GOLDM25SEP26129500PE, symboltoken: 578925
    61. exchange: MCX, tradingsymbol: GOLDM25SEP26130000CE, symboltoken: 578824
    62. exchange: MCX, tradingsymbol: GOLDM25SEP26130000PE, symboltoken: 578924
    63. exchange: MCX, tradingsymbol: GOLDM25SEP26130500CE, symboltoken: 578823
    64. exchange: MCX, tradingsymbol: GOLDM25SEP26130500PE, symboltoken: 578923
    65. exchange: MCX, tradingsymbol: GOLDM25SEP26131000CE, symboltoken: 578822
    66. exchange: MCX, tradingsymbol: GOLDM25SEP26131000PE, symboltoken: 578922
    67. exchange: MCX, tradingsymbol: GOLDM25SEP26131500CE, symboltoken: 578821
    68. exchange: MCX, tradingsymbol: GOLDM25SEP26131500PE, symboltoken: 578921
    69. exchange: MCX, tradingsymbol: GOLDM25SEP26132000CE, symboltoken: 578820
    70. exchange: MCX, tradingsymbol: GOLDM25SEP26132000PE, symboltoken: 578920
    71. exchange: MCX, tradingsymbol: GOLDM25SEP26132500CE, symboltoken: 578819
    72. exchange: MCX, tradingsymbol: GOLDM25SEP26132500PE, symboltoken: 578919
    73. exchange: MCX, tradingsymbol: GOLDM25SEP26133000CE, symboltoken: 578818
    74. exchange: MCX, tradingsymbol: GOLDM25SEP26133000PE, symboltoken: 578918
    75. exchange: MCX, tradingsymbol: GOLDM25SEP26133500CE, symboltoken: 578817
    76. exchange: MCX, tradingsymbol: GOLDM25SEP26133500PE, symboltoken: 578917
    77. exchange: MCX, tradingsymbol: GOLDM25SEP26134000CE, symboltoken: 578816
    78. exchange: MCX, tradingsymbol: GOLDM25SEP26134000PE, symboltoken: 578916
    79. exchange: MCX, tradingsymbol: GOLDM25SEP26134500CE, symboltoken: 578815
    80. exchange: MCX, tradingsymbol: GOLDM25SEP26134500PE, symboltoken: 578915
    81. exchange: MCX, tradingsymbol: GOLDM25SEP26135000CE, symboltoken: 578814
    82. exchange: MCX, tradingsymbol: GOLDM25SEP26135000PE, symboltoken: 578914
    83. exchange: MCX, tradingsymbol: GOLDM25SEP26135500CE, symboltoken: 578813
    84. exchange: MCX, tradingsymbol: GOLDM25SEP26135500PE, symboltoken: 578913
    85. exchange: MCX, tradingsymbol: GOLDM25SEP26136000CE, symboltoken: 578812
    86. exchange: MCX, tradingsymbol: GOLDM25SEP26136000PE, symboltoken: 578912
    87. exchange: MCX, tradingsymbol: GOLDM25SEP26136500CE, symboltoken: 578811
    88. exchange: MCX, tradingsymbol: GOLDM25SEP26136500PE, symboltoken: 578911
    89. exchange: MCX, tradingsymbol: GOLDM25SEP26137000CE, symboltoken: 578810
    90. exchange: MCX, tradingsymbol: GOLDM25SEP26137000PE, symboltoken: 578910
    91. exchange: MCX, tradingsymbol: GOLDM25SEP26137500CE, symboltoken: 578809
    92. exchange: MCX, tradingsymbol: GOLDM25SEP26137500PE, symboltoken: 578909
    93. exchange: MCX, tradingsymbol: GOLDM25SEP26138000CE, symboltoken: 578808
    94. exchange: MCX, tradingsymbol: GOLDM25SEP26138000PE, symboltoken: 578908
    95. exchange: MCX, tradingsymbol: GOLDM25SEP26138500CE, symboltoken: 578807
    96. exchange: MCX, tradingsymbol: GOLDM25SEP26138500PE, symboltoken: 578907
    97. exchange: MCX, tradingsymbol: GOLDM25SEP26139000CE, symboltoken: 578806
    98. exchange: MCX, tradingsymbol: GOLDM25SEP26139000PE, symboltoken: 578906
    99. exchange: MCX, tradingsymbol: GOLDM25SEP26139500CE, symboltoken: 578805
    100. exchange: MCX, tradingsymbol: GOLDM25SEP26139500PE, symboltoken: 578905
    101. exchange: MCX, tradingsymbol: GOLDM25SEP26140000CE, symboltoken: 578804
    102. exchange: MCX, tradingsymbol: GOLDM25SEP26140000PE, symboltoken: 578904
    103. exchange: MCX, tradingsymbol: GOLDM25SEP26140500CE, symboltoken: 578803
    104. exchange: MCX, tradingsymbol: GOLDM25SEP26140500PE, symboltoken: 578903
    105. exchange: MCX, tradingsymbol: GOLDM25SEP26141000CE, symboltoken: 578802
    106. exchange: MCX, tradingsymbol: GOLDM25SEP26141000PE, symboltoken: 578902
    107. exchange: MCX, tradingsymbol: GOLDM25SEP26141500CE, symboltoken: 578801
    108. exchange: MCX, tradingsymbol: GOLDM25SEP26141500PE, symboltoken: 578901
    109. exchange: MCX, tradingsymbol: GOLDM25SEP26142000CE, symboltoken: 578800
    110. exchange: MCX, tradingsymbol: GOLDM25SEP26142000PE, symboltoken: 578900
    111. exchange: MCX, tradingsymbol: GOLDM25SEP26142500CE, symboltoken: 578799
    112. exchange: MCX, tradingsymbol: GOLDM25SEP26142500PE, symboltoken: 578899
    113. exchange: MCX, tradingsymbol: GOLDM25SEP26143000CE, symboltoken: 578798
    114. exchange: MCX, tradingsymbol: GOLDM25SEP26143000PE, symboltoken: 578898
    115. exchange: MCX, tradingsymbol: GOLDM25SEP26143500CE, symboltoken: 578797
    116. exchange: MCX, tradingsymbol: GOLDM25SEP26143500PE, symboltoken: 578897
    117. exchange: MCX, tradingsymbol: GOLDM25SEP26144000CE, symboltoken: 578796
    118. exchange: MCX, tradingsymbol: GOLDM25SEP26144000PE, symboltoken: 578896
    119. exchange: MCX, tradingsymbol: GOLDM25SEP26144500CE, symboltoken: 578795
    120. exchange: MCX, tradingsymbol: GOLDM25SEP26144500PE, symboltoken: 578895
    121. exchange: MCX, tradingsymbol: GOLDM25SEP26145000CE, symboltoken: 578794
    122. exchange: MCX, tradingsymbol: GOLDM25SEP26145000PE, symboltoken: 578894
    123. exchange: MCX, tradingsymbol: GOLDM25SEP26145500CE, symboltoken: 578793
    124. exchange: MCX, tradingsymbol: GOLDM25SEP26145500PE, symboltoken: 578893
    125. exchange: MCX, tradingsymbol: GOLDM25SEP26146000CE, symboltoken: 578792
    126. exchange: MCX, tradingsymbol: GOLDM25SEP26146000PE, symboltoken: 578892
    127. exchange: MCX, tradingsymbol: GOLDM25SEP26146500CE, symboltoken: 578791
    128. exchange: MCX, tradingsymbol: GOLDM25SEP26146500PE, symboltoken: 578891
    129. exchange: MCX, tradingsymbol: GOLDM25SEP26147000CE, symboltoken: 578790
    130. exchange: MCX, tradingsymbol: GOLDM25SEP26147000PE, symboltoken: 578890
    131. exchange: MCX, tradingsymbol: GOLDM25SEP26147500CE, symboltoken: 578789
    132. exchange: MCX, tradingsymbol: GOLDM25SEP26147500PE, symboltoken: 578889
    133. exchange: MCX, tradingsymbol: GOLDM25SEP26148000CE, symboltoken: 578788
    134. exchange: MCX, tradingsymbol: GOLDM25SEP26148000PE, symboltoken: 578888
    135. exchange: MCX, tradingsymbol: GOLDM25SEP26148500CE, symboltoken: 578787
    136. exchange: MCX, tradingsymbol: GOLDM25SEP26148500PE, symboltoken: 578887
    137. exchange: MCX, tradingsymbol: GOLDM25SEP26149000CE, symboltoken: 578786
    138. exchange: MCX, tradingsymbol: GOLDM25SEP26149000PE, symboltoken: 578886
    139. exchange: MCX, tradingsymbol: GOLDM25SEP26149500CE, symboltoken: 578785
    140. exchange: MCX, tradingsymbol: GOLDM25SEP26149500PE, symboltoken: 578885
    141. exchange: MCX, tradingsymbol: GOLDM25SEP26150000CE, symboltoken: 578784
    142. exchange: MCX, tradingsymbol: GOLDM25SEP26150000PE, symboltoken: 578884
    143. exchange: MCX, tradingsymbol: GOLDM25SEP26150500CE, symboltoken: 578780
    144. exchange: MCX, tradingsymbol: GOLDM25SEP26150500PE, symboltoken: 578781
    145. exchange: MCX, tradingsymbol: GOLDM25SEP26151000CE, symboltoken: 578834
    146. exchange: MCX, tradingsymbol: GOLDM25SEP26151000PE, symboltoken: 578934
    147. exchange: MCX, tradingsymbol: GOLDM25SEP26151500CE, symboltoken: 578835
    148. exchange: MCX, tradingsymbol: GOLDM25SEP26151500PE, symboltoken: 578935
    149. exchange: MCX, tradingsymbol: GOLDM25SEP26152000CE, symboltoken: 578836
    150. exchange: MCX, tradingsymbol: GOLDM25SEP26152000PE, symboltoken: 578936
    151. exchange: MCX, tradingsymbol: GOLDM25SEP26152500CE, symboltoken: 578837
    152. exchange: MCX, tradingsymbol: GOLDM25SEP26152500PE, symboltoken: 578937
    153. exchange: MCX, tradingsymbol: GOLDM25SEP26153000CE, symboltoken: 578838
    154. exchange: MCX, tradingsymbol: GOLDM25SEP26153000PE, symboltoken: 578938
    155. exchange: MCX, tradingsymbol: GOLDM25SEP26153500CE, symboltoken: 578839
    156. exchange: MCX, tradingsymbol: GOLDM25SEP26153500PE, symboltoken: 578939
    157. exchange: MCX, tradingsymbol: GOLDM25SEP26154000CE, symboltoken: 578840
    158. exchange: MCX, tradingsymbol: GOLDM25SEP26154000PE, symboltoken: 578940
    159. exchange: MCX, tradingsymbol: GOLDM25SEP26154500CE, symboltoken: 578841
    160. exchange: MCX, tradingsymbol: GOLDM25SEP26154500PE, symboltoken: 578941
    161. exchange: MCX, tradingsymbol: GOLDM25SEP26155000CE, symboltoken: 578842
    162. exchange: MCX, tradingsymbol: GOLDM25SEP26155000PE, symboltoken: 578942
    163. exchange: MCX, tradingsymbol: GOLDM25SEP26155500CE, symboltoken: 578843
    164. exchange: MCX, tradingsymbol: GOLDM25SEP26155500PE, symboltoken: 578943
    165. exchange: MCX, tradingsymbol: GOLDM25SEP26156000CE, symboltoken: 578844
    166. exchange: MCX, tradingsymbol: GOLDM25SEP26156000PE, symboltoken: 578944
    167. exchange: MCX, tradingsymbol: GOLDM25SEP26156500CE, symboltoken: 578845
    168. exchange: MCX, tradingsymbol: GOLDM25SEP26156500PE, symboltoken: 578945
    169. exchange: MCX, tradingsymbol: GOLDM25SEP26157000CE, symboltoken: 578846
    170. exchange: MCX, tradingsymbol: GOLDM25SEP26157000PE, symboltoken: 578946
    171. exchange: MCX, tradingsymbol: GOLDM25SEP26157500CE, symboltoken: 578847
    172. exchange: MCX, tradingsymbol: GOLDM25SEP26157500PE, symboltoken: 578947
    173. exchange: MCX, tradingsymbol: GOLDM25SEP26158000CE, symboltoken: 578848
    174. exchange: MCX, tradingsymbol: GOLDM25SEP26158000PE, symboltoken: 578948
    175. exchange: MCX, tradingsymbol: GOLDM25SEP26158500CE, symboltoken: 578849
    176. exchange: MCX, tradingsymbol: GOLDM25SEP26158500PE, symboltoken: 578949
    177. exchange: MCX, tradingsymbol: GOLDM25SEP26159000CE, symboltoken: 578850
    178. exchange: MCX, tradingsymbol: GOLDM25SEP26159000PE, symboltoken: 578950
    179. exchange: MCX, tradingsymbol: GOLDM25SEP26159500CE, symboltoken: 578851
    180. exchange: MCX, tradingsymbol: GOLDM25SEP26159500PE, symboltoken: 578951
    181. exchange: MCX, tradingsymbol: GOLDM25SEP26160000CE, symboltoken: 578852
    182. exchange: MCX, tradingsymbol: GOLDM25SEP26160000PE, symboltoken: 578952
    183. exchange: MCX, tradingsymbol: GOLDM25SEP26160500CE, symboltoken: 578853
    184. exchange: MCX, tradingsymbol: GOLDM25SEP26160500PE, symboltoken: 578953
    185. exchange: MCX, tradingsymbol: GOLDM25SEP26161000CE, symboltoken: 578854
    186. exchange: MCX, tradingsymbol: GOLDM25SEP26161000PE, symboltoken: 578954
    187. exchange: MCX, tradingsymbol: GOLDM25SEP26161500CE, symboltoken: 578855
    188. exchange: MCX, tradingsymbol: GOLDM25SEP26161500PE, symboltoken: 578955
    189. exchange: MCX, tradingsymbol: GOLDM25SEP26162000CE, symboltoken: 578856
    190. exchange: MCX, tradingsymbol: GOLDM25SEP26162000PE, symboltoken: 578956
    191. exchange: MCX, tradingsymbol: GOLDM25SEP26162500CE, symboltoken: 578857
    192. exchange: MCX, tradingsymbol: GOLDM25SEP26162500PE, symboltoken: 578957
    193. exchange: MCX, tradingsymbol: GOLDM25SEP26163000CE, symboltoken: 578858
    194. exchange: MCX, tradingsymbol: GOLDM25SEP26163000PE, symboltoken: 578958
    195. exchange: MCX, tradingsymbol: GOLDM25SEP26163500CE, symboltoken: 578859
    196. exchange: MCX, tradingsymbol: GOLDM25SEP26163500PE, symboltoken: 578959
    197. exchange: MCX, tradingsymbol: GOLDM25SEP26164000CE, symboltoken: 578860
    198. exchange: MCX, tradingsymbol: GOLDM25SEP26164000PE, symboltoken: 578960
    199. exchange: MCX, tradingsymbol: GOLDM25SEP26164500CE, symboltoken: 578861
    200. exchange: MCX, tradingsymbol: GOLDM25SEP26164500PE, symboltoken: 578961
    201. exchange: MCX, tradingsymbol: GOLDM25SEP26165000CE, symboltoken: 578862
    202. exchange: MCX, tradingsymbol: GOLDM25SEP26165000PE, symboltoken: 578962
    203. exchange: MCX, tradingsymbol: GOLDM25SEP26165500CE, symboltoken: 578863
    204. exchange: MCX, tradingsymbol: GOLDM25SEP26165500PE, symboltoken: 578963
    205. exchange: MCX, tradingsymbol: GOLDM25SEP26166000CE, symboltoken: 578864
    206. exchange: MCX, tradingsymbol: GOLDM25SEP26166000PE, symboltoken: 578964
    207. exchange: MCX, tradingsymbol: GOLDM25SEP26166500CE, symboltoken: 578865
    208. exchange: MCX, tradingsymbol: GOLDM25SEP26166500PE, symboltoken: 578965
    209. exchange: MCX, tradingsymbol: GOLDM25SEP26167000CE, symboltoken: 578866
    210. exchange: MCX, tradingsymbol: GOLDM25SEP26167000PE, symboltoken: 578966
    211. exchange: MCX, tradingsymbol: GOLDM25SEP26167500CE, symboltoken: 578867
    212. exchange: MCX, tradingsymbol: GOLDM25SEP26167500PE, symboltoken: 578967
    213. exchange: MCX, tradingsymbol: GOLDM25SEP26168000CE, symboltoken: 578868
    214. exchange: MCX, tradingsymbol: GOLDM25SEP26168000PE, symboltoken: 578968
    215. exchange: MCX, tradingsymbol: GOLDM25SEP26168500CE, symboltoken: 578869
    216. exchange: MCX, tradingsymbol: GOLDM25SEP26168500PE, symboltoken: 578969
    217. exchange: MCX, tradingsymbol: GOLDM25SEP26169000CE, symboltoken: 578870
    218. exchange: MCX, tradingsymbol: GOLDM25SEP26169000PE, symboltoken: 578970
    219. exchange: MCX, tradingsymbol: GOLDM25SEP26169500CE, symboltoken: 578871
    220. exchange: MCX, tradingsymbol: GOLDM25SEP26169500PE, symboltoken: 578971
    221. exchange: MCX, tradingsymbol: GOLDM25SEP26170000CE, symboltoken: 578872
    222. exchange: MCX, tradingsymbol: GOLDM25SEP26170000PE, symboltoken: 578972
    223. exchange: MCX, tradingsymbol: GOLDM25SEP26170500CE, symboltoken: 578873
    224. exchange: MCX, tradingsymbol: GOLDM25SEP26170500PE, symboltoken: 578973
    225. exchange: MCX, tradingsymbol: GOLDM25SEP26171000CE, symboltoken: 578874
    226. exchange: MCX, tradingsymbol: GOLDM25SEP26171000PE, symboltoken: 578974
    227. exchange: MCX, tradingsymbol: GOLDM25SEP26171500CE, symboltoken: 578875
    228. exchange: MCX, tradingsymbol: GOLDM25SEP26171500PE, symboltoken: 578975
    229. exchange: MCX, tradingsymbol: GOLDM25SEP26172000CE, symboltoken: 578876
    230. exchange: MCX, tradingsymbol: GOLDM25SEP26172000PE, symboltoken: 578976
    231. exchange: MCX, tradingsymbol: GOLDM25SEP26172500CE, symboltoken: 578877
    232. exchange: MCX, tradingsymbol: GOLDM25SEP26172500PE, symboltoken: 578977
    233. exchange: MCX, tradingsymbol: GOLDM25SEP26173000CE, symboltoken: 578878
    234. exchange: MCX, tradingsymbol: GOLDM25SEP26173000PE, symboltoken: 578978
    235. exchange: MCX, tradingsymbol: GOLDM25SEP26173500CE, symboltoken: 578879
    236. exchange: MCX, tradingsymbol: GOLDM25SEP26173500PE, symboltoken: 578979
    237. exchange: MCX, tradingsymbol: GOLDM25SEP26174000CE, symboltoken: 578880
    238. exchange: MCX, tradingsymbol: GOLDM25SEP26174000PE, symboltoken: 578980
    239. exchange: MCX, tradingsymbol: GOLDM25SEP26174500CE, symboltoken: 578881
    240. exchange: MCX, tradingsymbol: GOLDM25SEP26174500PE, symboltoken: 578981
    241. exchange: MCX, tradingsymbol: GOLDM25SEP26175000CE, symboltoken: 578882
    242. exchange: MCX, tradingsymbol: GOLDM25SEP26175000PE, symboltoken: 578982
    243. exchange: MCX, tradingsymbol: GOLDM25SEP26175500CE, symboltoken: 578883
    244. exchange: MCX, tradingsymbol: GOLDM25SEP26175500PE, symboltoken: 578983
    245. exchange: MCX, tradingsymbol: GOLDM25SEP26176000CE, symboltoken: 582139
    246. exchange: MCX, tradingsymbol: GOLDM25SEP26176000PE, symboltoken: 582147
    247. exchange: MCX, tradingsymbol: GOLDM25SEP26176500CE, symboltoken: 582140
    248. exchange: MCX, tradingsymbol: GOLDM25SEP26176500PE, symboltoken: 582148
    249. exchange: MCX, tradingsymbol: GOLDM25SEP26177000CE, symboltoken: 582225
    250. exchange: MCX, tradingsymbol: GOLDM25SEP26177000PE, symboltoken: 582231
    251. exchange: MCX, tradingsymbol: GOLDM25SEP26177500CE, symboltoken: 582226
    252. exchange: MCX, tradingsymbol: GOLDM25SEP26177500PE, symboltoken: 582232
    253. exchange: MCX, tradingsymbol: GOLDM25SEP26178000CE, symboltoken: 582227
    254. exchange: MCX, tradingsymbol: GOLDM25SEP26178000PE, symboltoken: 582233
    255. exchange: MCX, tradingsymbol: GOLDM25SEP26178500CE, symboltoken: 582305
    256. exchange: MCX, tradingsymbol: GOLDM25SEP26178500PE, symboltoken: 582307
    257. exchange: MCX, tradingsymbol: GOLDM25SEP26179000CE, symboltoken: 582317
    258. exchange: MCX, tradingsymbol: GOLDM25SEP26179000PE, symboltoken: 582323
    259. exchange: MCX, tradingsymbol: GOLDM25SEP26179500CE, symboltoken: 582318
    260. exchange: MCX, tradingsymbol: GOLDM25SEP26179500PE, symboltoken: 582324
    261. exchange: MCX, tradingsymbol: GOLDM25SEP26180000CE, symboltoken: 582319
    262. exchange: MCX, tradingsymbol: GOLDM25SEP26180000PE, symboltoken: 582325
    263. exchange: MCX, tradingsymbol: GOLDM28AUG26116000CE, symboltoken: 580158
    264. exchange: MCX, tradingsymbol: GOLDM28AUG26116000PE, symboltoken: 580162
    265. exchange: MCX, tradingsymbol: GOLDM28AUG26116500CE, symboltoken: 579241
    266. exchange: MCX, tradingsymbol: GOLDM28AUG26116500PE, symboltoken: 579252
    267. exchange: MCX, tradingsymbol: GOLDM28AUG26117000CE, symboltoken: 579240
    268. exchange: MCX, tradingsymbol: GOLDM28AUG26117000PE, symboltoken: 579251
    269. exchange: MCX, tradingsymbol: GOLDM28AUG26117500CE, symboltoken: 579239
    270. exchange: MCX, tradingsymbol: GOLDM28AUG26117500PE, symboltoken: 579250
    271. exchange: MCX, tradingsymbol: GOLDM28AUG26118000CE, symboltoken: 577377
    272. exchange: MCX, tradingsymbol: GOLDM28AUG26118000PE, symboltoken: 577408
    273. exchange: MCX, tradingsymbol: GOLDM28AUG26118500CE, symboltoken: 577376
    274. exchange: MCX, tradingsymbol: GOLDM28AUG26118500PE, symboltoken: 577407
    275. exchange: MCX, tradingsymbol: GOLDM28AUG26119000CE, symboltoken: 577375
    276. exchange: MCX, tradingsymbol: GOLDM28AUG26119000PE, symboltoken: 577406
    277. exchange: MCX, tradingsymbol: GOLDM28AUG26119500CE, symboltoken: 577374
    278. exchange: MCX, tradingsymbol: GOLDM28AUG26119500PE, symboltoken: 577405
    279. exchange: MCX, tradingsymbol: GOLDM28AUG26120000CE, symboltoken: 577373
    280. exchange: MCX, tradingsymbol: GOLDM28AUG26120000PE, symboltoken: 577404
    281. exchange: MCX, tradingsymbol: GOLDM28AUG26120500CE, symboltoken: 577372
    282. exchange: MCX, tradingsymbol: GOLDM28AUG26120500PE, symboltoken: 577403
    283. exchange: MCX, tradingsymbol: GOLDM28AUG26121000CE, symboltoken: 577371
    284. exchange: MCX, tradingsymbol: GOLDM28AUG26121000PE, symboltoken: 577402
    285. exchange: MCX, tradingsymbol: GOLDM28AUG26121500CE, symboltoken: 577370
    286. exchange: MCX, tradingsymbol: GOLDM28AUG26121500PE, symboltoken: 577401
    287. exchange: MCX, tradingsymbol: GOLDM28AUG26122000CE, symboltoken: 577369
    288. exchange: MCX, tradingsymbol: GOLDM28AUG26122000PE, symboltoken: 577400
    289. exchange: MCX, tradingsymbol: GOLDM28AUG26122500CE, symboltoken: 577368
    290. exchange: MCX, tradingsymbol: GOLDM28AUG26122500PE, symboltoken: 577399
    291. exchange: MCX, tradingsymbol: GOLDM28AUG26123000CE, symboltoken: 577367
    292. exchange: MCX, tradingsymbol: GOLDM28AUG26123000PE, symboltoken: 577398
    293. exchange: MCX, tradingsymbol: GOLDM28AUG26123500CE, symboltoken: 576957
    294. exchange: MCX, tradingsymbol: GOLDM28AUG26123500PE, symboltoken: 576960
    295. exchange: MCX, tradingsymbol: GOLDM28AUG26124000CE, symboltoken: 576901
    296. exchange: MCX, tradingsymbol: GOLDM28AUG26124000PE, symboltoken: 576908
    297. exchange: MCX, tradingsymbol: GOLDM28AUG26124500CE, symboltoken: 576900
    298. exchange: MCX, tradingsymbol: GOLDM28AUG26124500PE, symboltoken: 576907
    299. exchange: MCX, tradingsymbol: GOLDM28AUG26125000CE, symboltoken: 575569
    300. exchange: MCX, tradingsymbol: GOLDM28AUG26125000PE, symboltoken: 575595
    301. exchange: MCX, tradingsymbol: GOLDM28AUG26125500CE, symboltoken: 575568
    302. exchange: MCX, tradingsymbol: GOLDM28AUG26125500PE, symboltoken: 575594
    303. exchange: MCX, tradingsymbol: GOLDM28AUG26126000CE, symboltoken: 575567
    304. exchange: MCX, tradingsymbol: GOLDM28AUG26126000PE, symboltoken: 575593
    305. exchange: MCX, tradingsymbol: GOLDM28AUG26126500CE, symboltoken: 575566
    306. exchange: MCX, tradingsymbol: GOLDM28AUG26126500PE, symboltoken: 575592
    307. exchange: MCX, tradingsymbol: GOLDM28AUG26127000CE, symboltoken: 575565
    308. exchange: MCX, tradingsymbol: GOLDM28AUG26127000PE, symboltoken: 575591
    309. exchange: MCX, tradingsymbol: GOLDM28AUG26127500CE, symboltoken: 575564
    310. exchange: MCX, tradingsymbol: GOLDM28AUG26127500PE, symboltoken: 575590
    311. exchange: MCX, tradingsymbol: GOLDM28AUG26128000CE, symboltoken: 575563
    312. exchange: MCX, tradingsymbol: GOLDM28AUG26128000PE, symboltoken: 575589
    313. exchange: MCX, tradingsymbol: GOLDM28AUG26128500CE, symboltoken: 575562
    314. exchange: MCX, tradingsymbol: GOLDM28AUG26128500PE, symboltoken: 575588
    315. exchange: MCX, tradingsymbol: GOLDM28AUG26129000CE, symboltoken: 575561
    316. exchange: MCX, tradingsymbol: GOLDM28AUG26129000PE, symboltoken: 575587
    317. exchange: MCX, tradingsymbol: GOLDM28AUG26129500CE, symboltoken: 575408
    318. exchange: MCX, tradingsymbol: GOLDM28AUG26129500PE, symboltoken: 575413
    319. exchange: MCX, tradingsymbol: GOLDM28AUG26130000CE, symboltoken: 575407
    320. exchange: MCX, tradingsymbol: GOLDM28AUG26130000PE, symboltoken: 575412
    321. exchange: MCX, tradingsymbol: GOLDM28AUG26130500CE, symboltoken: 575406
    322. exchange: MCX, tradingsymbol: GOLDM28AUG26130500PE, symboltoken: 575411
    323. exchange: MCX, tradingsymbol: GOLDM28AUG26131000CE, symboltoken: 575405
    324. exchange: MCX, tradingsymbol: GOLDM28AUG26131000PE, symboltoken: 575410
    325. exchange: MCX, tradingsymbol: GOLDM28AUG26131500CE, symboltoken: 575360
    326. exchange: MCX, tradingsymbol: GOLDM28AUG26131500PE, symboltoken: 575361
    327. exchange: MCX, tradingsymbol: GOLDM28AUG26132000CE, symboltoken: 575066
    328. exchange: MCX, tradingsymbol: GOLDM28AUG26132000PE, symboltoken: 575166
    329. exchange: MCX, tradingsymbol: GOLDM28AUG26132500CE, symboltoken: 575065
    330. exchange: MCX, tradingsymbol: GOLDM28AUG26132500PE, symboltoken: 575165
    331. exchange: MCX, tradingsymbol: GOLDM28AUG26133000CE, symboltoken: 575064
    332. exchange: MCX, tradingsymbol: GOLDM28AUG26133000PE, symboltoken: 575164
    333. exchange: MCX, tradingsymbol: GOLDM28AUG26133500CE, symboltoken: 575063
    334. exchange: MCX, tradingsymbol: GOLDM28AUG26133500PE, symboltoken: 575163
    335. exchange: MCX, tradingsymbol: GOLDM28AUG26134000CE, symboltoken: 575062
    336. exchange: MCX, tradingsymbol: GOLDM28AUG26134000PE, symboltoken: 575162
    337. exchange: MCX, tradingsymbol: GOLDM28AUG26134500CE, symboltoken: 575061
    338. exchange: MCX, tradingsymbol: GOLDM28AUG26134500PE, symboltoken: 575161
    339. exchange: MCX, tradingsymbol: GOLDM28AUG26135000CE, symboltoken: 575060
    340. exchange: MCX, tradingsymbol: GOLDM28AUG26135000PE, symboltoken: 575160
    341. exchange: MCX, tradingsymbol: GOLDM28AUG26135500CE, symboltoken: 575059
    342. exchange: MCX, tradingsymbol: GOLDM28AUG26135500PE, symboltoken: 575159
    343. exchange: MCX, tradingsymbol: GOLDM28AUG26136000CE, symboltoken: 575058
    344. exchange: MCX, tradingsymbol: GOLDM28AUG26136000PE, symboltoken: 575158
    345. exchange: MCX, tradingsymbol: GOLDM28AUG26136500CE, symboltoken: 575057
    346. exchange: MCX, tradingsymbol: GOLDM28AUG26136500PE, symboltoken: 575157
    347. exchange: MCX, tradingsymbol: GOLDM28AUG26137000CE, symboltoken: 575056
    348. exchange: MCX, tradingsymbol: GOLDM28AUG26137000PE, symboltoken: 575156
    349. exchange: MCX, tradingsymbol: GOLDM28AUG26137500CE, symboltoken: 575055
    350. exchange: MCX, tradingsymbol: GOLDM28AUG26137500PE, symboltoken: 575155
    351. exchange: MCX, tradingsymbol: GOLDM28AUG26138000CE, symboltoken: 575054
    352. exchange: MCX, tradingsymbol: GOLDM28AUG26138000PE, symboltoken: 575154
    353. exchange: MCX, tradingsymbol: GOLDM28AUG26138500CE, symboltoken: 575053
    354. exchange: MCX, tradingsymbol: GOLDM28AUG26138500PE, symboltoken: 575153
    355. exchange: MCX, tradingsymbol: GOLDM28AUG26139000CE, symboltoken: 575052
    356. exchange: MCX, tradingsymbol: GOLDM28AUG26139000PE, symboltoken: 575152
    357. exchange: MCX, tradingsymbol: GOLDM28AUG26139500CE, symboltoken: 575051
    358. exchange: MCX, tradingsymbol: GOLDM28AUG26139500PE, symboltoken: 575151
    359. exchange: MCX, tradingsymbol: GOLDM28AUG26140000CE, symboltoken: 575050
    360. exchange: MCX, tradingsymbol: GOLDM28AUG26140000PE, symboltoken: 575150
    361. exchange: MCX, tradingsymbol: GOLDM28AUG26140500CE, symboltoken: 575049
    362. exchange: MCX, tradingsymbol: GOLDM28AUG26140500PE, symboltoken: 575149
    363. exchange: MCX, tradingsymbol: GOLDM28AUG26141000CE, symboltoken: 575048
    364. exchange: MCX, tradingsymbol: GOLDM28AUG26141000PE, symboltoken: 575148
    365. exchange: MCX, tradingsymbol: GOLDM28AUG26141500CE, symboltoken: 575047
    366. exchange: MCX, tradingsymbol: GOLDM28AUG26141500PE, symboltoken: 575147
    367. exchange: MCX, tradingsymbol: GOLDM28AUG26142000CE, symboltoken: 575046
    368. exchange: MCX, tradingsymbol: GOLDM28AUG26142000PE, symboltoken: 575146
    369. exchange: MCX, tradingsymbol: GOLDM28AUG26142500CE, symboltoken: 575045
    370. exchange: MCX, tradingsymbol: GOLDM28AUG26142500PE, symboltoken: 575145
    371. exchange: MCX, tradingsymbol: GOLDM28AUG26143000CE, symboltoken: 575044
    372. exchange: MCX, tradingsymbol: GOLDM28AUG26143000PE, symboltoken: 575144
    373. exchange: MCX, tradingsymbol: GOLDM28AUG26143500CE, symboltoken: 575043
    374. exchange: MCX, tradingsymbol: GOLDM28AUG26143500PE, symboltoken: 575143
    375. exchange: MCX, tradingsymbol: GOLDM28AUG26144000CE, symboltoken: 575042
    376. exchange: MCX, tradingsymbol: GOLDM28AUG26144000PE, symboltoken: 575142
    377. exchange: MCX, tradingsymbol: GOLDM28AUG26144500CE, symboltoken: 575041
    378. exchange: MCX, tradingsymbol: GOLDM28AUG26144500PE, symboltoken: 575141
    379. exchange: MCX, tradingsymbol: GOLDM28AUG26145000CE, symboltoken: 575040
    380. exchange: MCX, tradingsymbol: GOLDM28AUG26145000PE, symboltoken: 575140
    381. exchange: MCX, tradingsymbol: GOLDM28AUG26145500CE, symboltoken: 575039
    382. exchange: MCX, tradingsymbol: GOLDM28AUG26145500PE, symboltoken: 575139
    383. exchange: MCX, tradingsymbol: GOLDM28AUG26146000CE, symboltoken: 575038
    384. exchange: MCX, tradingsymbol: GOLDM28AUG26146000PE, symboltoken: 575138
    385. exchange: MCX, tradingsymbol: GOLDM28AUG26146500CE, symboltoken: 575037
    386. exchange: MCX, tradingsymbol: GOLDM28AUG26146500PE, symboltoken: 575137
    387. exchange: MCX, tradingsymbol: GOLDM28AUG26147000CE, symboltoken: 575036
    388. exchange: MCX, tradingsymbol: GOLDM28AUG26147000PE, symboltoken: 575136
    389. exchange: MCX, tradingsymbol: GOLDM28AUG26147500CE, symboltoken: 575035
    390. exchange: MCX, tradingsymbol: GOLDM28AUG26147500PE, symboltoken: 575135
    391. exchange: MCX, tradingsymbol: GOLDM28AUG26148000CE, symboltoken: 575034
    392. exchange: MCX, tradingsymbol: GOLDM28AUG26148000PE, symboltoken: 575134
    393. exchange: MCX, tradingsymbol: GOLDM28AUG26148500CE, symboltoken: 575033
    394. exchange: MCX, tradingsymbol: GOLDM28AUG26148500PE, symboltoken: 575133
    395. exchange: MCX, tradingsymbol: GOLDM28AUG26149000CE, symboltoken: 575032
    396. exchange: MCX, tradingsymbol: GOLDM28AUG26149000PE, symboltoken: 575132
    397. exchange: MCX, tradingsymbol: GOLDM28AUG26149500CE, symboltoken: 575031
    398. exchange: MCX, tradingsymbol: GOLDM28AUG26149500PE, symboltoken: 575131
    399. exchange: MCX, tradingsymbol: GOLDM28AUG26150000CE, symboltoken: 575030
    400. exchange: MCX, tradingsymbol: GOLDM28AUG26150000PE, symboltoken: 575130
    401. exchange: MCX, tradingsymbol: GOLDM28AUG26150500CE, symboltoken: 575029
    402. exchange: MCX, tradingsymbol: GOLDM28AUG26150500PE, symboltoken: 575129
    403. exchange: MCX, tradingsymbol: GOLDM28AUG26151000CE, symboltoken: 575028
    404. exchange: MCX, tradingsymbol: GOLDM28AUG26151000PE, symboltoken: 575128
    405. exchange: MCX, tradingsymbol: GOLDM28AUG26151500CE, symboltoken: 575027
    406. exchange: MCX, tradingsymbol: GOLDM28AUG26151500PE, symboltoken: 575127
    407. exchange: MCX, tradingsymbol: GOLDM28AUG26152000CE, symboltoken: 575026
    408. exchange: MCX, tradingsymbol: GOLDM28AUG26152000PE, symboltoken: 575126
    409. exchange: MCX, tradingsymbol: GOLDM28AUG26152500CE, symboltoken: 575025
    410. exchange: MCX, tradingsymbol: GOLDM28AUG26152500PE, symboltoken: 575125
    411. exchange: MCX, tradingsymbol: GOLDM28AUG26153000CE, symboltoken: 575024
    412. exchange: MCX, tradingsymbol: GOLDM28AUG26153000PE, symboltoken: 575124
    413. exchange: MCX, tradingsymbol: GOLDM28AUG26153500CE, symboltoken: 575023
    414. exchange: MCX, tradingsymbol: GOLDM28AUG26153500PE, symboltoken: 575123
    415. exchange: MCX, tradingsymbol: GOLDM28AUG26154000CE, symboltoken: 575022
    416. exchange: MCX, tradingsymbol: GOLDM28AUG26154000PE, symboltoken: 575122
    417. exchange: MCX, tradingsymbol: GOLDM28AUG26154500CE, symboltoken: 575021
    418. exchange: MCX, tradingsymbol: GOLDM28AUG26154500PE, symboltoken: 575121
    419. exchange: MCX, tradingsymbol: GOLDM28AUG26155000CE, symboltoken: 575020
    420. exchange: MCX, tradingsymbol: GOLDM28AUG26155000PE, symboltoken: 575120
    421. exchange: MCX, tradingsymbol: GOLDM28AUG26155500CE, symboltoken: 575019
    422. exchange: MCX, tradingsymbol: GOLDM28AUG26155500PE, symboltoken: 575119
    423. exchange: MCX, tradingsymbol: GOLDM28AUG26156000CE, symboltoken: 575018
    424. exchange: MCX, tradingsymbol: GOLDM28AUG26156000PE, symboltoken: 575118
    425. exchange: MCX, tradingsymbol: GOLDM28AUG26156500CE, symboltoken: 575012
    426. exchange: MCX, tradingsymbol: GOLDM28AUG26156500PE, symboltoken: 575013
    427. exchange: MCX, tradingsymbol: GOLDM28AUG26157000CE, symboltoken: 575067
    428. exchange: MCX, tradingsymbol: GOLDM28AUG26157000PE, symboltoken: 575167
    429. exchange: MCX, tradingsymbol: GOLDM28AUG26157500CE, symboltoken: 575068
    430. exchange: MCX, tradingsymbol: GOLDM28AUG26157500PE, symboltoken: 575168
    431. exchange: MCX, tradingsymbol: GOLDM28AUG26158000CE, symboltoken: 575069
    432. exchange: MCX, tradingsymbol: GOLDM28AUG26158000PE, symboltoken: 575169
    433. exchange: MCX, tradingsymbol: GOLDM28AUG26158500CE, symboltoken: 575070
    434. exchange: MCX, tradingsymbol: GOLDM28AUG26158500PE, symboltoken: 575170
    435. exchange: MCX, tradingsymbol: GOLDM28AUG26159000CE, symboltoken: 575071
    436. exchange: MCX, tradingsymbol: GOLDM28AUG26159000PE, symboltoken: 575171
    437. exchange: MCX, tradingsymbol: GOLDM28AUG26159500CE, symboltoken: 575072
    438. exchange: MCX, tradingsymbol: GOLDM28AUG26159500PE, symboltoken: 575172
    439. exchange: MCX, tradingsymbol: GOLDM28AUG26160000CE, symboltoken: 575073
    440. exchange: MCX, tradingsymbol: GOLDM28AUG26160000PE, symboltoken: 575173
    441. exchange: MCX, tradingsymbol: GOLDM28AUG26160500CE, symboltoken: 575074
    442. exchange: MCX, tradingsymbol: GOLDM28AUG26160500PE, symboltoken: 575174
    443. exchange: MCX, tradingsymbol: GOLDM28AUG26161000CE, symboltoken: 575075
    444. exchange: MCX, tradingsymbol: GOLDM28AUG26161000PE, symboltoken: 575175
    445. exchange: MCX, tradingsymbol: GOLDM28AUG26161500CE, symboltoken: 575076
    446. exchange: MCX, tradingsymbol: GOLDM28AUG26161500PE, symboltoken: 575176
    447. exchange: MCX, tradingsymbol: GOLDM28AUG26162000CE, symboltoken: 575077
    448. exchange: MCX, tradingsymbol: GOLDM28AUG26162000PE, symboltoken: 575177
    449. exchange: MCX, tradingsymbol: GOLDM28AUG26162500CE, symboltoken: 575078
    450. exchange: MCX, tradingsymbol: GOLDM28AUG26162500PE, symboltoken: 575178
    451. exchange: MCX, tradingsymbol: GOLDM28AUG26163000CE, symboltoken: 575079
    452. exchange: MCX, tradingsymbol: GOLDM28AUG26163000PE, symboltoken: 575179
    453. exchange: MCX, tradingsymbol: GOLDM28AUG26163500CE, symboltoken: 575080
    454. exchange: MCX, tradingsymbol: GOLDM28AUG26163500PE, symboltoken: 575180
    455. exchange: MCX, tradingsymbol: GOLDM28AUG26164000CE, symboltoken: 575081
    456. exchange: MCX, tradingsymbol: GOLDM28AUG26164000PE, symboltoken: 575181
    457. exchange: MCX, tradingsymbol: GOLDM28AUG26164500CE, symboltoken: 575082
    458. exchange: MCX, tradingsymbol: GOLDM28AUG26164500PE, symboltoken: 575182
    459. exchange: MCX, tradingsymbol: GOLDM28AUG26165000CE, symboltoken: 575083
    460. exchange: MCX, tradingsymbol: GOLDM28AUG26165000PE, symboltoken: 575183
    461. exchange: MCX, tradingsymbol: GOLDM28AUG26165500CE, symboltoken: 575084
    462. exchange: MCX, tradingsymbol: GOLDM28AUG26165500PE, symboltoken: 575184
    463. exchange: MCX, tradingsymbol: GOLDM28AUG26166000CE, symboltoken: 575085
    464. exchange: MCX, tradingsymbol: GOLDM28AUG26166000PE, symboltoken: 575185
    465. exchange: MCX, tradingsymbol: GOLDM28AUG26166500CE, symboltoken: 575086
    466. exchange: MCX, tradingsymbol: GOLDM28AUG26166500PE, symboltoken: 575186
    467. exchange: MCX, tradingsymbol: GOLDM28AUG26167000CE, symboltoken: 575087
    468. exchange: MCX, tradingsymbol: GOLDM28AUG26167000PE, symboltoken: 575187
    469. exchange: MCX, tradingsymbol: GOLDM28AUG26167500CE, symboltoken: 575088
    470. exchange: MCX, tradingsymbol: GOLDM28AUG26167500PE, symboltoken: 575188
    471. exchange: MCX, tradingsymbol: GOLDM28AUG26168000CE, symboltoken: 575089
    472. exchange: MCX, tradingsymbol: GOLDM28AUG26168000PE, symboltoken: 575189
    473. exchange: MCX, tradingsymbol: GOLDM28AUG26168500CE, symboltoken: 575090
    474. exchange: MCX, tradingsymbol: GOLDM28AUG26168500PE, symboltoken: 575190
    475. exchange: MCX, tradingsymbol: GOLDM28AUG26169000CE, symboltoken: 575091
    476. exchange: MCX, tradingsymbol: GOLDM28AUG26169000PE, symboltoken: 575191
    477. exchange: MCX, tradingsymbol: GOLDM28AUG26169500CE, symboltoken: 575092
    478. exchange: MCX, tradingsymbol: GOLDM28AUG26169500PE, symboltoken: 575192
    479. exchange: MCX, tradingsymbol: GOLDM28AUG26170000CE, symboltoken: 575093
    480. exchange: MCX, tradingsymbol: GOLDM28AUG26170000PE, symboltoken: 575193
    481. exchange: MCX, tradingsymbol: GOLDM28AUG26170500CE, symboltoken: 575094
    482. exchange: MCX, tradingsymbol: GOLDM28AUG26170500PE, symboltoken: 575194
    483. exchange: MCX, tradingsymbol: GOLDM28AUG26171000CE, symboltoken: 575095
    484. exchange: MCX, tradingsymbol: GOLDM28AUG26171000PE, symboltoken: 575195
    485. exchange: MCX, tradingsymbol: GOLDM28AUG26171500CE, symboltoken: 575096
    486. exchange: MCX, tradingsymbol: GOLDM28AUG26171500PE, symboltoken: 575196
    487. exchange: MCX, tradingsymbol: GOLDM28AUG26172000CE, symboltoken: 575097
    488. exchange: MCX, tradingsymbol: GOLDM28AUG26172000PE, symboltoken: 575197
    489. exchange: MCX, tradingsymbol: GOLDM28AUG26172500CE, symboltoken: 575098
    490. exchange: MCX, tradingsymbol: GOLDM28AUG26172500PE, symboltoken: 575198
    491. exchange: MCX, tradingsymbol: GOLDM28AUG26173000CE, symboltoken: 575099
    492. exchange: MCX, tradingsymbol: GOLDM28AUG26173000PE, symboltoken: 575199
    493. exchange: MCX, tradingsymbol: GOLDM28AUG26173500CE, symboltoken: 575100
    494. exchange: MCX, tradingsymbol: GOLDM28AUG26173500PE, symboltoken: 575200
    495. exchange: MCX, tradingsymbol: GOLDM28AUG26174000CE, symboltoken: 575101
    496. exchange: MCX, tradingsymbol: GOLDM28AUG26174000PE, symboltoken: 575201
    497. exchange: MCX, tradingsymbol: GOLDM28AUG26174500CE, symboltoken: 575102
    498. exchange: MCX, tradingsymbol: GOLDM28AUG26174500PE, symboltoken: 575202
    499. exchange: MCX, tradingsymbol: GOLDM28AUG26175000CE, symboltoken: 575103
    500. exchange: MCX, tradingsymbol: GOLDM28AUG26175000PE, symboltoken: 575203
    501. exchange: MCX, tradingsymbol: GOLDM28AUG26175500CE, symboltoken: 575104
    502. exchange: MCX, tradingsymbol: GOLDM28AUG26175500PE, symboltoken: 575204
    503. exchange: MCX, tradingsymbol: GOLDM28AUG26176000CE, symboltoken: 575105
    504. exchange: MCX, tradingsymbol: GOLDM28AUG26176000PE, symboltoken: 575205
    505. exchange: MCX, tradingsymbol: GOLDM28AUG26176500CE, symboltoken: 575106
    506. exchange: MCX, tradingsymbol: GOLDM28AUG26176500PE, symboltoken: 575206
    507. exchange: MCX, tradingsymbol: GOLDM28AUG26177000CE, symboltoken: 575107
    508. exchange: MCX, tradingsymbol: GOLDM28AUG26177000PE, symboltoken: 575207
    509. exchange: MCX, tradingsymbol: GOLDM28AUG26177500CE, symboltoken: 575108
    510. exchange: MCX, tradingsymbol: GOLDM28AUG26177500PE, symboltoken: 575208
    511. exchange: MCX, tradingsymbol: GOLDM28AUG26178000CE, symboltoken: 575109
    512. exchange: MCX, tradingsymbol: GOLDM28AUG26178000PE, symboltoken: 575209
    513. exchange: MCX, tradingsymbol: GOLDM28AUG26178500CE, symboltoken: 575110
    514. exchange: MCX, tradingsymbol: GOLDM28AUG26178500PE, symboltoken: 575210
    515. exchange: MCX, tradingsymbol: GOLDM28AUG26179000CE, symboltoken: 575111
    516. exchange: MCX, tradingsymbol: GOLDM28AUG26179000PE, symboltoken: 575211
    517. exchange: MCX, tradingsymbol: GOLDM28AUG26179500CE, symboltoken: 575112
    518. exchange: MCX, tradingsymbol: GOLDM28AUG26179500PE, symboltoken: 575212
    519. exchange: MCX, tradingsymbol: GOLDM28AUG26180000CE, symboltoken: 575113
    520. exchange: MCX, tradingsymbol: GOLDM28AUG26180000PE, symboltoken: 575213
    521. exchange: MCX, tradingsymbol: GOLDM28AUG26180500CE, symboltoken: 575114
    522. exchange: MCX, tradingsymbol: GOLDM28AUG26180500PE, symboltoken: 575214
    523. exchange: MCX, tradingsymbol: GOLDM28AUG26181000CE, symboltoken: 575115
    524. exchange: MCX, tradingsymbol: GOLDM28AUG26181000PE, symboltoken: 575215
    525. exchange: MCX, tradingsymbol: GOLDM28AUG26181500CE, symboltoken: 575116
    526. exchange: MCX, tradingsymbol: GOLDM28AUG26181500PE, symboltoken: 575216
    527. exchange: MCX, tradingsymbol: GOLDM28AUG26182000CE, symboltoken: 575117
    528. exchange: MCX, tradingsymbol: GOLDM28AUG26182000PE, symboltoken: 575217
    529. exchange: MCX, tradingsymbol: GOLDM29OCT26124000CE, symboltoken: 581936
    530. exchange: MCX, tradingsymbol: GOLDM29OCT26124000PE, symboltoken: 582036
    531. exchange: MCX, tradingsymbol: GOLDM29OCT26124500CE, symboltoken: 581935
    532. exchange: MCX, tradingsymbol: GOLDM29OCT26124500PE, symboltoken: 582035
    533. exchange: MCX, tradingsymbol: GOLDM29OCT26125000CE, symboltoken: 581934
    534. exchange: MCX, tradingsymbol: GOLDM29OCT26125000PE, symboltoken: 582034
    535. exchange: MCX, tradingsymbol: GOLDM29OCT26125500CE, symboltoken: 581933
    536. exchange: MCX, tradingsymbol: GOLDM29OCT26125500PE, symboltoken: 582033
    537. exchange: MCX, tradingsymbol: GOLDM29OCT26126000CE, symboltoken: 581932
    538. exchange: MCX, tradingsymbol: GOLDM29OCT26126000PE, symboltoken: 582032
    539. exchange: MCX, tradingsymbol: GOLDM29OCT26126500CE, symboltoken: 581931
    540. exchange: MCX, tradingsymbol: GOLDM29OCT26126500PE, symboltoken: 582031
    541. exchange: MCX, tradingsymbol: GOLDM29OCT26127000CE, symboltoken: 581930
    542. exchange: MCX, tradingsymbol: GOLDM29OCT26127000PE, symboltoken: 582030
    543. exchange: MCX, tradingsymbol: GOLDM29OCT26127500CE, symboltoken: 581929
    544. exchange: MCX, tradingsymbol: GOLDM29OCT26127500PE, symboltoken: 582029
    545. exchange: MCX, tradingsymbol: GOLDM29OCT26128000CE, symboltoken: 581928
    546. exchange: MCX, tradingsymbol: GOLDM29OCT26128000PE, symboltoken: 582028
    547. exchange: MCX, tradingsymbol: GOLDM29OCT26128500CE, symboltoken: 581927
    548. exchange: MCX, tradingsymbol: GOLDM29OCT26128500PE, symboltoken: 582027
    549. exchange: MCX, tradingsymbol: GOLDM29OCT26129000CE, symboltoken: 581926
    550. exchange: MCX, tradingsymbol: GOLDM29OCT26129000PE, symboltoken: 582026
    551. exchange: MCX, tradingsymbol: GOLDM29OCT26129500CE, symboltoken: 581925
    552. exchange: MCX, tradingsymbol: GOLDM29OCT26129500PE, symboltoken: 582025
    553. exchange: MCX, tradingsymbol: GOLDM29OCT26130000CE, symboltoken: 581924
    554. exchange: MCX, tradingsymbol: GOLDM29OCT26130000PE, symboltoken: 582024
    555. exchange: MCX, tradingsymbol: GOLDM29OCT26130500CE, symboltoken: 581923
    556. exchange: MCX, tradingsymbol: GOLDM29OCT26130500PE, symboltoken: 582023
    557. exchange: MCX, tradingsymbol: GOLDM29OCT26131000CE, symboltoken: 581922
    558. exchange: MCX, tradingsymbol: GOLDM29OCT26131000PE, symboltoken: 582022
    559. exchange: MCX, tradingsymbol: GOLDM29OCT26131500CE, symboltoken: 581921
    560. exchange: MCX, tradingsymbol: GOLDM29OCT26131500PE, symboltoken: 582021
    561. exchange: MCX, tradingsymbol: GOLDM29OCT26132000CE, symboltoken: 581920
    562. exchange: MCX, tradingsymbol: GOLDM29OCT26132000PE, symboltoken: 582020
    563. exchange: MCX, tradingsymbol: GOLDM29OCT26132500CE, symboltoken: 581919
    564. exchange: MCX, tradingsymbol: GOLDM29OCT26132500PE, symboltoken: 582019
    565. exchange: MCX, tradingsymbol: GOLDM29OCT26133000CE, symboltoken: 581918
    566. exchange: MCX, tradingsymbol: GOLDM29OCT26133000PE, symboltoken: 582018
    567. exchange: MCX, tradingsymbol: GOLDM29OCT26133500CE, symboltoken: 581917
    568. exchange: MCX, tradingsymbol: GOLDM29OCT26133500PE, symboltoken: 582017
    569. exchange: MCX, tradingsymbol: GOLDM29OCT26134000CE, symboltoken: 581916
    570. exchange: MCX, tradingsymbol: GOLDM29OCT26134000PE, symboltoken: 582016
    571. exchange: MCX, tradingsymbol: GOLDM29OCT26134500CE, symboltoken: 581915
    572. exchange: MCX, tradingsymbol: GOLDM29OCT26134500PE, symboltoken: 582015
    573. exchange: MCX, tradingsymbol: GOLDM29OCT26135000CE, symboltoken: 581914
    574. exchange: MCX, tradingsymbol: GOLDM29OCT26135000PE, symboltoken: 582014
    575. exchange: MCX, tradingsymbol: GOLDM29OCT26135500CE, symboltoken: 581913
    576. exchange: MCX, tradingsymbol: GOLDM29OCT26135500PE, symboltoken: 582013
    577. exchange: MCX, tradingsymbol: GOLDM29OCT26136000CE, symboltoken: 581912
    578. exchange: MCX, tradingsymbol: GOLDM29OCT26136000PE, symboltoken: 582012
    579. exchange: MCX, tradingsymbol: GOLDM29OCT26136500CE, symboltoken: 581911
    580. exchange: MCX, tradingsymbol: GOLDM29OCT26136500PE, symboltoken: 582011
    581. exchange: MCX, tradingsymbol: GOLDM29OCT26137000CE, symboltoken: 581910
    582. exchange: MCX, tradingsymbol: GOLDM29OCT26137000PE, symboltoken: 582010
    583. exchange: MCX, tradingsymbol: GOLDM29OCT26137500CE, symboltoken: 581909
    584. exchange: MCX, tradingsymbol: GOLDM29OCT26137500PE, symboltoken: 582009
    585. exchange: MCX, tradingsymbol: GOLDM29OCT26138000CE, symboltoken: 581908
    586. exchange: MCX, tradingsymbol: GOLDM29OCT26138000PE, symboltoken: 582008
    587. exchange: MCX, tradingsymbol: GOLDM29OCT26138500CE, symboltoken: 581907
    588. exchange: MCX, tradingsymbol: GOLDM29OCT26138500PE, symboltoken: 582007
    589. exchange: MCX, tradingsymbol: GOLDM29OCT26139000CE, symboltoken: 581906
    590. exchange: MCX, tradingsymbol: GOLDM29OCT26139000PE, symboltoken: 582006
    591. exchange: MCX, tradingsymbol: GOLDM29OCT26139500CE, symboltoken: 581905
    592. exchange: MCX, tradingsymbol: GOLDM29OCT26139500PE, symboltoken: 582005
    593. exchange: MCX, tradingsymbol: GOLDM29OCT26140000CE, symboltoken: 581904
    594. exchange: MCX, tradingsymbol: GOLDM29OCT26140000PE, symboltoken: 582004
    595. exchange: MCX, tradingsymbol: GOLDM29OCT26140500CE, symboltoken: 581903
    596. exchange: MCX, tradingsymbol: GOLDM29OCT26140500PE, symboltoken: 582003
    597. exchange: MCX, tradingsymbol: GOLDM29OCT26141000CE, symboltoken: 581902
    598. exchange: MCX, tradingsymbol: GOLDM29OCT26141000PE, symboltoken: 582002
    599. exchange: MCX, tradingsymbol: GOLDM29OCT26141500CE, symboltoken: 581901
    600. exchange: MCX, tradingsymbol: GOLDM29OCT26141500PE, symboltoken: 582001
    601. exchange: MCX, tradingsymbol: GOLDM29OCT26142000CE, symboltoken: 581900
    602. exchange: MCX, tradingsymbol: GOLDM29OCT26142000PE, symboltoken: 582000
    603. exchange: MCX, tradingsymbol: GOLDM29OCT26142500CE, symboltoken: 581899
    604. exchange: MCX, tradingsymbol: GOLDM29OCT26142500PE, symboltoken: 581999
    605. exchange: MCX, tradingsymbol: GOLDM29OCT26143000CE, symboltoken: 581898
    606. exchange: MCX, tradingsymbol: GOLDM29OCT26143000PE, symboltoken: 581998
    607. exchange: MCX, tradingsymbol: GOLDM29OCT26143500CE, symboltoken: 581897
    608. exchange: MCX, tradingsymbol: GOLDM29OCT26143500PE, symboltoken: 581997
    609. exchange: MCX, tradingsymbol: GOLDM29OCT26144000CE, symboltoken: 581896
    610. exchange: MCX, tradingsymbol: GOLDM29OCT26144000PE, symboltoken: 581996
    611. exchange: MCX, tradingsymbol: GOLDM29OCT26144500CE, symboltoken: 581895
    612. exchange: MCX, tradingsymbol: GOLDM29OCT26144500PE, symboltoken: 581995
    613. exchange: MCX, tradingsymbol: GOLDM29OCT26145000CE, symboltoken: 581894
    614. exchange: MCX, tradingsymbol: GOLDM29OCT26145000PE, symboltoken: 581994
    615. exchange: MCX, tradingsymbol: GOLDM29OCT26145500CE, symboltoken: 581893
    616. exchange: MCX, tradingsymbol: GOLDM29OCT26145500PE, symboltoken: 581993
    617. exchange: MCX, tradingsymbol: GOLDM29OCT26146000CE, symboltoken: 581892
    618. exchange: MCX, tradingsymbol: GOLDM29OCT26146000PE, symboltoken: 581992
    619. exchange: MCX, tradingsymbol: GOLDM29OCT26146500CE, symboltoken: 581891
    620. exchange: MCX, tradingsymbol: GOLDM29OCT26146500PE, symboltoken: 581991
    621. exchange: MCX, tradingsymbol: GOLDM29OCT26147000CE, symboltoken: 581890
    622. exchange: MCX, tradingsymbol: GOLDM29OCT26147000PE, symboltoken: 581990
    623. exchange: MCX, tradingsymbol: GOLDM29OCT26147500CE, symboltoken: 581889
    624. exchange: MCX, tradingsymbol: GOLDM29OCT26147500PE, symboltoken: 581989
    625. exchange: MCX, tradingsymbol: GOLDM29OCT26148000CE, symboltoken: 581888
    626. exchange: MCX, tradingsymbol: GOLDM29OCT26148000PE, symboltoken: 581988
    627. exchange: MCX, tradingsymbol: GOLDM29OCT26148500CE, symboltoken: 581887
    628. exchange: MCX, tradingsymbol: GOLDM29OCT26148500PE, symboltoken: 581987
    629. exchange: MCX, tradingsymbol: GOLDM29OCT26149000CE, symboltoken: 581937
    630. exchange: MCX, tradingsymbol: GOLDM29OCT26149000PE, symboltoken: 582037
    631. exchange: MCX, tradingsymbol: GOLDM29OCT26149500CE, symboltoken: 581881
    632. exchange: MCX, tradingsymbol: GOLDM29OCT26149500PE, symboltoken: 581882
    633. exchange: MCX, tradingsymbol: GOLDM29OCT26150000CE, symboltoken: 581938
    634. exchange: MCX, tradingsymbol: GOLDM29OCT26150000PE, symboltoken: 582038
    635. exchange: MCX, tradingsymbol: GOLDM29OCT26150500CE, symboltoken: 581939
    636. exchange: MCX, tradingsymbol: GOLDM29OCT26150500PE, symboltoken: 582039
    637. exchange: MCX, tradingsymbol: GOLDM29OCT26151000CE, symboltoken: 581940
    638. exchange: MCX, tradingsymbol: GOLDM29OCT26151000PE, symboltoken: 582040
    639. exchange: MCX, tradingsymbol: GOLDM29OCT26151500CE, symboltoken: 581941
    640. exchange: MCX, tradingsymbol: GOLDM29OCT26151500PE, symboltoken: 582041
    641. exchange: MCX, tradingsymbol: GOLDM29OCT26152000CE, symboltoken: 581942
    642. exchange: MCX, tradingsymbol: GOLDM29OCT26152000PE, symboltoken: 582042
    643. exchange: MCX, tradingsymbol: GOLDM29OCT26152500CE, symboltoken: 581943
    644. exchange: MCX, tradingsymbol: GOLDM29OCT26152500PE, symboltoken: 582043
    645. exchange: MCX, tradingsymbol: GOLDM29OCT26153000CE, symboltoken: 581944
    646. exchange: MCX, tradingsymbol: GOLDM29OCT26153000PE, symboltoken: 582044
    647. exchange: MCX, tradingsymbol: GOLDM29OCT26153500CE, symboltoken: 581945
    648. exchange: MCX, tradingsymbol: GOLDM29OCT26153500PE, symboltoken: 582045
    649. exchange: MCX, tradingsymbol: GOLDM29OCT26154000CE, symboltoken: 581946
    650. exchange: MCX, tradingsymbol: GOLDM29OCT26154000PE, symboltoken: 582046
    651. exchange: MCX, tradingsymbol: GOLDM29OCT26154500CE, symboltoken: 581947
    652. exchange: MCX, tradingsymbol: GOLDM29OCT26154500PE, symboltoken: 582047
    653. exchange: MCX, tradingsymbol: GOLDM29OCT26155000CE, symboltoken: 581948
    654. exchange: MCX, tradingsymbol: GOLDM29OCT26155000PE, symboltoken: 582048
    655. exchange: MCX, tradingsymbol: GOLDM29OCT26155500CE, symboltoken: 581949
    656. exchange: MCX, tradingsymbol: GOLDM29OCT26155500PE, symboltoken: 582049
    657. exchange: MCX, tradingsymbol: GOLDM29OCT26156000CE, symboltoken: 581950
    658. exchange: MCX, tradingsymbol: GOLDM29OCT26156000PE, symboltoken: 582050
    659. exchange: MCX, tradingsymbol: GOLDM29OCT26156500CE, symboltoken: 581951
    660. exchange: MCX, tradingsymbol: GOLDM29OCT26156500PE, symboltoken: 582051
    661. exchange: MCX, tradingsymbol: GOLDM29OCT26157000CE, symboltoken: 581952
    662. exchange: MCX, tradingsymbol: GOLDM29OCT26157000PE, symboltoken: 582052
    663. exchange: MCX, tradingsymbol: GOLDM29OCT26157500CE, symboltoken: 581953
    664. exchange: MCX, tradingsymbol: GOLDM29OCT26157500PE, symboltoken: 582053
    665. exchange: MCX, tradingsymbol: GOLDM29OCT26158000CE, symboltoken: 581954
    666. exchange: MCX, tradingsymbol: GOLDM29OCT26158000PE, symboltoken: 582054
    667. exchange: MCX, tradingsymbol: GOLDM29OCT26158500CE, symboltoken: 581955
    668. exchange: MCX, tradingsymbol: GOLDM29OCT26158500PE, symboltoken: 582055
    669. exchange: MCX, tradingsymbol: GOLDM29OCT26159000CE, symboltoken: 581956
    670. exchange: MCX, tradingsymbol: GOLDM29OCT26159000PE, symboltoken: 582056
    671. exchange: MCX, tradingsymbol: GOLDM29OCT26159500CE, symboltoken: 581957
    672. exchange: MCX, tradingsymbol: GOLDM29OCT26159500PE, symboltoken: 582057
    673. exchange: MCX, tradingsymbol: GOLDM29OCT26160000CE, symboltoken: 581958
    674. exchange: MCX, tradingsymbol: GOLDM29OCT26160000PE, symboltoken: 582058
    675. exchange: MCX, tradingsymbol: GOLDM29OCT26160500CE, symboltoken: 581959
    676. exchange: MCX, tradingsymbol: GOLDM29OCT26160500PE, symboltoken: 582059
    677. exchange: MCX, tradingsymbol: GOLDM29OCT26161000CE, symboltoken: 581960
    678. exchange: MCX, tradingsymbol: GOLDM29OCT26161000PE, symboltoken: 582060
    679. exchange: MCX, tradingsymbol: GOLDM29OCT26161500CE, symboltoken: 581961
    680. exchange: MCX, tradingsymbol: GOLDM29OCT26161500PE, symboltoken: 582061
    681. exchange: MCX, tradingsymbol: GOLDM29OCT26162000CE, symboltoken: 581962
    682. exchange: MCX, tradingsymbol: GOLDM29OCT26162000PE, symboltoken: 582062
    683. exchange: MCX, tradingsymbol: GOLDM29OCT26162500CE, symboltoken: 581963
    684. exchange: MCX, tradingsymbol: GOLDM29OCT26162500PE, symboltoken: 582063
    685. exchange: MCX, tradingsymbol: GOLDM29OCT26163000CE, symboltoken: 581964
    686. exchange: MCX, tradingsymbol: GOLDM29OCT26163000PE, symboltoken: 582064
    687. exchange: MCX, tradingsymbol: GOLDM29OCT26163500CE, symboltoken: 581965
    688. exchange: MCX, tradingsymbol: GOLDM29OCT26163500PE, symboltoken: 582065
    689. exchange: MCX, tradingsymbol: GOLDM29OCT26164000CE, symboltoken: 581966
    690. exchange: MCX, tradingsymbol: GOLDM29OCT26164000PE, symboltoken: 582066
    691. exchange: MCX, tradingsymbol: GOLDM29OCT26164500CE, symboltoken: 581967
    692. exchange: MCX, tradingsymbol: GOLDM29OCT26164500PE, symboltoken: 582067
    693. exchange: MCX, tradingsymbol: GOLDM29OCT26165000CE, symboltoken: 581968
    694. exchange: MCX, tradingsymbol: GOLDM29OCT26165000PE, symboltoken: 582068
    695. exchange: MCX, tradingsymbol: GOLDM29OCT26165500CE, symboltoken: 581969
    696. exchange: MCX, tradingsymbol: GOLDM29OCT26165500PE, symboltoken: 582069
    697. exchange: MCX, tradingsymbol: GOLDM29OCT26166000CE, symboltoken: 581970
    698. exchange: MCX, tradingsymbol: GOLDM29OCT26166000PE, symboltoken: 582070
    699. exchange: MCX, tradingsymbol: GOLDM29OCT26166500CE, symboltoken: 581971
    700. exchange: MCX, tradingsymbol: GOLDM29OCT26166500PE, symboltoken: 582071
    701. exchange: MCX, tradingsymbol: GOLDM29OCT26167000CE, symboltoken: 581972
    702. exchange: MCX, tradingsymbol: GOLDM29OCT26167000PE, symboltoken: 582072
    703. exchange: MCX, tradingsymbol: GOLDM29OCT26167500CE, symboltoken: 581973
    704. exchange: MCX, tradingsymbol: GOLDM29OCT26167500PE, symboltoken: 582073
    705. exchange: MCX, tradingsymbol: GOLDM29OCT26168000CE, symboltoken: 581974
    706. exchange: MCX, tradingsymbol: GOLDM29OCT26168000PE, symboltoken: 582074
    707. exchange: MCX, tradingsymbol: GOLDM29OCT26168500CE, symboltoken: 581975
    708. exchange: MCX, tradingsymbol: GOLDM29OCT26168500PE, symboltoken: 582075
    709. exchange: MCX, tradingsymbol: GOLDM29OCT26169000CE, symboltoken: 581976
    710. exchange: MCX, tradingsymbol: GOLDM29OCT26169000PE, symboltoken: 582076
    711. exchange: MCX, tradingsymbol: GOLDM29OCT26169500CE, symboltoken: 581977
    712. exchange: MCX, tradingsymbol: GOLDM29OCT26169500PE, symboltoken: 582077
    713. exchange: MCX, tradingsymbol: GOLDM29OCT26170000CE, symboltoken: 581978
    714. exchange: MCX, tradingsymbol: GOLDM29OCT26170000PE, symboltoken: 582078
    715. exchange: MCX, tradingsymbol: GOLDM29OCT26170500CE, symboltoken: 581979
    716. exchange: MCX, tradingsymbol: GOLDM29OCT26170500PE, symboltoken: 582079
    717. exchange: MCX, tradingsymbol: GOLDM29OCT26171000CE, symboltoken: 581980
    718. exchange: MCX, tradingsymbol: GOLDM29OCT26171000PE, symboltoken: 582080
    719. exchange: MCX, tradingsymbol: GOLDM29OCT26171500CE, symboltoken: 581981
    720. exchange: MCX, tradingsymbol: GOLDM29OCT26171500PE, symboltoken: 582081
    721. exchange: MCX, tradingsymbol: GOLDM29OCT26172000CE, symboltoken: 581982
    722. exchange: MCX, tradingsymbol: GOLDM29OCT26172000PE, symboltoken: 582082
    723. exchange: MCX, tradingsymbol: GOLDM29OCT26172500CE, symboltoken: 581983
    724. exchange: MCX, tradingsymbol: GOLDM29OCT26172500PE, symboltoken: 582083
    725. exchange: MCX, tradingsymbol: GOLDM29OCT26173000CE, symboltoken: 581984
    726. exchange: MCX, tradingsymbol: GOLDM29OCT26173000PE, symboltoken: 582084
    727. exchange: MCX, tradingsymbol: GOLDM29OCT26173500CE, symboltoken: 581985
    728. exchange: MCX, tradingsymbol: GOLDM29OCT26173500PE, symboltoken: 582085
    729. exchange: MCX, tradingsymbol: GOLDM29OCT26174000CE, symboltoken: 581986
    730. exchange: MCX, tradingsymbol: GOLDM29OCT26174000PE, symboltoken: 582086
    731. exchange: MCX, tradingsymbol: GOLDM29OCT26174500CE, symboltoken: 582115
    732. exchange: MCX, tradingsymbol: GOLDM29OCT26174500PE, symboltoken: 582116
    733. exchange: MCX, tradingsymbol: GOLDM29OCT26175000CE, symboltoken: 582141
    734. exchange: MCX, tradingsymbol: GOLDM29OCT26175000PE, symboltoken: 582149
    735. exchange: MCX, tradingsymbol: GOLDM29OCT26175500CE, symboltoken: 582142
    736. exchange: MCX, tradingsymbol: GOLDM29OCT26175500PE, symboltoken: 582150
    737. exchange: MCX, tradingsymbol: GOLDM29OCT26176000CE, symboltoken: 582143
    738. exchange: MCX, tradingsymbol: GOLDM29OCT26176000PE, symboltoken: 582151
    739. exchange: MCX, tradingsymbol: GOLDM29OCT26176500CE, symboltoken: 582144
    740. exchange: MCX, tradingsymbol: GOLDM29OCT26176500PE, symboltoken: 582152
    741. exchange: MCX, tradingsymbol: GOLDM29OCT26177000CE, symboltoken: 582145
    742. exchange: MCX, tradingsymbol: GOLDM29OCT26177000PE, symboltoken: 582153
    743. exchange: MCX, tradingsymbol: GOLDM29OCT26177500CE, symboltoken: 582146
    744. exchange: MCX, tradingsymbol: GOLDM29OCT26177500PE, symboltoken: 582154
    745. exchange: MCX, tradingsymbol: GOLDM29OCT26178000CE, symboltoken: 582228
    746. exchange: MCX, tradingsymbol: GOLDM29OCT26178000PE, symboltoken: 582234
    747. exchange: MCX, tradingsymbol: GOLDM29OCT26178500CE, symboltoken: 582229
    748. exchange: MCX, tradingsymbol: GOLDM29OCT26178500PE, symboltoken: 582235
    749. exchange: MCX, tradingsymbol: GOLDM29OCT26179000CE, symboltoken: 582230
    750. exchange: MCX, tradingsymbol: GOLDM29OCT26179000PE, symboltoken: 582236
    751. exchange: MCX, tradingsymbol: GOLDM29OCT26179500CE, symboltoken: 582306
    752. exchange: MCX, tradingsymbol: GOLDM29OCT26179500PE, symboltoken: 582308
    753. exchange: MCX, tradingsymbol: GOLDM29OCT26180000CE, symboltoken: 582320
    754. exchange: MCX, tradingsymbol: GOLDM29OCT26180000PE, symboltoken: 582326
    755. exchange: MCX, tradingsymbol: GOLDM29OCT26180500CE, symboltoken: 582321
    756. exchange: MCX, tradingsymbol: GOLDM29OCT26180500PE, symboltoken: 582327
    757. exchange: MCX, tradingsymbol: GOLDM29OCT26181000CE, symboltoken: 582322
    758. exchange: MCX, tradingsymbol: GOLDM29OCT26181000PE, symboltoken: 582328
    759. exchange: MCX, tradingsymbol: GOLDMAHMCOM, symboltoken: 347
    760. exchange: MCX, tradingsymbol: GOLDMCOM, symboltoken: 117
    761. exchange: MCX, tradingsymbol: GOLDMDELCOM, symboltoken: 348
    762. exchange: MCX, tradingsymbol: GOLDMKOLCOM, symboltoken: 349
    763. exchange: MCX, tradingsymbol: GOLDMMUMCOM, symboltoken: 346
    764. exchange: MCX, tradingsymbol: GOLDMUMCOM, symboltoken: 342
    765. exchange: MCX, tradingsymbol: GOLDM29OCT26178000CE, symboltoken: 582228
    766. exchange: MCX, tradingsymbol: GOLDM29OCT26178000PE, symboltoken: 582234
    767. exchange: MCX, tradingsymbol: GOLDM29OCT26178500CE, symboltoken: 582229
    768. exchange: MCX, tradingsymbol: GOLDM29OCT26178500PE, symboltoken: 582235
    769. exchange: MCX, tradingsymbol: GOLDM29OCT26179000CE, symboltoken: 582230
    770. exchange: MCX, tradingsymbol: GOLDM29OCT26179000PE, symboltoken: 582236
    771. exchange: MCX, tradingsymbol: GOLDM29OCT26179500CE, symboltoken: 582306
    772. exchange: MCX, tradingsymbol: GOLDM29OCT26179500PE, symboltoken: 582308
    773. exchange: MCX, tradingsymbol: GOLDM29OCT26180000CE, symboltoken: 582320
    774. exchange: MCX, tradingsymbol: GOLDM29OCT26180000PE, symboltoken: 582326
    775. exchange: MCX, tradingsymbol: GOLDM29OCT26180500CE, symboltoken: 582321
    776. exchange: MCX, tradingsymbol: GOLDM29OCT26180500PE, symboltoken: 582327
    777. exchange: MCX, tradingsymbol: GOLDM29OCT26181000CE, symboltoken: 582322
    778. exchange: MCX, tradingsymbol: GOLDM29OCT26181000PE, symboltoken: 582328
    779. exchange: MCX, tradingsymbol: GOLDMAHMCOM, symboltoken: 347
    780. exchange: MCX, tradingsymbol: GOLDMCOM, symboltoken: 117
INFO:     Shutting down
INFO:     Waiting for application shutdown.
INFO:     Application shutdown complete.
INFO:     Finished server process [72299]
INFO:     Started server process [72349]
INFO:     Waiting for application startup.
INFO:     Application startup complete.
INFO:     Uvicorn running on http://0.0.0.0:8001 (Press CTRL+C to quit)
[I 260817 09:42:16 smartConnect:124] in pool
[I 260817 09:42:16 smartConnect:496] Search successful. Found 780 trading symbols for the given query:
    1. exchange: MCX, tradingsymbol: GOLDM04DEC26FUT, symboltoken: 575011
    2. exchange: MCX, tradingsymbol: GOLDM04SEP26FUT, symboltoken: 563946
    3. exchange: MCX, tradingsymbol: GOLDM05FEB27FUT, symboltoken: 581880
    4. exchange: MCX, tradingsymbol: GOLDM05JAN27FUT, symboltoken: 578779
    5. exchange: MCX, tradingsymbol: GOLDM05NOV26FUT, symboltoken: 571445
    6. exchange: MCX, tradingsymbol: GOLDM05OCT26FUT, symboltoken: 569003
    7. exchange: MCX, tradingsymbol: GOLDM25SEP26116500CE, symboltoken: 580161
    8. exchange: MCX, tradingsymbol: GOLDM25SEP26116500PE, symboltoken: 580165
    9. exchange: MCX, tradingsymbol: GOLDM25SEP26117000CE, symboltoken: 580160
    10. exchange: MCX, tradingsymbol: GOLDM25SEP26117000PE, symboltoken: 580164
    11. exchange: MCX, tradingsymbol: GOLDM25SEP26117500CE, symboltoken: 580159
    12. exchange: MCX, tradingsymbol: GOLDM25SEP26117500PE, symboltoken: 580163
    13. exchange: MCX, tradingsymbol: GOLDM25SEP26118000CE, symboltoken: 579247
    14. exchange: MCX, tradingsymbol: GOLDM25SEP26118000PE, symboltoken: 579258
    15. exchange: MCX, tradingsymbol: GOLDM25SEP26118500CE, symboltoken: 579246
    16. exchange: MCX, tradingsymbol: GOLDM25SEP26118500PE, symboltoken: 579257
    17. exchange: MCX, tradingsymbol: GOLDM25SEP26119000CE, symboltoken: 579245
    18. exchange: MCX, tradingsymbol: GOLDM25SEP26119000PE, symboltoken: 579256
    19. exchange: MCX, tradingsymbol: GOLDM25SEP26119500CE, symboltoken: 579244
    20. exchange: MCX, tradingsymbol: GOLDM25SEP26119500PE, symboltoken: 579255
    21. exchange: MCX, tradingsymbol: GOLDM25SEP26120000CE, symboltoken: 579243
    22. exchange: MCX, tradingsymbol: GOLDM25SEP26120000PE, symboltoken: 579254
    23. exchange: MCX, tradingsymbol: GOLDM25SEP26120500CE, symboltoken: 579242
    24. exchange: MCX, tradingsymbol: GOLDM25SEP26120500PE, symboltoken: 579253
    25. exchange: MCX, tradingsymbol: GOLDM25SEP26121000CE, symboltoken: 579056
    26. exchange: MCX, tradingsymbol: GOLDM25SEP26121000PE, symboltoken: 579058
    27. exchange: MCX, tradingsymbol: GOLDM25SEP26121500CE, symboltoken: 579055
    28. exchange: MCX, tradingsymbol: GOLDM25SEP26121500PE, symboltoken: 579057
    29. exchange: MCX, tradingsymbol: GOLDM25SEP26122000CE, symboltoken: 579019
    30. exchange: MCX, tradingsymbol: GOLDM25SEP26122000PE, symboltoken: 579022
    31. exchange: MCX, tradingsymbol: GOLDM25SEP26122500CE, symboltoken: 579018
    32. exchange: MCX, tradingsymbol: GOLDM25SEP26122500PE, symboltoken: 579021
    33. exchange: MCX, tradingsymbol: GOLDM25SEP26123000CE, symboltoken: 579017
    34. exchange: MCX, tradingsymbol: GOLDM25SEP26123000PE, symboltoken: 579020
    35. exchange: MCX, tradingsymbol: GOLDM25SEP26123500CE, symboltoken: 579013
    36. exchange: MCX, tradingsymbol: GOLDM25SEP26123500PE, symboltoken: 579016
    37. exchange: MCX, tradingsymbol: GOLDM25SEP26124000CE, symboltoken: 579012
    38. exchange: MCX, tradingsymbol: GOLDM25SEP26124000PE, symboltoken: 579015
    39. exchange: MCX, tradingsymbol: GOLDM25SEP26124500CE, symboltoken: 579011
    40. exchange: MCX, tradingsymbol: GOLDM25SEP26124500PE, symboltoken: 579014
    41. exchange: MCX, tradingsymbol: GOLDM25SEP26125000CE, symboltoken: 579005
    42. exchange: MCX, tradingsymbol: GOLDM25SEP26125000PE, symboltoken: 579006
    43. exchange: MCX, tradingsymbol: GOLDM25SEP26125500CE, symboltoken: 578833
    44. exchange: MCX, tradingsymbol: GOLDM25SEP26125500PE, symboltoken: 578933
    45. exchange: MCX, tradingsymbol: GOLDM25SEP26126000CE, symboltoken: 578832
    46. exchange: MCX, tradingsymbol: GOLDM25SEP26126000PE, symboltoken: 578932
    47. exchange: MCX, tradingsymbol: GOLDM25SEP26126500CE, symboltoken: 578831
    48. exchange: MCX, tradingsymbol: GOLDM25SEP26126500PE, symboltoken: 578931
    49. exchange: MCX, tradingsymbol: GOLDM25SEP26127000CE, symboltoken: 578830
    50. exchange: MCX, tradingsymbol: GOLDM25SEP26127000PE, symboltoken: 578930
    51. exchange: MCX, tradingsymbol: GOLDM25SEP26127500CE, symboltoken: 578829
    52. exchange: MCX, tradingsymbol: GOLDM25SEP26127500PE, symboltoken: 578929
    53. exchange: MCX, tradingsymbol: GOLDM25SEP26128000CE, symboltoken: 578828
    54. exchange: MCX, tradingsymbol: GOLDM25SEP26128000PE, symboltoken: 578928
    55. exchange: MCX, tradingsymbol: GOLDM25SEP26128500CE, symboltoken: 578827
    56. exchange: MCX, tradingsymbol: GOLDM25SEP26128500PE, symboltoken: 578927
    57. exchange: MCX, tradingsymbol: GOLDM25SEP26129000CE, symboltoken: 578826
    58. exchange: MCX, tradingsymbol: GOLDM25SEP26129000PE, symboltoken: 578926
    59. exchange: MCX, tradingsymbol: GOLDM25SEP26129500CE, symboltoken: 578825
    60. exchange: MCX, tradingsymbol: GOLDM25SEP26129500PE, symboltoken: 578925
    61. exchange: MCX, tradingsymbol: GOLDM25SEP26130000CE, symboltoken: 578824
    62. exchange: MCX, tradingsymbol: GOLDM25SEP26130000PE, symboltoken: 578924
    63. exchange: MCX, tradingsymbol: GOLDM25SEP26130500CE, symboltoken: 578823
    64. exchange: MCX, tradingsymbol: GOLDM25SEP26130500PE, symboltoken: 578923
    65. exchange: MCX, tradingsymbol: GOLDM25SEP26131000CE, symboltoken: 578822
    66. exchange: MCX, tradingsymbol: GOLDM25SEP26131000PE, symboltoken: 578922
    67. exchange: MCX, tradingsymbol: GOLDM25SEP26131500CE, symboltoken: 578821
    68. exchange: MCX, tradingsymbol: GOLDM25SEP26131500PE, symboltoken: 578921
    69. exchange: MCX, tradingsymbol: GOLDM25SEP26132000CE, symboltoken: 578820
    70. exchange: MCX, tradingsymbol: GOLDM25SEP26132000PE, symboltoken: 578920
    71. exchange: MCX, tradingsymbol: GOLDM25SEP26132500CE, symboltoken: 578819
    72. exchange: MCX, tradingsymbol: GOLDM25SEP26132500PE, symboltoken: 578919
    73. exchange: MCX, tradingsymbol: GOLDM25SEP26133000CE, symboltoken: 578818
    74. exchange: MCX, tradingsymbol: GOLDM25SEP26133000PE, symboltoken: 578918
    75. exchange: MCX, tradingsymbol: GOLDM25SEP26133500CE, symboltoken: 578817
    76. exchange: MCX, tradingsymbol: GOLDM25SEP26133500PE, symboltoken: 578917
    77. exchange: MCX, tradingsymbol: GOLDM25SEP26134000CE, symboltoken: 578816
    78. exchange: MCX, tradingsymbol: GOLDM25SEP26134000PE, symboltoken: 578916
    79. exchange: MCX, tradingsymbol: GOLDM25SEP26134500CE, symboltoken: 578815
    80. exchange: MCX, tradingsymbol: GOLDM25SEP26134500PE, symboltoken: 578915
    81. exchange: MCX, tradingsymbol: GOLDM25SEP26135000CE, symboltoken: 578814
    82. exchange: MCX, tradingsymbol: GOLDM25SEP26135000PE, symboltoken: 578914
    83. exchange: MCX, tradingsymbol: GOLDM25SEP26135500CE, symboltoken: 578813
    84. exchange: MCX, tradingsymbol: GOLDM25SEP26135500PE, symboltoken: 578913
    85. exchange: MCX, tradingsymbol: GOLDM25SEP26136000CE, symboltoken: 578812
    86. exchange: MCX, tradingsymbol: GOLDM25SEP26136000PE, symboltoken: 578912
    87. exchange: MCX, tradingsymbol: GOLDM25SEP26136500CE, symboltoken: 578811
    88. exchange: MCX, tradingsymbol: GOLDM25SEP26136500PE, symboltoken: 578911
    89. exchange: MCX, tradingsymbol: GOLDM25SEP26137000CE, symboltoken: 578810
    90. exchange: MCX, tradingsymbol: GOLDM25SEP26137000PE, symboltoken: 578910
    91. exchange: MCX, tradingsymbol: GOLDM25SEP26137500CE, symboltoken: 578809
    92. exchange: MCX, tradingsymbol: GOLDM25SEP26137500PE, symboltoken: 578909
    93. exchange: MCX, tradingsymbol: GOLDM25SEP26138000CE, symboltoken: 578808
    94. exchange: MCX, tradingsymbol: GOLDM25SEP26138000PE, symboltoken: 578908
    95. exchange: MCX, tradingsymbol: GOLDM25SEP26138500CE, symboltoken: 578807
    96. exchange: MCX, tradingsymbol: GOLDM25SEP26138500PE, symboltoken: 578907
    97. exchange: MCX, tradingsymbol: GOLDM25SEP26139000CE, symboltoken: 578806
    98. exchange: MCX, tradingsymbol: GOLDM25SEP26139000PE, symboltoken: 578906
    99. exchange: MCX, tradingsymbol: GOLDM25SEP26139500CE, symboltoken: 578805
    100. exchange: MCX, tradingsymbol: GOLDM25SEP26139500PE, symboltoken: 578905
    101. exchange: MCX, tradingsymbol: GOLDM25SEP26140000CE, symboltoken: 578804
    102. exchange: MCX, tradingsymbol: GOLDM25SEP26140000PE, symboltoken: 578904
    103. exchange: MCX, tradingsymbol: GOLDM25SEP26140500CE, symboltoken: 578803
    104. exchange: MCX, tradingsymbol: GOLDM25SEP26140500PE, symboltoken: 578903
    105. exchange: MCX, tradingsymbol: GOLDM25SEP26141000CE, symboltoken: 578802
    106. exchange: MCX, tradingsymbol: GOLDM25SEP26141000PE, symboltoken: 578902
    107. exchange: MCX, tradingsymbol: GOLDM25SEP26141500CE, symboltoken: 578801
    108. exchange: MCX, tradingsymbol: GOLDM25SEP26141500PE, symboltoken: 578901
    109. exchange: MCX, tradingsymbol: GOLDM25SEP26142000CE, symboltoken: 578800
    110. exchange: MCX, tradingsymbol: GOLDM25SEP26142000PE, symboltoken: 578900
    111. exchange: MCX, tradingsymbol: GOLDM25SEP26142500CE, symboltoken: 578799
    112. exchange: MCX, tradingsymbol: GOLDM25SEP26142500PE, symboltoken: 578899
    113. exchange: MCX, tradingsymbol: GOLDM25SEP26143000CE, symboltoken: 578798
    114. exchange: MCX, tradingsymbol: GOLDM25SEP26143000PE, symboltoken: 578898
    115. exchange: MCX, tradingsymbol: GOLDM25SEP26143500CE, symboltoken: 578797
    116. exchange: MCX, tradingsymbol: GOLDM25SEP26143500PE, symboltoken: 578897
    117. exchange: MCX, tradingsymbol: GOLDM25SEP26144000CE, symboltoken: 578796
    118. exchange: MCX, tradingsymbol: GOLDM25SEP26144000PE, symboltoken: 578896
    119. exchange: MCX, tradingsymbol: GOLDM25SEP26144500CE, symboltoken: 578795
    120. exchange: MCX, tradingsymbol: GOLDM25SEP26144500PE, symboltoken: 578895
    121. exchange: MCX, tradingsymbol: GOLDM25SEP26145000CE, symboltoken: 578794
    122. exchange: MCX, tradingsymbol: GOLDM25SEP26145000PE, symboltoken: 578894
    123. exchange: MCX, tradingsymbol: GOLDM25SEP26145500CE, symboltoken: 578793
    124. exchange: MCX, tradingsymbol: GOLDM25SEP26145500PE, symboltoken: 578893
    125. exchange: MCX, tradingsymbol: GOLDM25SEP26146000CE, symboltoken: 578792
    126. exchange: MCX, tradingsymbol: GOLDM25SEP26146000PE, symboltoken: 578892
    127. exchange: MCX, tradingsymbol: GOLDM25SEP26146500CE, symboltoken: 578791
    128. exchange: MCX, tradingsymbol: GOLDM25SEP26146500PE, symboltoken: 578891
    129. exchange: MCX, tradingsymbol: GOLDM25SEP26147000CE, symboltoken: 578790
    130. exchange: MCX, tradingsymbol: GOLDM25SEP26147000PE, symboltoken: 578890
    131. exchange: MCX, tradingsymbol: GOLDM25SEP26147500CE, symboltoken: 578789
    132. exchange: MCX, tradingsymbol: GOLDM25SEP26147500PE, symboltoken: 578889
    133. exchange: MCX, tradingsymbol: GOLDM25SEP26148000CE, symboltoken: 578788
    134. exchange: MCX, tradingsymbol: GOLDM25SEP26148000PE, symboltoken: 578888
    135. exchange: MCX, tradingsymbol: GOLDM25SEP26148500CE, symboltoken: 578787
    136. exchange: MCX, tradingsymbol: GOLDM25SEP26148500PE, symboltoken: 578887
    137. exchange: MCX, tradingsymbol: GOLDM25SEP26149000CE, symboltoken: 578786
    138. exchange: MCX, tradingsymbol: GOLDM25SEP26149000PE, symboltoken: 578886
    139. exchange: MCX, tradingsymbol: GOLDM25SEP26149500CE, symboltoken: 578785
    140. exchange: MCX, tradingsymbol: GOLDM25SEP26149500PE, symboltoken: 578885
    141. exchange: MCX, tradingsymbol: GOLDM25SEP26150000CE, symboltoken: 578784
    142. exchange: MCX, tradingsymbol: GOLDM25SEP26150000PE, symboltoken: 578884
    143. exchange: MCX, tradingsymbol: GOLDM25SEP26150500CE, symboltoken: 578780
    144. exchange: MCX, tradingsymbol: GOLDM25SEP26150500PE, symboltoken: 578781
    145. exchange: MCX, tradingsymbol: GOLDM25SEP26151000CE, symboltoken: 578834
    146. exchange: MCX, tradingsymbol: GOLDM25SEP26151000PE, symboltoken: 578934
    147. exchange: MCX, tradingsymbol: GOLDM25SEP26151500CE, symboltoken: 578835
    148. exchange: MCX, tradingsymbol: GOLDM25SEP26151500PE, symboltoken: 578935
    149. exchange: MCX, tradingsymbol: GOLDM25SEP26152000CE, symboltoken: 578836
    150. exchange: MCX, tradingsymbol: GOLDM25SEP26152000PE, symboltoken: 578936
    151. exchange: MCX, tradingsymbol: GOLDM25SEP26152500CE, symboltoken: 578837
    152. exchange: MCX, tradingsymbol: GOLDM25SEP26152500PE, symboltoken: 578937
    153. exchange: MCX, tradingsymbol: GOLDM25SEP26153000CE, symboltoken: 578838
    154. exchange: MCX, tradingsymbol: GOLDM25SEP26153000PE, symboltoken: 578938
    155. exchange: MCX, tradingsymbol: GOLDM25SEP26153500CE, symboltoken: 578839
    156. exchange: MCX, tradingsymbol: GOLDM25SEP26153500PE, symboltoken: 578939
    157. exchange: MCX, tradingsymbol: GOLDM25SEP26154000CE, symboltoken: 578840
    158. exchange: MCX, tradingsymbol: GOLDM25SEP26154000PE, symboltoken: 578940
    159. exchange: MCX, tradingsymbol: GOLDM25SEP26154500CE, symboltoken: 578841
    160. exchange: MCX, tradingsymbol: GOLDM25SEP26154500PE, symboltoken: 578941
    161. exchange: MCX, tradingsymbol: GOLDM25SEP26155000CE, symboltoken: 578842
    162. exchange: MCX, tradingsymbol: GOLDM25SEP26155000PE, symboltoken: 578942
    163. exchange: MCX, tradingsymbol: GOLDM25SEP26155500CE, symboltoken: 578843
    164. exchange: MCX, tradingsymbol: GOLDM25SEP26155500PE, symboltoken: 578943
    165. exchange: MCX, tradingsymbol: GOLDM25SEP26156000CE, symboltoken: 578844
    166. exchange: MCX, tradingsymbol: GOLDM25SEP26156000PE, symboltoken: 578944
    167. exchange: MCX, tradingsymbol: GOLDM25SEP26156500CE, symboltoken: 578845
    168. exchange: MCX, tradingsymbol: GOLDM25SEP26156500PE, symboltoken: 578945
    169. exchange: MCX, tradingsymbol: GOLDM25SEP26157000CE, symboltoken: 578846
    170. exchange: MCX, tradingsymbol: GOLDM25SEP26157000PE, symboltoken: 578946
    171. exchange: MCX, tradingsymbol: GOLDM25SEP26157500CE, symboltoken: 578847
    172. exchange: MCX, tradingsymbol: GOLDM25SEP26157500PE, symboltoken: 578947
    173. exchange: MCX, tradingsymbol: GOLDM25SEP26158000CE, symboltoken: 578848
    174. exchange: MCX, tradingsymbol: GOLDM25SEP26158000PE, symboltoken: 578948
    175. exchange: MCX, tradingsymbol: GOLDM25SEP26158500CE, symboltoken: 578849
    176. exchange: MCX, tradingsymbol: GOLDM25SEP26158500PE, symboltoken: 578949
    177. exchange: MCX, tradingsymbol: GOLDM25SEP26159000CE, symboltoken: 578850
    178. exchange: MCX, tradingsymbol: GOLDM25SEP26159000PE, symboltoken: 578950
    179. exchange: MCX, tradingsymbol: GOLDM25SEP26159500CE, symboltoken: 578851
    180. exchange: MCX, tradingsymbol: GOLDM25SEP26159500PE, symboltoken: 578951
    181. exchange: MCX, tradingsymbol: GOLDM25SEP26160000CE, symboltoken: 578852
    182. exchange: MCX, tradingsymbol: GOLDM25SEP26160000PE, symboltoken: 578952
    183. exchange: MCX, tradingsymbol: GOLDM25SEP26160500CE, symboltoken: 578853
    184. exchange: MCX, tradingsymbol: GOLDM25SEP26160500PE, symboltoken: 578953
    185. exchange: MCX, tradingsymbol: GOLDM25SEP26161000CE, symboltoken: 578854
    186. exchange: MCX, tradingsymbol: GOLDM25SEP26161000PE, symboltoken: 578954
    187. exchange: MCX, tradingsymbol: GOLDM25SEP26161500CE, symboltoken: 578855
    188. exchange: MCX, tradingsymbol: GOLDM25SEP26161500PE, symboltoken: 578955
    189. exchange: MCX, tradingsymbol: GOLDM25SEP26162000CE, symboltoken: 578856
    190. exchange: MCX, tradingsymbol: GOLDM25SEP26162000PE, symboltoken: 578956
    191. exchange: MCX, tradingsymbol: GOLDM25SEP26162500CE, symboltoken: 578857
    192. exchange: MCX, tradingsymbol: GOLDM25SEP26162500PE, symboltoken: 578957
    193. exchange: MCX, tradingsymbol: GOLDM25SEP26163000CE, symboltoken: 578858
    194. exchange: MCX, tradingsymbol: GOLDM25SEP26163000PE, symboltoken: 578958
    195. exchange: MCX, tradingsymbol: GOLDM25SEP26163500CE, symboltoken: 578859
    196. exchange: MCX, tradingsymbol: GOLDM25SEP26163500PE, symboltoken: 578959
    197. exchange: MCX, tradingsymbol: GOLDM25SEP26164000CE, symboltoken: 578860
    198. exchange: MCX, tradingsymbol: GOLDM25SEP26164000PE, symboltoken: 578960
    199. exchange: MCX, tradingsymbol: GOLDM25SEP26164500CE, symboltoken: 578861
    200. exchange: MCX, tradingsymbol: GOLDM25SEP26164500PE, symboltoken: 578961
    201. exchange: MCX, tradingsymbol: GOLDM25SEP26165000CE, symboltoken: 578862
    202. exchange: MCX, tradingsymbol: GOLDM25SEP26165000PE, symboltoken: 578962
    203. exchange: MCX, tradingsymbol: GOLDM25SEP26165500CE, symboltoken: 578863
    204. exchange: MCX, tradingsymbol: GOLDM25SEP26165500PE, symboltoken: 578963
    205. exchange: MCX, tradingsymbol: GOLDM25SEP26166000CE, symboltoken: 578864
    206. exchange: MCX, tradingsymbol: GOLDM25SEP26166000PE, symboltoken: 578964
    207. exchange: MCX, tradingsymbol: GOLDM25SEP26166500CE, symboltoken: 578865
    208. exchange: MCX, tradingsymbol: GOLDM25SEP26166500PE, symboltoken: 578965
    209. exchange: MCX, tradingsymbol: GOLDM25SEP26167000CE, symboltoken: 578866
    210. exchange: MCX, tradingsymbol: GOLDM25SEP26167000PE, symboltoken: 578966
    211. exchange: MCX, tradingsymbol: GOLDM25SEP26167500CE, symboltoken: 578867
    212. exchange: MCX, tradingsymbol: GOLDM25SEP26167500PE, symboltoken: 578967
    213. exchange: MCX, tradingsymbol: GOLDM25SEP26168000CE, symboltoken: 578868
    214. exchange: MCX, tradingsymbol: GOLDM25SEP26168000PE, symboltoken: 578968
    215. exchange: MCX, tradingsymbol: GOLDM25SEP26168500CE, symboltoken: 578869
    216. exchange: MCX, tradingsymbol: GOLDM25SEP26168500PE, symboltoken: 578969
    217. exchange: MCX, tradingsymbol: GOLDM25SEP26169000CE, symboltoken: 578870
    218. exchange: MCX, tradingsymbol: GOLDM25SEP26169000PE, symboltoken: 578970
    219. exchange: MCX, tradingsymbol: GOLDM25SEP26169500CE, symboltoken: 578871
    220. exchange: MCX, tradingsymbol: GOLDM25SEP26169500PE, symboltoken: 578971
    221. exchange: MCX, tradingsymbol: GOLDM25SEP26170000CE, symboltoken: 578872
    222. exchange: MCX, tradingsymbol: GOLDM25SEP26170000PE, symboltoken: 578972
    223. exchange: MCX, tradingsymbol: GOLDM25SEP26170500CE, symboltoken: 578873
    224. exchange: MCX, tradingsymbol: GOLDM25SEP26170500PE, symboltoken: 578973
    225. exchange: MCX, tradingsymbol: GOLDM25SEP26171000CE, symboltoken: 578874
    226. exchange: MCX, tradingsymbol: GOLDM25SEP26171000PE, symboltoken: 578974
    227. exchange: MCX, tradingsymbol: GOLDM25SEP26171500CE, symboltoken: 578875
    228. exchange: MCX, tradingsymbol: GOLDM25SEP26171500PE, symboltoken: 578975
    229. exchange: MCX, tradingsymbol: GOLDM25SEP26172000CE, symboltoken: 578876
    230. exchange: MCX, tradingsymbol: GOLDM25SEP26172000PE, symboltoken: 578976
    231. exchange: MCX, tradingsymbol: GOLDM25SEP26172500CE, symboltoken: 578877
    232. exchange: MCX, tradingsymbol: GOLDM25SEP26172500PE, symboltoken: 578977
    233. exchange: MCX, tradingsymbol: GOLDM25SEP26173000CE, symboltoken: 578878
    234. exchange: MCX, tradingsymbol: GOLDM25SEP26173000PE, symboltoken: 578978
    235. exchange: MCX, tradingsymbol: GOLDM25SEP26173500CE, symboltoken: 578879
    236. exchange: MCX, tradingsymbol: GOLDM25SEP26173500PE, symboltoken: 578979
    237. exchange: MCX, tradingsymbol: GOLDM25SEP26174000CE, symboltoken: 578880
    238. exchange: MCX, tradingsymbol: GOLDM25SEP26174000PE, symboltoken: 578980
    239. exchange: MCX, tradingsymbol: GOLDM25SEP26174500CE, symboltoken: 578881
    240. exchange: MCX, tradingsymbol: GOLDM25SEP26174500PE, symboltoken: 578981
    241. exchange: MCX, tradingsymbol: GOLDM25SEP26175000CE, symboltoken: 578882
    242. exchange: MCX, tradingsymbol: GOLDM25SEP26175000PE, symboltoken: 578982
    243. exchange: MCX, tradingsymbol: GOLDM25SEP26175500CE, symboltoken: 578883
    244. exchange: MCX, tradingsymbol: GOLDM25SEP26175500PE, symboltoken: 578983
    245. exchange: MCX, tradingsymbol: GOLDM25SEP26176000CE, symboltoken: 582139
    246. exchange: MCX, tradingsymbol: GOLDM25SEP26176000PE, symboltoken: 582147
    247. exchange: MCX, tradingsymbol: GOLDM25SEP26176500CE, symboltoken: 582140
    248. exchange: MCX, tradingsymbol: GOLDM25SEP26176500PE, symboltoken: 582148
    249. exchange: MCX, tradingsymbol: GOLDM25SEP26177000CE, symboltoken: 582225
    250. exchange: MCX, tradingsymbol: GOLDM25SEP26177000PE, symboltoken: 582231
    251. exchange: MCX, tradingsymbol: GOLDM25SEP26177500CE, symboltoken: 582226
    252. exchange: MCX, tradingsymbol: GOLDM25SEP26177500PE, symboltoken: 582232
    253. exchange: MCX, tradingsymbol: GOLDM25SEP26178000CE, symboltoken: 582227
    254. exchange: MCX, tradingsymbol: GOLDM25SEP26178000PE, symboltoken: 582233
    255. exchange: MCX, tradingsymbol: GOLDM25SEP26178500CE, symboltoken: 582305
    256. exchange: MCX, tradingsymbol: GOLDM25SEP26178500PE, symboltoken: 582307
    257. exchange: MCX, tradingsymbol: GOLDM25SEP26179000CE, symboltoken: 582317
    258. exchange: MCX, tradingsymbol: GOLDM25SEP26179000PE, symboltoken: 582323
    259. exchange: MCX, tradingsymbol: GOLDM25SEP26179500CE, symboltoken: 582318
    260. exchange: MCX, tradingsymbol: GOLDM25SEP26179500PE, symboltoken: 582324
    261. exchange: MCX, tradingsymbol: GOLDM25SEP26180000CE, symboltoken: 582319
    262. exchange: MCX, tradingsymbol: GOLDM25SEP26180000PE, symboltoken: 582325
    263. exchange: MCX, tradingsymbol: GOLDM28AUG26116000CE, symboltoken: 580158
    264. exchange: MCX, tradingsymbol: GOLDM28AUG26116000PE, symboltoken: 580162
    265. exchange: MCX, tradingsymbol: GOLDM28AUG26116500CE, symboltoken: 579241
    266. exchange: MCX, tradingsymbol: GOLDM28AUG26116500PE, symboltoken: 579252
    267. exchange: MCX, tradingsymbol: GOLDM28AUG26117000CE, symboltoken: 579240
    268. exchange: MCX, tradingsymbol: GOLDM28AUG26117000PE, symboltoken: 579251
    269. exchange: MCX, tradingsymbol: GOLDM28AUG26117500CE, symboltoken: 579239
    270. exchange: MCX, tradingsymbol: GOLDM28AUG26117500PE, symboltoken: 579250
    271. exchange: MCX, tradingsymbol: GOLDM28AUG26118000CE, symboltoken: 577377
    272. exchange: MCX, tradingsymbol: GOLDM28AUG26118000PE, symboltoken: 577408
    273. exchange: MCX, tradingsymbol: GOLDM28AUG26118500CE, symboltoken: 577376
    274. exchange: MCX, tradingsymbol: GOLDM28AUG26118500PE, symboltoken: 577407
    275. exchange: MCX, tradingsymbol: GOLDM28AUG26119000CE, symboltoken: 577375
    276. exchange: MCX, tradingsymbol: GOLDM28AUG26119000PE, symboltoken: 577406
    277. exchange: MCX, tradingsymbol: GOLDM28AUG26119500CE, symboltoken: 577374
    278. exchange: MCX, tradingsymbol: GOLDM28AUG26119500PE, symboltoken: 577405
    279. exchange: MCX, tradingsymbol: GOLDM28AUG26120000CE, symboltoken: 577373
    280. exchange: MCX, tradingsymbol: GOLDM28AUG26120000PE, symboltoken: 577404
    281. exchange: MCX, tradingsymbol: GOLDM28AUG26120500CE, symboltoken: 577372
    282. exchange: MCX, tradingsymbol: GOLDM28AUG26120500PE, symboltoken: 577403
    283. exchange: MCX, tradingsymbol: GOLDM28AUG26121000CE, symboltoken: 577371
    284. exchange: MCX, tradingsymbol: GOLDM28AUG26121000PE, symboltoken: 577402
    285. exchange: MCX, tradingsymbol: GOLDM28AUG26121500CE, symboltoken: 577370
    286. exchange: MCX, tradingsymbol: GOLDM28AUG26121500PE, symboltoken: 577401
    287. exchange: MCX, tradingsymbol: GOLDM28AUG26122000CE, symboltoken: 577369
    288. exchange: MCX, tradingsymbol: GOLDM28AUG26122000PE, symboltoken: 577400
    289. exchange: MCX, tradingsymbol: GOLDM28AUG26122500CE, symboltoken: 577368
    290. exchange: MCX, tradingsymbol: GOLDM28AUG26122500PE, symboltoken: 577399
    291. exchange: MCX, tradingsymbol: GOLDM28AUG26123000CE, symboltoken: 577367
    292. exchange: MCX, tradingsymbol: GOLDM28AUG26123000PE, symboltoken: 577398
    293. exchange: MCX, tradingsymbol: GOLDM28AUG26123500CE, symboltoken: 576957
    294. exchange: MCX, tradingsymbol: GOLDM28AUG26123500PE, symboltoken: 576960
    295. exchange: MCX, tradingsymbol: GOLDM28AUG26124000CE, symboltoken: 576901
    296. exchange: MCX, tradingsymbol: GOLDM28AUG26124000PE, symboltoken: 576908
    297. exchange: MCX, tradingsymbol: GOLDM28AUG26124500CE, symboltoken: 576900
    298. exchange: MCX, tradingsymbol: GOLDM28AUG26124500PE, symboltoken: 576907
    299. exchange: MCX, tradingsymbol: GOLDM28AUG26125000CE, symboltoken: 575569
    300. exchange: MCX, tradingsymbol: GOLDM28AUG26125000PE, symboltoken: 575595
    301. exchange: MCX, tradingsymbol: GOLDM28AUG26125500CE, symboltoken: 575568
    302. exchange: MCX, tradingsymbol: GOLDM28AUG26125500PE, symboltoken: 575594
    303. exchange: MCX, tradingsymbol: GOLDM28AUG26126000CE, symboltoken: 575567
    304. exchange: MCX, tradingsymbol: GOLDM28AUG26126000PE, symboltoken: 575593
    305. exchange: MCX, tradingsymbol: GOLDM28AUG26126500CE, symboltoken: 575566
    306. exchange: MCX, tradingsymbol: GOLDM28AUG26126500PE, symboltoken: 575592
    307. exchange: MCX, tradingsymbol: GOLDM28AUG26127000CE, symboltoken: 575565
    308. exchange: MCX, tradingsymbol: GOLDM28AUG26127000PE, symboltoken: 575591
    309. exchange: MCX, tradingsymbol: GOLDM28AUG26127500CE, symboltoken: 575564
    310. exchange: MCX, tradingsymbol: GOLDM28AUG26127500PE, symboltoken: 575590
    311. exchange: MCX, tradingsymbol: GOLDM28AUG26128000CE, symboltoken: 575563
    312. exchange: MCX, tradingsymbol: GOLDM28AUG26128000PE, symboltoken: 575589
    313. exchange: MCX, tradingsymbol: GOLDM28AUG26128500CE, symboltoken: 575562
    314. exchange: MCX, tradingsymbol: GOLDM28AUG26128500PE, symboltoken: 575588
    315. exchange: MCX, tradingsymbol: GOLDM28AUG26129000CE, symboltoken: 575561
    316. exchange: MCX, tradingsymbol: GOLDM28AUG26129000PE, symboltoken: 575587
    317. exchange: MCX, tradingsymbol: GOLDM28AUG26129500CE, symboltoken: 575408
    318. exchange: MCX, tradingsymbol: GOLDM28AUG26129500PE, symboltoken: 575413
    319. exchange: MCX, tradingsymbol: GOLDM28AUG26130000CE, symboltoken: 575407
    320. exchange: MCX, tradingsymbol: GOLDM28AUG26130000PE, symboltoken: 575412
    321. exchange: MCX, tradingsymbol: GOLDM28AUG26130500CE, symboltoken: 575406
    322. exchange: MCX, tradingsymbol: GOLDM28AUG26130500PE, symboltoken: 575411
    323. exchange: MCX, tradingsymbol: GOLDM28AUG26131000CE, symboltoken: 575405
    324. exchange: MCX, tradingsymbol: GOLDM28AUG26131000PE, symboltoken: 575410
    325. exchange: MCX, tradingsymbol: GOLDM28AUG26131500CE, symboltoken: 575360
    326. exchange: MCX, tradingsymbol: GOLDM28AUG26131500PE, symboltoken: 575361
    327. exchange: MCX, tradingsymbol: GOLDM28AUG26132000CE, symboltoken: 575066
    328. exchange: MCX, tradingsymbol: GOLDM28AUG26132000PE, symboltoken: 575166
    329. exchange: MCX, tradingsymbol: GOLDM28AUG26132500CE, symboltoken: 575065
    330. exchange: MCX, tradingsymbol: GOLDM28AUG26132500PE, symboltoken: 575165
    331. exchange: MCX, tradingsymbol: GOLDM28AUG26133000CE, symboltoken: 575064
    332. exchange: MCX, tradingsymbol: GOLDM28AUG26133000PE, symboltoken: 575164
    333. exchange: MCX, tradingsymbol: GOLDM28AUG26133500CE, symboltoken: 575063
    334. exchange: MCX, tradingsymbol: GOLDM28AUG26133500PE, symboltoken: 575163
    335. exchange: MCX, tradingsymbol: GOLDM28AUG26134000CE, symboltoken: 575062
    336. exchange: MCX, tradingsymbol: GOLDM28AUG26134000PE, symboltoken: 575162
    337. exchange: MCX, tradingsymbol: GOLDM28AUG26134500CE, symboltoken: 575061
    338. exchange: MCX, tradingsymbol: GOLDM28AUG26134500PE, symboltoken: 575161
    339. exchange: MCX, tradingsymbol: GOLDM28AUG26135000CE, symboltoken: 575060
    340. exchange: MCX, tradingsymbol: GOLDM28AUG26135000PE, symboltoken: 575160
    341. exchange: MCX, tradingsymbol: GOLDM28AUG26135500CE, symboltoken: 575059
    342. exchange: MCX, tradingsymbol: GOLDM28AUG26135500PE, symboltoken: 575159
    343. exchange: MCX, tradingsymbol: GOLDM28AUG26136000CE, symboltoken: 575058
    344. exchange: MCX, tradingsymbol: GOLDM28AUG26136000PE, symboltoken: 575158
    345. exchange: MCX, tradingsymbol: GOLDM28AUG26136500CE, symboltoken: 575057
    346. exchange: MCX, tradingsymbol: GOLDM28AUG26136500PE, symboltoken: 575157
    347. exchange: MCX, tradingsymbol: GOLDM28AUG26137000CE, symboltoken: 575056
    348. exchange: MCX, tradingsymbol: GOLDM28AUG26137000PE, symboltoken: 575156
    349. exchange: MCX, tradingsymbol: GOLDM28AUG26137500CE, symboltoken: 575055
    350. exchange: MCX, tradingsymbol: GOLDM28AUG26137500PE, symboltoken: 575155
    351. exchange: MCX, tradingsymbol: GOLDM28AUG26138000CE, symboltoken: 575054
    352. exchange: MCX, tradingsymbol: GOLDM28AUG26138000PE, symboltoken: 575154
    353. exchange: MCX, tradingsymbol: GOLDM28AUG26138500CE, symboltoken: 575053
    354. exchange: MCX, tradingsymbol: GOLDM28AUG26138500PE, symboltoken: 575153
    355. exchange: MCX, tradingsymbol: GOLDM28AUG26139000CE, symboltoken: 575052
    356. exchange: MCX, tradingsymbol: GOLDM28AUG26139000PE, symboltoken: 575152
    357. exchange: MCX, tradingsymbol: GOLDM28AUG26139500CE, symboltoken: 575051
    358. exchange: MCX, tradingsymbol: GOLDM28AUG26139500PE, symboltoken: 575151
    359. exchange: MCX, tradingsymbol: GOLDM28AUG26140000CE, symboltoken: 575050
    360. exchange: MCX, tradingsymbol: GOLDM28AUG26140000PE, symboltoken: 575150
    361. exchange: MCX, tradingsymbol: GOLDM28AUG26140500CE, symboltoken: 575049
    362. exchange: MCX, tradingsymbol: GOLDM28AUG26140500PE, symboltoken: 575149
    363. exchange: MCX, tradingsymbol: GOLDM28AUG26141000CE, symboltoken: 575048
    364. exchange: MCX, tradingsymbol: GOLDM28AUG26141000PE, symboltoken: 575148
    365. exchange: MCX, tradingsymbol: GOLDM28AUG26141500CE, symboltoken: 575047
    366. exchange: MCX, tradingsymbol: GOLDM28AUG26141500PE, symboltoken: 575147
    367. exchange: MCX, tradingsymbol: GOLDM28AUG26142000CE, symboltoken: 575046
    368. exchange: MCX, tradingsymbol: GOLDM28AUG26142000PE, symboltoken: 575146
    369. exchange: MCX, tradingsymbol: GOLDM28AUG26142500CE, symboltoken: 575045
    370. exchange: MCX, tradingsymbol: GOLDM28AUG26142500PE, symboltoken: 575145
    371. exchange: MCX, tradingsymbol: GOLDM28AUG26143000CE, symboltoken: 575044
    372. exchange: MCX, tradingsymbol: GOLDM28AUG26143000PE, symboltoken: 575144
    373. exchange: MCX, tradingsymbol: GOLDM28AUG26143500CE, symboltoken: 575043
    374. exchange: MCX, tradingsymbol: GOLDM28AUG26143500PE, symboltoken: 575143
    375. exchange: MCX, tradingsymbol: GOLDM28AUG26144000CE, symboltoken: 575042
    376. exchange: MCX, tradingsymbol: GOLDM28AUG26144000PE, symboltoken: 575142
    377. exchange: MCX, tradingsymbol: GOLDM28AUG26144500CE, symboltoken: 575041
    378. exchange: MCX, tradingsymbol: GOLDM28AUG26144500PE, symboltoken: 575141
    379. exchange: MCX, tradingsymbol: GOLDM28AUG26145000CE, symboltoken: 575040
    380. exchange: MCX, tradingsymbol: GOLDM28AUG26145000PE, symboltoken: 575140
    381. exchange: MCX, tradingsymbol: GOLDM28AUG26145500CE, symboltoken: 575039
    382. exchange: MCX, tradingsymbol: GOLDM28AUG26145500PE, symboltoken: 575139
    383. exchange: MCX, tradingsymbol: GOLDM28AUG26146000CE, symboltoken: 575038
    384. exchange: MCX, tradingsymbol: GOLDM28AUG26146000PE, symboltoken: 575138
    385. exchange: MCX, tradingsymbol: GOLDM28AUG26146500CE, symboltoken: 575037
    386. exchange: MCX, tradingsymbol: GOLDM28AUG26146500PE, symboltoken: 575137
    387. exchange: MCX, tradingsymbol: GOLDM28AUG26147000CE, symboltoken: 575036
    388. exchange: MCX, tradingsymbol: GOLDM28AUG26147000PE, symboltoken: 575136
    389. exchange: MCX, tradingsymbol: GOLDM28AUG26147500CE, symboltoken: 575035
    390. exchange: MCX, tradingsymbol: GOLDM28AUG26147500PE, symboltoken: 575135
    391. exchange: MCX, tradingsymbol: GOLDM28AUG26148000CE, symboltoken: 575034
    392. exchange: MCX, tradingsymbol: GOLDM28AUG26148000PE, symboltoken: 575134
    393. exchange: MCX, tradingsymbol: GOLDM28AUG26148500CE, symboltoken: 575033
    394. exchange: MCX, tradingsymbol: GOLDM28AUG26148500PE, symboltoken: 575133
    395. exchange: MCX, tradingsymbol: GOLDM28AUG26149000CE, symboltoken: 575032
    396. exchange: MCX, tradingsymbol: GOLDM28AUG26149000PE, symboltoken: 575132
    397. exchange: MCX, tradingsymbol: GOLDM28AUG26149500CE, symboltoken: 575031
    398. exchange: MCX, tradingsymbol: GOLDM28AUG26149500PE, symboltoken: 575131
    399. exchange: MCX, tradingsymbol: GOLDM28AUG26150000CE, symboltoken: 575030
    400. exchange: MCX, tradingsymbol: GOLDM28AUG26150000PE, symboltoken: 575130
    401. exchange: MCX, tradingsymbol: GOLDM28AUG26150500CE, symboltoken: 575029
    402. exchange: MCX, tradingsymbol: GOLDM28AUG26150500PE, symboltoken: 575129
    403. exchange: MCX, tradingsymbol: GOLDM28AUG26151000CE, symboltoken: 575028
    404. exchange: MCX, tradingsymbol: GOLDM28AUG26151000PE, symboltoken: 575128
    405. exchange: MCX, tradingsymbol: GOLDM28AUG26151500CE, symboltoken: 575027
    406. exchange: MCX, tradingsymbol: GOLDM28AUG26151500PE, symboltoken: 575127
    407. exchange: MCX, tradingsymbol: GOLDM28AUG26152000CE, symboltoken: 575026
    408. exchange: MCX, tradingsymbol: GOLDM28AUG26152000PE, symboltoken: 575126
    409. exchange: MCX, tradingsymbol: GOLDM28AUG26152500CE, symboltoken: 575025
    410. exchange: MCX, tradingsymbol: GOLDM28AUG26152500PE, symboltoken: 575125
    411. exchange: MCX, tradingsymbol: GOLDM28AUG26153000CE, symboltoken: 575024
    412. exchange: MCX, tradingsymbol: GOLDM28AUG26153000PE, symboltoken: 575124
    413. exchange: MCX, tradingsymbol: GOLDM28AUG26153500CE, symboltoken: 575023
    414. exchange: MCX, tradingsymbol: GOLDM28AUG26153500PE, symboltoken: 575123
    415. exchange: MCX, tradingsymbol: GOLDM28AUG26154000CE, symboltoken: 575022
    416. exchange: MCX, tradingsymbol: GOLDM28AUG26154000PE, symboltoken: 575122
    417. exchange: MCX, tradingsymbol: GOLDM28AUG26154500CE, symboltoken: 575021
    418. exchange: MCX, tradingsymbol: GOLDM28AUG26154500PE, symboltoken: 575121
    419. exchange: MCX, tradingsymbol: GOLDM28AUG26155000CE, symboltoken: 575020
    420. exchange: MCX, tradingsymbol: GOLDM28AUG26155000PE, symboltoken: 575120
    421. exchange: MCX, tradingsymbol: GOLDM28AUG26155500CE, symboltoken: 575019
    422. exchange: MCX, tradingsymbol: GOLDM28AUG26155500PE, symboltoken: 575119
    423. exchange: MCX, tradingsymbol: GOLDM28AUG26156000CE, symboltoken: 575018
    424. exchange: MCX, tradingsymbol: GOLDM28AUG26156000PE, symboltoken: 575118
    425. exchange: MCX, tradingsymbol: GOLDM28AUG26156500CE, symboltoken: 575012
    426. exchange: MCX, tradingsymbol: GOLDM28AUG26156500PE, symboltoken: 575013
    427. exchange: MCX, tradingsymbol: GOLDM28AUG26157000CE, symboltoken: 575067
    428. exchange: MCX, tradingsymbol: GOLDM28AUG26157000PE, symboltoken: 575167
    429. exchange: MCX, tradingsymbol: GOLDM28AUG26157500CE, symboltoken: 575068
    430. exchange: MCX, tradingsymbol: GOLDM28AUG26157500PE, symboltoken: 575168
    431. exchange: MCX, tradingsymbol: GOLDM28AUG26158000CE, symboltoken: 575069
    432. exchange: MCX, tradingsymbol: GOLDM28AUG26158000PE, symboltoken: 575169
    433. exchange: MCX, tradingsymbol: GOLDM28AUG26158500CE, symboltoken: 575070
    434. exchange: MCX, tradingsymbol: GOLDM28AUG26158500PE, symboltoken: 575170
    435. exchange: MCX, tradingsymbol: GOLDM28AUG26159000CE, symboltoken: 575071
    436. exchange: MCX, tradingsymbol: GOLDM28AUG26159000PE, symboltoken: 575171
    437. exchange: MCX, tradingsymbol: GOLDM28AUG26159500CE, symboltoken: 575072
    438. exchange: MCX, tradingsymbol: GOLDM28AUG26159500PE, symboltoken: 575172
    439. exchange: MCX, tradingsymbol: GOLDM28AUG26160000CE, symboltoken: 575073
    440. exchange: MCX, tradingsymbol: GOLDM28AUG26160000PE, symboltoken: 575173
    441. exchange: MCX, tradingsymbol: GOLDM28AUG26160500CE, symboltoken: 575074
    442. exchange: MCX, tradingsymbol: GOLDM28AUG26160500PE, symboltoken: 575174
    443. exchange: MCX, tradingsymbol: GOLDM28AUG26161000CE, symboltoken: 575075
    444. exchange: MCX, tradingsymbol: GOLDM28AUG26161000PE, symboltoken: 575175
    445. exchange: MCX, tradingsymbol: GOLDM28AUG26161500CE, symboltoken: 575076
    446. exchange: MCX, tradingsymbol: GOLDM28AUG26161500PE, symboltoken: 575176
    447. exchange: MCX, tradingsymbol: GOLDM28AUG26162000CE, symboltoken: 575077
    448. exchange: MCX, tradingsymbol: GOLDM28AUG26162000PE, symboltoken: 575177
    449. exchange: MCX, tradingsymbol: GOLDM28AUG26162500CE, symboltoken: 575078
    450. exchange: MCX, tradingsymbol: GOLDM28AUG26162500PE, symboltoken: 575178
    451. exchange: MCX, tradingsymbol: GOLDM28AUG26163000CE, symboltoken: 575079
    452. exchange: MCX, tradingsymbol: GOLDM28AUG26163000PE, symboltoken: 575179
    453. exchange: MCX, tradingsymbol: GOLDM28AUG26163500CE, symboltoken: 575080
    454. exchange: MCX, tradingsymbol: GOLDM28AUG26163500PE, symboltoken: 575180
    455. exchange: MCX, tradingsymbol: GOLDM28AUG26164000CE, symboltoken: 575081
    456. exchange: MCX, tradingsymbol: GOLDM28AUG26164000PE, symboltoken: 575181
    457. exchange: MCX, tradingsymbol: GOLDM28AUG26164500CE, symboltoken: 575082
    458. exchange: MCX, tradingsymbol: GOLDM28AUG26164500PE, symboltoken: 575182
    459. exchange: MCX, tradingsymbol: GOLDM28AUG26165000CE, symboltoken: 575083
    460. exchange: MCX, tradingsymbol: GOLDM28AUG26165000PE, symboltoken: 575183
    461. exchange: MCX, tradingsymbol: GOLDM28AUG26165500CE, symboltoken: 575084
    462. exchange: MCX, tradingsymbol: GOLDM28AUG26165500PE, symboltoken: 575184
    463. exchange: MCX, tradingsymbol: GOLDM28AUG26166000CE, symboltoken: 575085
    464. exchange: MCX, tradingsymbol: GOLDM28AUG26166000PE, symboltoken: 575185
    465. exchange: MCX, tradingsymbol: GOLDM28AUG26166500CE, symboltoken: 575086
    466. exchange: MCX, tradingsymbol: GOLDM28AUG26166500PE, symboltoken: 575186
    467. exchange: MCX, tradingsymbol: GOLDM28AUG26167000CE, symboltoken: 575087
    468. exchange: MCX, tradingsymbol: GOLDM28AUG26167000PE, symboltoken: 575187
    469. exchange: MCX, tradingsymbol: GOLDM28AUG26167500CE, symboltoken: 575088
    470. exchange: MCX, tradingsymbol: GOLDM28AUG26167500PE, symboltoken: 575188
    471. exchange: MCX, tradingsymbol: GOLDM28AUG26168000CE, symboltoken: 575089
    472. exchange: MCX, tradingsymbol: GOLDM28AUG26168000PE, symboltoken: 575189
    473. exchange: MCX, tradingsymbol: GOLDM28AUG26168500CE, symboltoken: 575090
    474. exchange: MCX, tradingsymbol: GOLDM28AUG26168500PE, symboltoken: 575190
    475. exchange: MCX, tradingsymbol: GOLDM28AUG26169000CE, symboltoken: 575091
    476. exchange: MCX, tradingsymbol: GOLDM28AUG26169000PE, symboltoken: 575191
    477. exchange: MCX, tradingsymbol: GOLDM28AUG26169500CE, symboltoken: 575092
    478. exchange: MCX, tradingsymbol: GOLDM28AUG26169500PE, symboltoken: 575192
    479. exchange: MCX, tradingsymbol: GOLDM28AUG26170000CE, symboltoken: 575093
    480. exchange: MCX, tradingsymbol: GOLDM28AUG26170000PE, symboltoken: 575193
    481. exchange: MCX, tradingsymbol: GOLDM28AUG26170500CE, symboltoken: 575094
    482. exchange: MCX, tradingsymbol: GOLDM28AUG26170500PE, symboltoken: 575194
    483. exchange: MCX, tradingsymbol: GOLDM28AUG26171000CE, symboltoken: 575095
    484. exchange: MCX, tradingsymbol: GOLDM28AUG26171000PE, symboltoken: 575195
    485. exchange: MCX, tradingsymbol: GOLDM28AUG26171500CE, symboltoken: 575096
    486. exchange: MCX, tradingsymbol: GOLDM28AUG26171500PE, symboltoken: 575196
    487. exchange: MCX, tradingsymbol: GOLDM28AUG26172000CE, symboltoken: 575097
    488. exchange: MCX, tradingsymbol: GOLDM28AUG26172000PE, symboltoken: 575197
    489. exchange: MCX, tradingsymbol: GOLDM28AUG26172500CE, symboltoken: 575098
    490. exchange: MCX, tradingsymbol: GOLDM28AUG26172500PE, symboltoken: 575198
    491. exchange: MCX, tradingsymbol: GOLDM28AUG26173000CE, symboltoken: 575099
    492. exchange: MCX, tradingsymbol: GOLDM28AUG26173000PE, symboltoken: 575199
    493. exchange: MCX, tradingsymbol: GOLDM28AUG26173500CE, symboltoken: 575100
    494. exchange: MCX, tradingsymbol: GOLDM28AUG26173500PE, symboltoken: 575200
    495. exchange: MCX, tradingsymbol: GOLDM28AUG26174000CE, symboltoken: 575101
    496. exchange: MCX, tradingsymbol: GOLDM28AUG26174000PE, symboltoken: 575201
    497. exchange: MCX, tradingsymbol: GOLDM28AUG26174500CE, symboltoken: 575102
    498. exchange: MCX, tradingsymbol: GOLDM28AUG26174500PE, symboltoken: 575202
    499. exchange: MCX, tradingsymbol: GOLDM28AUG26175000CE, symboltoken: 575103
    500. exchange: MCX, tradingsymbol: GOLDM28AUG26175000PE, symboltoken: 575203
    501. exchange: MCX, tradingsymbol: GOLDM28AUG26175500CE, symboltoken: 575104
    502. exchange: MCX, tradingsymbol: GOLDM28AUG26175500PE, symboltoken: 575204
    503. exchange: MCX, tradingsymbol: GOLDM28AUG26176000CE, symboltoken: 575105
    504. exchange: MCX, tradingsymbol: GOLDM28AUG26176000PE, symboltoken: 575205
    505. exchange: MCX, tradingsymbol: GOLDM28AUG26176500CE, symboltoken: 575106
    506. exchange: MCX, tradingsymbol: GOLDM28AUG26176500PE, symboltoken: 575206
    507. exchange: MCX, tradingsymbol: GOLDM28AUG26177000CE, symboltoken: 575107
    508. exchange: MCX, tradingsymbol: GOLDM28AUG26177000PE, symboltoken: 575207
    509. exchange: MCX, tradingsymbol: GOLDM28AUG26177500CE, symboltoken: 575108
    510. exchange: MCX, tradingsymbol: GOLDM28AUG26177500PE, symboltoken: 575208
    511. exchange: MCX, tradingsymbol: GOLDM28AUG26178000CE, symboltoken: 575109
    512. exchange: MCX, tradingsymbol: GOLDM28AUG26178000PE, symboltoken: 575209
    513. exchange: MCX, tradingsymbol: GOLDM28AUG26178500CE, symboltoken: 575110
    514. exchange: MCX, tradingsymbol: GOLDM28AUG26178500PE, symboltoken: 575210
    515. exchange: MCX, tradingsymbol: GOLDM28AUG26179000CE, symboltoken: 575111
    516. exchange: MCX, tradingsymbol: GOLDM28AUG26179000PE, symboltoken: 575211
    517. exchange: MCX, tradingsymbol: GOLDM28AUG26179500CE, symboltoken: 575112
    518. exchange: MCX, tradingsymbol: GOLDM28AUG26179500PE, symboltoken: 575212
    519. exchange: MCX, tradingsymbol: GOLDM28AUG26180000CE, symboltoken: 575113
    520. exchange: MCX, tradingsymbol: GOLDM28AUG26180000PE, symboltoken: 575213
    521. exchange: MCX, tradingsymbol: GOLDM28AUG26180500CE, symboltoken: 575114
    522. exchange: MCX, tradingsymbol: GOLDM28AUG26180500PE, symboltoken: 575214
    523. exchange: MCX, tradingsymbol: GOLDM28AUG26181000CE, symboltoken: 575115
    524. exchange: MCX, tradingsymbol: GOLDM28AUG26181000PE, symboltoken: 575215
    525. exchange: MCX, tradingsymbol: GOLDM28AUG26181500CE, symboltoken: 575116
    526. exchange: MCX, tradingsymbol: GOLDM28AUG26181500PE, symboltoken: 575216
    527. exchange: MCX, tradingsymbol: GOLDM28AUG26182000CE, symboltoken: 575117
    528. exchange: MCX, tradingsymbol: GOLDM28AUG26182000PE, symboltoken: 575217
    529. exchange: MCX, tradingsymbol: GOLDM29OCT26124000CE, symboltoken: 581936
    530. exchange: MCX, tradingsymbol: GOLDM29OCT26124000PE, symboltoken: 582036
    531. exchange: MCX, tradingsymbol: GOLDM29OCT26124500CE, symboltoken: 581935
    532. exchange: MCX, tradingsymbol: GOLDM29OCT26124500PE, symboltoken: 582035
    533. exchange: MCX, tradingsymbol: GOLDM29OCT26125000CE, symboltoken: 581934
    534. exchange: MCX, tradingsymbol: GOLDM29OCT26125000PE, symboltoken: 582034
    535. exchange: MCX, tradingsymbol: GOLDM29OCT26125500CE, symboltoken: 581933
    536. exchange: MCX, tradingsymbol: GOLDM29OCT26125500PE, symboltoken: 582033
    537. exchange: MCX, tradingsymbol: GOLDM29OCT26126000CE, symboltoken: 581932
    538. exchange: MCX, tradingsymbol: GOLDM29OCT26126000PE, symboltoken: 582032
    539. exchange: MCX, tradingsymbol: GOLDM29OCT26126500CE, symboltoken: 581931
    540. exchange: MCX, tradingsymbol: GOLDM29OCT26126500PE, symboltoken: 582031
    541. exchange: MCX, tradingsymbol: GOLDM29OCT26127000CE, symboltoken: 581930
    542. exchange: MCX, tradingsymbol: GOLDM29OCT26127000PE, symboltoken: 582030
    543. exchange: MCX, tradingsymbol: GOLDM29OCT26127500CE, symboltoken: 581929
    544. exchange: MCX, tradingsymbol: GOLDM29OCT26127500PE, symboltoken: 582029
    545. exchange: MCX, tradingsymbol: GOLDM29OCT26128000CE, symboltoken: 581928
    546. exchange: MCX, tradingsymbol: GOLDM29OCT26128000PE, symboltoken: 582028
    547. exchange: MCX, tradingsymbol: GOLDM29OCT26128500CE, symboltoken: 581927
    548. exchange: MCX, tradingsymbol: GOLDM29OCT26128500PE, symboltoken: 582027
    549. exchange: MCX, tradingsymbol: GOLDM29OCT26129000CE, symboltoken: 581926
    550. exchange: MCX, tradingsymbol: GOLDM29OCT26129000PE, symboltoken: 582026
    551. exchange: MCX, tradingsymbol: GOLDM29OCT26129500CE, symboltoken: 581925
    552. exchange: MCX, tradingsymbol: GOLDM29OCT26129500PE, symboltoken: 582025
    553. exchange: MCX, tradingsymbol: GOLDM29OCT26130000CE, symboltoken: 581924
    554. exchange: MCX, tradingsymbol: GOLDM29OCT26130000PE, symboltoken: 582024
    555. exchange: MCX, tradingsymbol: GOLDM29OCT26130500CE, symboltoken: 581923
    556. exchange: MCX, tradingsymbol: GOLDM29OCT26130500PE, symboltoken: 582023
    557. exchange: MCX, tradingsymbol: GOLDM29OCT26131000CE, symboltoken: 581922
    558. exchange: MCX, tradingsymbol: GOLDM29OCT26131000PE, symboltoken: 582022
    559. exchange: MCX, tradingsymbol: GOLDM29OCT26131500CE, symboltoken: 581921
    560. exchange: MCX, tradingsymbol: GOLDM29OCT26131500PE, symboltoken: 582021
    561. exchange: MCX, tradingsymbol: GOLDM29OCT26132000CE, symboltoken: 581920
    562. exchange: MCX, tradingsymbol: GOLDM29OCT26132000PE, symboltoken: 582020
    563. exchange: MCX, tradingsymbol: GOLDM29OCT26132500CE, symboltoken: 581919
    564. exchange: MCX, tradingsymbol: GOLDM29OCT26132500PE, symboltoken: 582019
    565. exchange: MCX, tradingsymbol: GOLDM29OCT26133000CE, symboltoken: 581918
    566. exchange: MCX, tradingsymbol: GOLDM29OCT26133000PE, symboltoken: 582018
    567. exchange: MCX, tradingsymbol: GOLDM29OCT26133500CE, symboltoken: 581917
    568. exchange: MCX, tradingsymbol: GOLDM29OCT26133500PE, symboltoken: 582017
    569. exchange: MCX, tradingsymbol: GOLDM29OCT26134000CE, symboltoken: 581916
    570. exchange: MCX, tradingsymbol: GOLDM29OCT26134000PE, symboltoken: 582016
    571. exchange: MCX, tradingsymbol: GOLDM29OCT26134500CE, symboltoken: 581915
    572. exchange: MCX, tradingsymbol: GOLDM29OCT26134500PE, symboltoken: 582015
    573. exchange: MCX, tradingsymbol: GOLDM29OCT26135000CE, symboltoken: 581914
    574. exchange: MCX, tradingsymbol: GOLDM29OCT26135000PE, symboltoken: 582014
    575. exchange: MCX, tradingsymbol: GOLDM29OCT26135500CE, symboltoken: 581913
    576. exchange: MCX, tradingsymbol: GOLDM29OCT26135500PE, symboltoken: 582013
    577. exchange: MCX, tradingsymbol: GOLDM29OCT26136000CE, symboltoken: 581912
    578. exchange: MCX, tradingsymbol: GOLDM29OCT26136000PE, symboltoken: 582012
    579. exchange: MCX, tradingsymbol: GOLDM29OCT26136500CE, symboltoken: 581911
    580. exchange: MCX, tradingsymbol: GOLDM29OCT26136500PE, symboltoken: 582011
    581. exchange: MCX, tradingsymbol: GOLDM29OCT26137000CE, symboltoken: 581910
    582. exchange: MCX, tradingsymbol: GOLDM29OCT26137000PE, symboltoken: 582010
    583. exchange: MCX, tradingsymbol: GOLDM29OCT26137500CE, symboltoken: 581909
    584. exchange: MCX, tradingsymbol: GOLDM29OCT26137500PE, symboltoken: 582009
    585. exchange: MCX, tradingsymbol: GOLDM29OCT26138000CE, symboltoken: 581908
    586. exchange: MCX, tradingsymbol: GOLDM29OCT26138000PE, symboltoken: 582008
    587. exchange: MCX, tradingsymbol: GOLDM29OCT26138500CE, symboltoken: 581907
    588. exchange: MCX, tradingsymbol: GOLDM29OCT26138500PE, symboltoken: 582007
    589. exchange: MCX, tradingsymbol: GOLDM29OCT26139000CE, symboltoken: 581906
    590. exchange: MCX, tradingsymbol: GOLDM29OCT26139000PE, symboltoken: 582006
    591. exchange: MCX, tradingsymbol: GOLDM29OCT26139500CE, symboltoken: 581905
    592. exchange: MCX, tradingsymbol: GOLDM29OCT26139500PE, symboltoken: 582005
    593. exchange: MCX, tradingsymbol: GOLDM29OCT26140000CE, symboltoken: 581904
    594. exchange: MCX, tradingsymbol: GOLDM29OCT26140000PE, symboltoken: 582004
    595. exchange: MCX, tradingsymbol: GOLDM29OCT26140500CE, symboltoken: 581903
    596. exchange: MCX, tradingsymbol: GOLDM29OCT26140500PE, symboltoken: 582003
    597. exchange: MCX, tradingsymbol: GOLDM29OCT26141000CE, symboltoken: 581902
    598. exchange: MCX, tradingsymbol: GOLDM29OCT26141000PE, symboltoken: 582002
    599. exchange: MCX, tradingsymbol: GOLDM29OCT26141500CE, symboltoken: 581901
    600. exchange: MCX, tradingsymbol: GOLDM29OCT26141500PE, symboltoken: 582001
    601. exchange: MCX, tradingsymbol: GOLDM29OCT26142000CE, symboltoken: 581900
    602. exchange: MCX, tradingsymbol: GOLDM29OCT26142000PE, symboltoken: 582000
    603. exchange: MCX, tradingsymbol: GOLDM29OCT26142500CE, symboltoken: 581899
    604. exchange: MCX, tradingsymbol: GOLDM29OCT26142500PE, symboltoken: 581999
    605. exchange: MCX, tradingsymbol: GOLDM29OCT26143000CE, symboltoken: 581898
    606. exchange: MCX, tradingsymbol: GOLDM29OCT26143000PE, symboltoken: 581998
    607. exchange: MCX, tradingsymbol: GOLDM29OCT26143500CE, symboltoken: 581897
    608. exchange: MCX, tradingsymbol: GOLDM29OCT26143500PE, symboltoken: 581997
    609. exchange: MCX, tradingsymbol: GOLDM29OCT26144000CE, symboltoken: 581896
    610. exchange: MCX, tradingsymbol: GOLDM29OCT26144000PE, symboltoken: 581996
    611. exchange: MCX, tradingsymbol: GOLDM29OCT26144500CE, symboltoken: 581895
    612. exchange: MCX, tradingsymbol: GOLDM29OCT26144500PE, symboltoken: 581995
    613. exchange: MCX, tradingsymbol: GOLDM29OCT26145000CE, symboltoken: 581894
    614. exchange: MCX, tradingsymbol: GOLDM29OCT26145000PE, symboltoken: 581994
    615. exchange: MCX, tradingsymbol: GOLDM29OCT26145500CE, symboltoken: 581893
    616. exchange: MCX, tradingsymbol: GOLDM29OCT26145500PE, symboltoken: 581993
    617. exchange: MCX, tradingsymbol: GOLDM29OCT26146000CE, symboltoken: 581892
    618. exchange: MCX, tradingsymbol: GOLDM29OCT26146000PE, symboltoken: 581992
    619. exchange: MCX, tradingsymbol: GOLDM29OCT26146500CE, symboltoken: 581891
    620. exchange: MCX, tradingsymbol: GOLDM29OCT26146500PE, symboltoken: 581991
    621. exchange: MCX, tradingsymbol: GOLDM29OCT26147000CE, symboltoken: 581890
    622. exchange: MCX, tradingsymbol: GOLDM29OCT26147000PE, symboltoken: 581990
    623. exchange: MCX, tradingsymbol: GOLDM29OCT26147500CE, symboltoken: 581889
    624. exchange: MCX, tradingsymbol: GOLDM29OCT26147500PE, symboltoken: 581989
    625. exchange: MCX, tradingsymbol: GOLDM29OCT26148000CE, symboltoken: 581888
    626. exchange: MCX, tradingsymbol: GOLDM29OCT26148000PE, symboltoken: 581988
    627. exchange: MCX, tradingsymbol: GOLDM29OCT26148500CE, symboltoken: 581887
    628. exchange: MCX, tradingsymbol: GOLDM29OCT26148500PE, symboltoken: 581987
    629. exchange: MCX, tradingsymbol: GOLDM29OCT26149000CE, symboltoken: 581937
    630. exchange: MCX, tradingsymbol: GOLDM29OCT26149000PE, symboltoken: 582037
    631. exchange: MCX, tradingsymbol: GOLDM29OCT26149500CE, symboltoken: 581881
    632. exchange: MCX, tradingsymbol: GOLDM29OCT26149500PE, symboltoken: 581882
    633. exchange: MCX, tradingsymbol: GOLDM29OCT26150000CE, symboltoken: 581938
    634. exchange: MCX, tradingsymbol: GOLDM29OCT26150000PE, symboltoken: 582038
    635. exchange: MCX, tradingsymbol: GOLDM29OCT26150500CE, symboltoken: 581939
    636. exchange: MCX, tradingsymbol: GOLDM29OCT26150500PE, symboltoken: 582039
    637. exchange: MCX, tradingsymbol: GOLDM29OCT26151000CE, symboltoken: 581940
    638. exchange: MCX, tradingsymbol: GOLDM29OCT26151000PE, symboltoken: 582040
    639. exchange: MCX, tradingsymbol: GOLDM29OCT26151500CE, symboltoken: 581941
    640. exchange: MCX, tradingsymbol: GOLDM29OCT26151500PE, symboltoken: 582041
    641. exchange: MCX, tradingsymbol: GOLDM29OCT26152000CE, symboltoken: 581942
    642. exchange: MCX, tradingsymbol: GOLDM29OCT26152000PE, symboltoken: 582042
    643. exchange: MCX, tradingsymbol: GOLDM29OCT26152500CE, symboltoken: 581943
    644. exchange: MCX, tradingsymbol: GOLDM29OCT26152500PE, symboltoken: 582043
    645. exchange: MCX, tradingsymbol: GOLDM29OCT26153000CE, symboltoken: 581944
    646. exchange: MCX, tradingsymbol: GOLDM29OCT26153000PE, symboltoken: 582044
    647. exchange: MCX, tradingsymbol: GOLDM29OCT26153500CE, symboltoken: 581945
    648. exchange: MCX, tradingsymbol: GOLDM29OCT26153500PE, symboltoken: 582045
    649. exchange: MCX, tradingsymbol: GOLDM29OCT26154000CE, symboltoken: 581946
    650. exchange: MCX, tradingsymbol: GOLDM29OCT26154000PE, symboltoken: 582046
    651. exchange: MCX, tradingsymbol: GOLDM29OCT26154500CE, symboltoken: 581947
    652. exchange: MCX, tradingsymbol: GOLDM29OCT26154500PE, symboltoken: 582047
    653. exchange: MCX, tradingsymbol: GOLDM29OCT26155000CE, symboltoken: 581948
    654. exchange: MCX, tradingsymbol: GOLDM29OCT26155000PE, symboltoken: 582048
    655. exchange: MCX, tradingsymbol: GOLDM29OCT26155500CE, symboltoken: 581949
    656. exchange: MCX, tradingsymbol: GOLDM29OCT26155500PE, symboltoken: 582049
    657. exchange: MCX, tradingsymbol: GOLDM29OCT26156000CE, symboltoken: 581950
    658. exchange: MCX, tradingsymbol: GOLDM29OCT26156000PE, symboltoken: 582050
    659. exchange: MCX, tradingsymbol: GOLDM29OCT26156500CE, symboltoken: 581951
    660. exchange: MCX, tradingsymbol: GOLDM29OCT26156500PE, symboltoken: 582051
    661. exchange: MCX, tradingsymbol: GOLDM29OCT26157000CE, symboltoken: 581952
    662. exchange: MCX, tradingsymbol: GOLDM29OCT26157000PE, symboltoken: 582052
    663. exchange: MCX, tradingsymbol: GOLDM29OCT26157500CE, symboltoken: 581953
    664. exchange: MCX, tradingsymbol: GOLDM29OCT26157500PE, symboltoken: 582053
    665. exchange: MCX, tradingsymbol: GOLDM29OCT26158000CE, symboltoken: 581954
    666. exchange: MCX, tradingsymbol: GOLDM29OCT26158000PE, symboltoken: 582054
    667. exchange: MCX, tradingsymbol: GOLDM29OCT26158500CE, symboltoken: 581955
    668. exchange: MCX, tradingsymbol: GOLDM29OCT26158500PE, symboltoken: 582055
    669. exchange: MCX, tradingsymbol: GOLDM29OCT26159000CE, symboltoken: 581956
    670. exchange: MCX, tradingsymbol: GOLDM29OCT26159000PE, symboltoken: 582056
    671. exchange: MCX, tradingsymbol: GOLDM29OCT26159500CE, symboltoken: 581957
    672. exchange: MCX, tradingsymbol: GOLDM29OCT26159500PE, symboltoken: 582057
    673. exchange: MCX, tradingsymbol: GOLDM29OCT26160000CE, symboltoken: 581958
    674. exchange: MCX, tradingsymbol: GOLDM29OCT26160000PE, symboltoken: 582058
    675. exchange: MCX, tradingsymbol: GOLDM29OCT26160500CE, symboltoken: 581959
    676. exchange: MCX, tradingsymbol: GOLDM29OCT26160500PE, symboltoken: 582059
    677. exchange: MCX, tradingsymbol: GOLDM29OCT26161000CE, symboltoken: 581960
    678. exchange: MCX, tradingsymbol: GOLDM29OCT26161000PE, symboltoken: 582060
    679. exchange: MCX, tradingsymbol: GOLDM29OCT26161500CE, symboltoken: 581961
    680. exchange: MCX, tradingsymbol: GOLDM29OCT26161500PE, symboltoken: 582061
    681. exchange: MCX, tradingsymbol: GOLDM29OCT26162000CE, symboltoken: 581962
    682. exchange: MCX, tradingsymbol: GOLDM29OCT26162000PE, symboltoken: 582062
    683. exchange: MCX, tradingsymbol: GOLDM29OCT26162500CE, symboltoken: 581963
    684. exchange: MCX, tradingsymbol: GOLDM29OCT26162500PE, symboltoken: 582063
    685. exchange: MCX, tradingsymbol: GOLDM29OCT26163000CE, symboltoken: 581964
    686. exchange: MCX, tradingsymbol: GOLDM29OCT26163000PE, symboltoken: 582064
    687. exchange: MCX, tradingsymbol: GOLDM29OCT26163500CE, symboltoken: 581965
    688. exchange: MCX, tradingsymbol: GOLDM29OCT26163500PE, symboltoken: 582065
    689. exchange: MCX, tradingsymbol: GOLDM29OCT26164000CE, symboltoken: 581966
    690. exchange: MCX, tradingsymbol: GOLDM29OCT26164000PE, symboltoken: 582066
    691. exchange: MCX, tradingsymbol: GOLDM29OCT26164500CE, symboltoken: 581967
    692. exchange: MCX, tradingsymbol: GOLDM29OCT26164500PE, symboltoken: 582067
    693. exchange: MCX, tradingsymbol: GOLDM29OCT26165000CE, symboltoken: 581968
    694. exchange: MCX, tradingsymbol: GOLDM29OCT26165000PE, symboltoken: 582068
    695. exchange: MCX, tradingsymbol: GOLDM29OCT26165500CE, symboltoken: 581969
    696. exchange: MCX, tradingsymbol: GOLDM29OCT26165500PE, symboltoken: 582069
    697. exchange: MCX, tradingsymbol: GOLDM29OCT26166000CE, symboltoken: 581970
    698. exchange: MCX, tradingsymbol: GOLDM29OCT26166000PE, symboltoken: 582070
    699. exchange: MCX, tradingsymbol: GOLDM29OCT26166500CE, symboltoken: 581971
    700. exchange: MCX, tradingsymbol: GOLDM29OCT26166500PE, symboltoken: 582071
    701. exchange: MCX, tradingsymbol: GOLDM29OCT26167000CE, symboltoken: 581972
    702. exchange: MCX, tradingsymbol: GOLDM29OCT26167000PE, symboltoken: 582072
    703. exchange: MCX, tradingsymbol: GOLDM29OCT26167500CE, symboltoken: 581973
    704. exchange: MCX, tradingsymbol: GOLDM29OCT26167500PE, symboltoken: 582073
    705. exchange: MCX, tradingsymbol: GOLDM29OCT26168000CE, symboltoken: 581974
    706. exchange: MCX, tradingsymbol: GOLDM29OCT26168000PE, symboltoken: 582074
    707. exchange: MCX, tradingsymbol: GOLDM29OCT26168500CE, symboltoken: 581975
    708. exchange: MCX, tradingsymbol: GOLDM29OCT26168500PE, symboltoken: 582075
    709. exchange: MCX, tradingsymbol: GOLDM29OCT26169000CE, symboltoken: 581976
    710. exchange: MCX, tradingsymbol: GOLDM29OCT26169000PE, symboltoken: 582076
    711. exchange: MCX, tradingsymbol: GOLDM29OCT26169500CE, symboltoken: 581977
    712. exchange: MCX, tradingsymbol: GOLDM29OCT26169500PE, symboltoken: 582077
    713. exchange: MCX, tradingsymbol: GOLDM29OCT26170000CE, symboltoken: 581978
    714. exchange: MCX, tradingsymbol: GOLDM29OCT26170000PE, symboltoken: 582078
    715. exchange: MCX, tradingsymbol: GOLDM29OCT26170500CE, symboltoken: 581979
    716. exchange: MCX, tradingsymbol: GOLDM29OCT26170500PE, symboltoken: 582079
    717. exchange: MCX, tradingsymbol: GOLDM29OCT26171000CE, symboltoken: 581980
    718. exchange: MCX, tradingsymbol: GOLDM29OCT26171000PE, symboltoken: 582080
    719. exchange: MCX, tradingsymbol: GOLDM29OCT26171500CE, symboltoken: 581981
    720. exchange: MCX, tradingsymbol: GOLDM29OCT26171500PE, symboltoken: 582081
    721. exchange: MCX, tradingsymbol: GOLDM29OCT26172000CE, symboltoken: 581982
    722. exchange: MCX, tradingsymbol: GOLDM29OCT26172000PE, symboltoken: 582082
    723. exchange: MCX, tradingsymbol: GOLDM29OCT26172500CE, symboltoken: 581983
    724. exchange: MCX, tradingsymbol: GOLDM29OCT26172500PE, symboltoken: 582083
    725. exchange: MCX, tradingsymbol: GOLDM29OCT26173000CE, symboltoken: 581984
    726. exchange: MCX, tradingsymbol: GOLDM29OCT26173000PE, symboltoken: 582084
    727. exchange: MCX, tradingsymbol: GOLDM29OCT26173500CE, symboltoken: 581985
    728. exchange: MCX, tradingsymbol: GOLDM29OCT26173500PE, symboltoken: 582085
    729. exchange: MCX, tradingsymbol: GOLDM29OCT26174000CE, symboltoken: 581986
    730. exchange: MCX, tradingsymbol: GOLDM29OCT26174000PE, symboltoken: 582086
    731. exchange: MCX, tradingsymbol: GOLDM29OCT26174500CE, symboltoken: 582115
    732. exchange: MCX, tradingsymbol: GOLDM29OCT26174500PE, symboltoken: 582116
    733. exchange: MCX, tradingsymbol: GOLDM29OCT26175000CE, symboltoken: 582141
    734. exchange: MCX, tradingsymbol: GOLDM29OCT26175000PE, symboltoken: 582149
    735. exchange: MCX, tradingsymbol: GOLDM29OCT26175500CE, symboltoken: 582142
    736. exchange: MCX, tradingsymbol: GOLDM29OCT26175500PE, symboltoken: 582150
    737. exchange: MCX, tradingsymbol: GOLDM29OCT26176000CE, symboltoken: 582143
    738. exchange: MCX, tradingsymbol: GOLDM29OCT26176000PE, symboltoken: 582151
    739. exchange: MCX, tradingsymbol: GOLDM29OCT26176500CE, symboltoken: 582144
    740. exchange: MCX, tradingsymbol: GOLDM29OCT26176500PE, symboltoken: 582152
    741. exchange: MCX, tradingsymbol: GOLDM29OCT26177000CE, symboltoken: 582145
    742. exchange: MCX, tradingsymbol: GOLDM29OCT26177000PE, symboltoken: 582153
    743. exchange: MCX, tradingsymbol: GOLDM29OCT26177500CE, symboltoken: 582146
    744. exchange: MCX, tradingsymbol: GOLDM29OCT26177500PE, symboltoken: 582154
    745. exchange: MCX, tradingsymbol: GOLDM29OCT26178000CE, symboltoken: 582228
    746. exchange: MCX, tradingsymbol: GOLDM29OCT26178000PE, symboltoken: 582234
    747. exchange: MCX, tradingsymbol: GOLDM29OCT26178500CE, symboltoken: 582229
    748. exchange: MCX, tradingsymbol: GOLDM29OCT26178500PE, symboltoken: 582235
    749. exchange: MCX, tradingsymbol: GOLDM29OCT26179000CE, symboltoken: 582230
    750. exchange: MCX, tradingsymbol: GOLDM29OCT26179000PE, symboltoken: 582236
    751. exchange: MCX, tradingsymbol: GOLDM29OCT26179500CE, symboltoken: 582306
    752. exchange: MCX, tradingsymbol: GOLDM29OCT26179500PE, symboltoken: 582308
    753. exchange: MCX, tradingsymbol: GOLDM29OCT26180000CE, symboltoken: 582320
    754. exchange: MCX, tradingsymbol: GOLDM29OCT26180000PE, symboltoken: 582326
    755. exchange: MCX, tradingsymbol: GOLDM29OCT26180500CE, symboltoken: 582321
    756. exchange: MCX, tradingsymbol: GOLDM29OCT26180500PE, symboltoken: 582327
    757. exchange: MCX, tradingsymbol: GOLDM29OCT26181000CE, symboltoken: 582322
    758. exchange: MCX, tradingsymbol: GOLDM29OCT26181000PE, symboltoken: 582328
    759. exchange: MCX, tradingsymbol: GOLDMAHMCOM, symboltoken: 347
    760. exchange: MCX, tradingsymbol: GOLDMCOM, symboltoken: 117
    761. exchange: MCX, tradingsymbol: GOLDMDELCOM, symboltoken: 348
    762. exchange: MCX, tradingsymbol: GOLDMKOLCOM, symboltoken: 349
    763. exchange: MCX, tradingsymbol: GOLDMMUMCOM, symboltoken: 346
    764. exchange: MCX, tradingsymbol: GOLDMUMCOM, symboltoken: 342
    765. exchange: MCX, tradingsymbol: GOLDM29OCT26178000CE, symboltoken: 582228
    766. exchange: MCX, tradingsymbol: GOLDM29OCT26178000PE, symboltoken: 582234
    767. exchange: MCX, tradingsymbol: GOLDM29OCT26178500CE, symboltoken: 582229
    768. exchange: MCX, tradingsymbol: GOLDM29OCT26178500PE, symboltoken: 582235
    769. exchange: MCX, tradingsymbol: GOLDM29OCT26179000CE, symboltoken: 582230
    770. exchange: MCX, tradingsymbol: GOLDM29OCT26179000PE, symboltoken: 582236
    771. exchange: MCX, tradingsymbol: GOLDM29OCT26179500CE, symboltoken: 582306
    772. exchange: MCX, tradingsymbol: GOLDM29OCT26179500PE, symboltoken: 582308
    773. exchange: MCX, tradingsymbol: GOLDM29OCT26180000CE, symboltoken: 582320
    774. exchange: MCX, tradingsymbol: GOLDM29OCT26180000PE, symboltoken: 582326
    775. exchange: MCX, tradingsymbol: GOLDM29OCT26180500CE, symboltoken: 582321
    776. exchange: MCX, tradingsymbol: GOLDM29OCT26180500PE, symboltoken: 582327
    777. exchange: MCX, tradingsymbol: GOLDM29OCT26181000CE, symboltoken: 582322
    778. exchange: MCX, tradingsymbol: GOLDM29OCT26181000PE, symboltoken: 582328
    779. exchange: MCX, tradingsymbol: GOLDMAHMCOM, symboltoken: 347
    780. exchange: MCX, tradingsymbol: GOLDMCOM, symboltoken: 117
INFO:     Shutting down
INFO:     Waiting for application shutdown.
INFO:     Application shutdown complete.
INFO:     Finished server process [72349]
INFO:     Started server process [72568]
INFO:     Waiting for application startup.
INFO:     Application startup complete.
INFO:     Uvicorn running on http://0.0.0.0:8001 (Press CTRL+C to quit)
[I 260817 09:52:24 smartConnect:124] in pool
[I 260817 09:52:24 smartConnect:496] Search successful. Found 780 trading symbols for the given query:
    1. exchange: MCX, tradingsymbol: GOLDM04DEC26FUT, symboltoken: 575011
    2. exchange: MCX, tradingsymbol: GOLDM04SEP26FUT, symboltoken: 563946
    3. exchange: MCX, tradingsymbol: GOLDM05FEB27FUT, symboltoken: 581880
    4. exchange: MCX, tradingsymbol: GOLDM05JAN27FUT, symboltoken: 578779
    5. exchange: MCX, tradingsymbol: GOLDM05NOV26FUT, symboltoken: 571445
    6. exchange: MCX, tradingsymbol: GOLDM05OCT26FUT, symboltoken: 569003
    7. exchange: MCX, tradingsymbol: GOLDM25SEP26116500CE, symboltoken: 580161
    8. exchange: MCX, tradingsymbol: GOLDM25SEP26116500PE, symboltoken: 580165
    9. exchange: MCX, tradingsymbol: GOLDM25SEP26117000CE, symboltoken: 580160
    10. exchange: MCX, tradingsymbol: GOLDM25SEP26117000PE, symboltoken: 580164
    11. exchange: MCX, tradingsymbol: GOLDM25SEP26117500CE, symboltoken: 580159
    12. exchange: MCX, tradingsymbol: GOLDM25SEP26117500PE, symboltoken: 580163
    13. exchange: MCX, tradingsymbol: GOLDM25SEP26118000CE, symboltoken: 579247
    14. exchange: MCX, tradingsymbol: GOLDM25SEP26118000PE, symboltoken: 579258
    15. exchange: MCX, tradingsymbol: GOLDM25SEP26118500CE, symboltoken: 579246
    16. exchange: MCX, tradingsymbol: GOLDM25SEP26118500PE, symboltoken: 579257
    17. exchange: MCX, tradingsymbol: GOLDM25SEP26119000CE, symboltoken: 579245
    18. exchange: MCX, tradingsymbol: GOLDM25SEP26119000PE, symboltoken: 579256
    19. exchange: MCX, tradingsymbol: GOLDM25SEP26119500CE, symboltoken: 579244
    20. exchange: MCX, tradingsymbol: GOLDM25SEP26119500PE, symboltoken: 579255
    21. exchange: MCX, tradingsymbol: GOLDM25SEP26120000CE, symboltoken: 579243
    22. exchange: MCX, tradingsymbol: GOLDM25SEP26120000PE, symboltoken: 579254
    23. exchange: MCX, tradingsymbol: GOLDM25SEP26120500CE, symboltoken: 579242
    24. exchange: MCX, tradingsymbol: GOLDM25SEP26120500PE, symboltoken: 579253
    25. exchange: MCX, tradingsymbol: GOLDM25SEP26121000CE, symboltoken: 579056
    26. exchange: MCX, tradingsymbol: GOLDM25SEP26121000PE, symboltoken: 579058
    27. exchange: MCX, tradingsymbol: GOLDM25SEP26121500CE, symboltoken: 579055
    28. exchange: MCX, tradingsymbol: GOLDM25SEP26121500PE, symboltoken: 579057
    29. exchange: MCX, tradingsymbol: GOLDM25SEP26122000CE, symboltoken: 579019
    30. exchange: MCX, tradingsymbol: GOLDM25SEP26122000PE, symboltoken: 579022
    31. exchange: MCX, tradingsymbol: GOLDM25SEP26122500CE, symboltoken: 579018
    32. exchange: MCX, tradingsymbol: GOLDM25SEP26122500PE, symboltoken: 579021
    33. exchange: MCX, tradingsymbol: GOLDM25SEP26123000CE, symboltoken: 579017
    34. exchange: MCX, tradingsymbol: GOLDM25SEP26123000PE, symboltoken: 579020
    35. exchange: MCX, tradingsymbol: GOLDM25SEP26123500CE, symboltoken: 579013
    36. exchange: MCX, tradingsymbol: GOLDM25SEP26123500PE, symboltoken: 579016
    37. exchange: MCX, tradingsymbol: GOLDM25SEP26124000CE, symboltoken: 579012
    38. exchange: MCX, tradingsymbol: GOLDM25SEP26124000PE, symboltoken: 579015
    39. exchange: MCX, tradingsymbol: GOLDM25SEP26124500CE, symboltoken: 579011
    40. exchange: MCX, tradingsymbol: GOLDM25SEP26124500PE, symboltoken: 579014
    41. exchange: MCX, tradingsymbol: GOLDM25SEP26125000CE, symboltoken: 579005
    42. exchange: MCX, tradingsymbol: GOLDM25SEP26125000PE, symboltoken: 579006
    43. exchange: MCX, tradingsymbol: GOLDM25SEP26125500CE, symboltoken: 578833
    44. exchange: MCX, tradingsymbol: GOLDM25SEP26125500PE, symboltoken: 578933
    45. exchange: MCX, tradingsymbol: GOLDM25SEP26126000CE, symboltoken: 578832
    46. exchange: MCX, tradingsymbol: GOLDM25SEP26126000PE, symboltoken: 578932
    47. exchange: MCX, tradingsymbol: GOLDM25SEP26126500CE, symboltoken: 578831
    48. exchange: MCX, tradingsymbol: GOLDM25SEP26126500PE, symboltoken: 578931
    49. exchange: MCX, tradingsymbol: GOLDM25SEP26127000CE, symboltoken: 578830
    50. exchange: MCX, tradingsymbol: GOLDM25SEP26127000PE, symboltoken: 578930
    51. exchange: MCX, tradingsymbol: GOLDM25SEP26127500CE, symboltoken: 578829
    52. exchange: MCX, tradingsymbol: GOLDM25SEP26127500PE, symboltoken: 578929
    53. exchange: MCX, tradingsymbol: GOLDM25SEP26128000CE, symboltoken: 578828
    54. exchange: MCX, tradingsymbol: GOLDM25SEP26128000PE, symboltoken: 578928
    55. exchange: MCX, tradingsymbol: GOLDM25SEP26128500CE, symboltoken: 578827
    56. exchange: MCX, tradingsymbol: GOLDM25SEP26128500PE, symboltoken: 578927
    57. exchange: MCX, tradingsymbol: GOLDM25SEP26129000CE, symboltoken: 578826
    58. exchange: MCX, tradingsymbol: GOLDM25SEP26129000PE, symboltoken: 578926
    59. exchange: MCX, tradingsymbol: GOLDM25SEP26129500CE, symboltoken: 578825
    60. exchange: MCX, tradingsymbol: GOLDM25SEP26129500PE, symboltoken: 578925
    61. exchange: MCX, tradingsymbol: GOLDM25SEP26130000CE, symboltoken: 578824
    62. exchange: MCX, tradingsymbol: GOLDM25SEP26130000PE, symboltoken: 578924
    63. exchange: MCX, tradingsymbol: GOLDM25SEP26130500CE, symboltoken: 578823
    64. exchange: MCX, tradingsymbol: GOLDM25SEP26130500PE, symboltoken: 578923
    65. exchange: MCX, tradingsymbol: GOLDM25SEP26131000CE, symboltoken: 578822
    66. exchange: MCX, tradingsymbol: GOLDM25SEP26131000PE, symboltoken: 578922
    67. exchange: MCX, tradingsymbol: GOLDM25SEP26131500CE, symboltoken: 578821
    68. exchange: MCX, tradingsymbol: GOLDM25SEP26131500PE, symboltoken: 578921
    69. exchange: MCX, tradingsymbol: GOLDM25SEP26132000CE, symboltoken: 578820
    70. exchange: MCX, tradingsymbol: GOLDM25SEP26132000PE, symboltoken: 578920
    71. exchange: MCX, tradingsymbol: GOLDM25SEP26132500CE, symboltoken: 578819
    72. exchange: MCX, tradingsymbol: GOLDM25SEP26132500PE, symboltoken: 578919
    73. exchange: MCX, tradingsymbol: GOLDM25SEP26133000CE, symboltoken: 578818
    74. exchange: MCX, tradingsymbol: GOLDM25SEP26133000PE, symboltoken: 578918
    75. exchange: MCX, tradingsymbol: GOLDM25SEP26133500CE, symboltoken: 578817
    76. exchange: MCX, tradingsymbol: GOLDM25SEP26133500PE, symboltoken: 578917
    77. exchange: MCX, tradingsymbol: GOLDM25SEP26134000CE, symboltoken: 578816
    78. exchange: MCX, tradingsymbol: GOLDM25SEP26134000PE, symboltoken: 578916
    79. exchange: MCX, tradingsymbol: GOLDM25SEP26134500CE, symboltoken: 578815
    80. exchange: MCX, tradingsymbol: GOLDM25SEP26134500PE, symboltoken: 578915
    81. exchange: MCX, tradingsymbol: GOLDM25SEP26135000CE, symboltoken: 578814
    82. exchange: MCX, tradingsymbol: GOLDM25SEP26135000PE, symboltoken: 578914
    83. exchange: MCX, tradingsymbol: GOLDM25SEP26135500CE, symboltoken: 578813
    84. exchange: MCX, tradingsymbol: GOLDM25SEP26135500PE, symboltoken: 578913
    85. exchange: MCX, tradingsymbol: GOLDM25SEP26136000CE, symboltoken: 578812
    86. exchange: MCX, tradingsymbol: GOLDM25SEP26136000PE, symboltoken: 578912
    87. exchange: MCX, tradingsymbol: GOLDM25SEP26136500CE, symboltoken: 578811
    88. exchange: MCX, tradingsymbol: GOLDM25SEP26136500PE, symboltoken: 578911
    89. exchange: MCX, tradingsymbol: GOLDM25SEP26137000CE, symboltoken: 578810
    90. exchange: MCX, tradingsymbol: GOLDM25SEP26137000PE, symboltoken: 578910
    91. exchange: MCX, tradingsymbol: GOLDM25SEP26137500CE, symboltoken: 578809
    92. exchange: MCX, tradingsymbol: GOLDM25SEP26137500PE, symboltoken: 578909
    93. exchange: MCX, tradingsymbol: GOLDM25SEP26138000CE, symboltoken: 578808
    94. exchange: MCX, tradingsymbol: GOLDM25SEP26138000PE, symboltoken: 578908
    95. exchange: MCX, tradingsymbol: GOLDM25SEP26138500CE, symboltoken: 578807
    96. exchange: MCX, tradingsymbol: GOLDM25SEP26138500PE, symboltoken: 578907
    97. exchange: MCX, tradingsymbol: GOLDM25SEP26139000CE, symboltoken: 578806
    98. exchange: MCX, tradingsymbol: GOLDM25SEP26139000PE, symboltoken: 578906
    99. exchange: MCX, tradingsymbol: GOLDM25SEP26139500CE, symboltoken: 578805
    100. exchange: MCX, tradingsymbol: GOLDM25SEP26139500PE, symboltoken: 578905
    101. exchange: MCX, tradingsymbol: GOLDM25SEP26140000CE, symboltoken: 578804
    102. exchange: MCX, tradingsymbol: GOLDM25SEP26140000PE, symboltoken: 578904
    103. exchange: MCX, tradingsymbol: GOLDM25SEP26140500CE, symboltoken: 578803
    104. exchange: MCX, tradingsymbol: GOLDM25SEP26140500PE, symboltoken: 578903
    105. exchange: MCX, tradingsymbol: GOLDM25SEP26141000CE, symboltoken: 578802
    106. exchange: MCX, tradingsymbol: GOLDM25SEP26141000PE, symboltoken: 578902
    107. exchange: MCX, tradingsymbol: GOLDM25SEP26141500CE, symboltoken: 578801
    108. exchange: MCX, tradingsymbol: GOLDM25SEP26141500PE, symboltoken: 578901
    109. exchange: MCX, tradingsymbol: GOLDM25SEP26142000CE, symboltoken: 578800
    110. exchange: MCX, tradingsymbol: GOLDM25SEP26142000PE, symboltoken: 578900
    111. exchange: MCX, tradingsymbol: GOLDM25SEP26142500CE, symboltoken: 578799
    112. exchange: MCX, tradingsymbol: GOLDM25SEP26142500PE, symboltoken: 578899
    113. exchange: MCX, tradingsymbol: GOLDM25SEP26143000CE, symboltoken: 578798
    114. exchange: MCX, tradingsymbol: GOLDM25SEP26143000PE, symboltoken: 578898
    115. exchange: MCX, tradingsymbol: GOLDM25SEP26143500CE, symboltoken: 578797
    116. exchange: MCX, tradingsymbol: GOLDM25SEP26143500PE, symboltoken: 578897
    117. exchange: MCX, tradingsymbol: GOLDM25SEP26144000CE, symboltoken: 578796
    118. exchange: MCX, tradingsymbol: GOLDM25SEP26144000PE, symboltoken: 578896
    119. exchange: MCX, tradingsymbol: GOLDM25SEP26144500CE, symboltoken: 578795
    120. exchange: MCX, tradingsymbol: GOLDM25SEP26144500PE, symboltoken: 578895
    121. exchange: MCX, tradingsymbol: GOLDM25SEP26145000CE, symboltoken: 578794
    122. exchange: MCX, tradingsymbol: GOLDM25SEP26145000PE, symboltoken: 578894
    123. exchange: MCX, tradingsymbol: GOLDM25SEP26145500CE, symboltoken: 578793
    124. exchange: MCX, tradingsymbol: GOLDM25SEP26145500PE, symboltoken: 578893
    125. exchange: MCX, tradingsymbol: GOLDM25SEP26146000CE, symboltoken: 578792
    126. exchange: MCX, tradingsymbol: GOLDM25SEP26146000PE, symboltoken: 578892
    127. exchange: MCX, tradingsymbol: GOLDM25SEP26146500CE, symboltoken: 578791
    128. exchange: MCX, tradingsymbol: GOLDM25SEP26146500PE, symboltoken: 578891
    129. exchange: MCX, tradingsymbol: GOLDM25SEP26147000CE, symboltoken: 578790
    130. exchange: MCX, tradingsymbol: GOLDM25SEP26147000PE, symboltoken: 578890
    131. exchange: MCX, tradingsymbol: GOLDM25SEP26147500CE, symboltoken: 578789
    132. exchange: MCX, tradingsymbol: GOLDM25SEP26147500PE, symboltoken: 578889
    133. exchange: MCX, tradingsymbol: GOLDM25SEP26148000CE, symboltoken: 578788
    134. exchange: MCX, tradingsymbol: GOLDM25SEP26148000PE, symboltoken: 578888
    135. exchange: MCX, tradingsymbol: GOLDM25SEP26148500CE, symboltoken: 578787
    136. exchange: MCX, tradingsymbol: GOLDM25SEP26148500PE, symboltoken: 578887
    137. exchange: MCX, tradingsymbol: GOLDM25SEP26149000CE, symboltoken: 578786
    138. exchange: MCX, tradingsymbol: GOLDM25SEP26149000PE, symboltoken: 578886
    139. exchange: MCX, tradingsymbol: GOLDM25SEP26149500CE, symboltoken: 578785
    140. exchange: MCX, tradingsymbol: GOLDM25SEP26149500PE, symboltoken: 578885
    141. exchange: MCX, tradingsymbol: GOLDM25SEP26150000CE, symboltoken: 578784
    142. exchange: MCX, tradingsymbol: GOLDM25SEP26150000PE, symboltoken: 578884
    143. exchange: MCX, tradingsymbol: GOLDM25SEP26150500CE, symboltoken: 578780
    144. exchange: MCX, tradingsymbol: GOLDM25SEP26150500PE, symboltoken: 578781
    145. exchange: MCX, tradingsymbol: GOLDM25SEP26151000CE, symboltoken: 578834
    146. exchange: MCX, tradingsymbol: GOLDM25SEP26151000PE, symboltoken: 578934
    147. exchange: MCX, tradingsymbol: GOLDM25SEP26151500CE, symboltoken: 578835
    148. exchange: MCX, tradingsymbol: GOLDM25SEP26151500PE, symboltoken: 578935
    149. exchange: MCX, tradingsymbol: GOLDM25SEP26152000CE, symboltoken: 578836
    150. exchange: MCX, tradingsymbol: GOLDM25SEP26152000PE, symboltoken: 578936
    151. exchange: MCX, tradingsymbol: GOLDM25SEP26152500CE, symboltoken: 578837
    152. exchange: MCX, tradingsymbol: GOLDM25SEP26152500PE, symboltoken: 578937
    153. exchange: MCX, tradingsymbol: GOLDM25SEP26153000CE, symboltoken: 578838
    154. exchange: MCX, tradingsymbol: GOLDM25SEP26153000PE, symboltoken: 578938
    155. exchange: MCX, tradingsymbol: GOLDM25SEP26153500CE, symboltoken: 578839
    156. exchange: MCX, tradingsymbol: GOLDM25SEP26153500PE, symboltoken: 578939
    157. exchange: MCX, tradingsymbol: GOLDM25SEP26154000CE, symboltoken: 578840
    158. exchange: MCX, tradingsymbol: GOLDM25SEP26154000PE, symboltoken: 578940
    159. exchange: MCX, tradingsymbol: GOLDM25SEP26154500CE, symboltoken: 578841
    160. exchange: MCX, tradingsymbol: GOLDM25SEP26154500PE, symboltoken: 578941
    161. exchange: MCX, tradingsymbol: GOLDM25SEP26155000CE, symboltoken: 578842
    162. exchange: MCX, tradingsymbol: GOLDM25SEP26155000PE, symboltoken: 578942
    163. exchange: MCX, tradingsymbol: GOLDM25SEP26155500CE, symboltoken: 578843
    164. exchange: MCX, tradingsymbol: GOLDM25SEP26155500PE, symboltoken: 578943
    165. exchange: MCX, tradingsymbol: GOLDM25SEP26156000CE, symboltoken: 578844
    166. exchange: MCX, tradingsymbol: GOLDM25SEP26156000PE, symboltoken: 578944
    167. exchange: MCX, tradingsymbol: GOLDM25SEP26156500CE, symboltoken: 578845
    168. exchange: MCX, tradingsymbol: GOLDM25SEP26156500PE, symboltoken: 578945
    169. exchange: MCX, tradingsymbol: GOLDM25SEP26157000CE, symboltoken: 578846
    170. exchange: MCX, tradingsymbol: GOLDM25SEP26157000PE, symboltoken: 578946
    171. exchange: MCX, tradingsymbol: GOLDM25SEP26157500CE, symboltoken: 578847
    172. exchange: MCX, tradingsymbol: GOLDM25SEP26157500PE, symboltoken: 578947
    173. exchange: MCX, tradingsymbol: GOLDM25SEP26158000CE, symboltoken: 578848
    174. exchange: MCX, tradingsymbol: GOLDM25SEP26158000PE, symboltoken: 578948
    175. exchange: MCX, tradingsymbol: GOLDM25SEP26158500CE, symboltoken: 578849
    176. exchange: MCX, tradingsymbol: GOLDM25SEP26158500PE, symboltoken: 578949
    177. exchange: MCX, tradingsymbol: GOLDM25SEP26159000CE, symboltoken: 578850
    178. exchange: MCX, tradingsymbol: GOLDM25SEP26159000PE, symboltoken: 578950
    179. exchange: MCX, tradingsymbol: GOLDM25SEP26159500CE, symboltoken: 578851
    180. exchange: MCX, tradingsymbol: GOLDM25SEP26159500PE, symboltoken: 578951
    181. exchange: MCX, tradingsymbol: GOLDM25SEP26160000CE, symboltoken: 578852
    182. exchange: MCX, tradingsymbol: GOLDM25SEP26160000PE, symboltoken: 578952
    183. exchange: MCX, tradingsymbol: GOLDM25SEP26160500CE, symboltoken: 578853
    184. exchange: MCX, tradingsymbol: GOLDM25SEP26160500PE, symboltoken: 578953
    185. exchange: MCX, tradingsymbol: GOLDM25SEP26161000CE, symboltoken: 578854
    186. exchange: MCX, tradingsymbol: GOLDM25SEP26161000PE, symboltoken: 578954
    187. exchange: MCX, tradingsymbol: GOLDM25SEP26161500CE, symboltoken: 578855
    188. exchange: MCX, tradingsymbol: GOLDM25SEP26161500PE, symboltoken: 578955
    189. exchange: MCX, tradingsymbol: GOLDM25SEP26162000CE, symboltoken: 578856
    190. exchange: MCX, tradingsymbol: GOLDM25SEP26162000PE, symboltoken: 578956
    191. exchange: MCX, tradingsymbol: GOLDM25SEP26162500CE, symboltoken: 578857
    192. exchange: MCX, tradingsymbol: GOLDM25SEP26162500PE, symboltoken: 578957
    193. exchange: MCX, tradingsymbol: GOLDM25SEP26163000CE, symboltoken: 578858
    194. exchange: MCX, tradingsymbol: GOLDM25SEP26163000PE, symboltoken: 578958
    195. exchange: MCX, tradingsymbol: GOLDM25SEP26163500CE, symboltoken: 578859
    196. exchange: MCX, tradingsymbol: GOLDM25SEP26163500PE, symboltoken: 578959
    197. exchange: MCX, tradingsymbol: GOLDM25SEP26164000CE, symboltoken: 578860
    198. exchange: MCX, tradingsymbol: GOLDM25SEP26164000PE, symboltoken: 578960
    199. exchange: MCX, tradingsymbol: GOLDM25SEP26164500CE, symboltoken: 578861
    200. exchange: MCX, tradingsymbol: GOLDM25SEP26164500PE, symboltoken: 578961
    201. exchange: MCX, tradingsymbol: GOLDM25SEP26165000CE, symboltoken: 578862
    202. exchange: MCX, tradingsymbol: GOLDM25SEP26165000PE, symboltoken: 578962
    203. exchange: MCX, tradingsymbol: GOLDM25SEP26165500CE, symboltoken: 578863
    204. exchange: MCX, tradingsymbol: GOLDM25SEP26165500PE, symboltoken: 578963
    205. exchange: MCX, tradingsymbol: GOLDM25SEP26166000CE, symboltoken: 578864
    206. exchange: MCX, tradingsymbol: GOLDM25SEP26166000PE, symboltoken: 578964
    207. exchange: MCX, tradingsymbol: GOLDM25SEP26166500CE, symboltoken: 578865
    208. exchange: MCX, tradingsymbol: GOLDM25SEP26166500PE, symboltoken: 578965
    209. exchange: MCX, tradingsymbol: GOLDM25SEP26167000CE, symboltoken: 578866
    210. exchange: MCX, tradingsymbol: GOLDM25SEP26167000PE, symboltoken: 578966
    211. exchange: MCX, tradingsymbol: GOLDM25SEP26167500CE, symboltoken: 578867
    212. exchange: MCX, tradingsymbol: GOLDM25SEP26167500PE, symboltoken: 578967
    213. exchange: MCX, tradingsymbol: GOLDM25SEP26168000CE, symboltoken: 578868
    214. exchange: MCX, tradingsymbol: GOLDM25SEP26168000PE, symboltoken: 578968
    215. exchange: MCX, tradingsymbol: GOLDM25SEP26168500CE, symboltoken: 578869
    216. exchange: MCX, tradingsymbol: GOLDM25SEP26168500PE, symboltoken: 578969
    217. exchange: MCX, tradingsymbol: GOLDM25SEP26169000CE, symboltoken: 578870
    218. exchange: MCX, tradingsymbol: GOLDM25SEP26169000PE, symboltoken: 578970
    219. exchange: MCX, tradingsymbol: GOLDM25SEP26169500CE, symboltoken: 578871
    220. exchange: MCX, tradingsymbol: GOLDM25SEP26169500PE, symboltoken: 578971
    221. exchange: MCX, tradingsymbol: GOLDM25SEP26170000CE, symboltoken: 578872
    222. exchange: MCX, tradingsymbol: GOLDM25SEP26170000PE, symboltoken: 578972
    223. exchange: MCX, tradingsymbol: GOLDM25SEP26170500CE, symboltoken: 578873
    224. exchange: MCX, tradingsymbol: GOLDM25SEP26170500PE, symboltoken: 578973
    225. exchange: MCX, tradingsymbol: GOLDM25SEP26171000CE, symboltoken: 578874
    226. exchange: MCX, tradingsymbol: GOLDM25SEP26171000PE, symboltoken: 578974
    227. exchange: MCX, tradingsymbol: GOLDM25SEP26171500CE, symboltoken: 578875
    228. exchange: MCX, tradingsymbol: GOLDM25SEP26171500PE, symboltoken: 578975
    229. exchange: MCX, tradingsymbol: GOLDM25SEP26172000CE, symboltoken: 578876
    230. exchange: MCX, tradingsymbol: GOLDM25SEP26172000PE, symboltoken: 578976
    231. exchange: MCX, tradingsymbol: GOLDM25SEP26172500CE, symboltoken: 578877
    232. exchange: MCX, tradingsymbol: GOLDM25SEP26172500PE, symboltoken: 578977
    233. exchange: MCX, tradingsymbol: GOLDM25SEP26173000CE, symboltoken: 578878
    234. exchange: MCX, tradingsymbol: GOLDM25SEP26173000PE, symboltoken: 578978
    235. exchange: MCX, tradingsymbol: GOLDM25SEP26173500CE, symboltoken: 578879
    236. exchange: MCX, tradingsymbol: GOLDM25SEP26173500PE, symboltoken: 578979
    237. exchange: MCX, tradingsymbol: GOLDM25SEP26174000CE, symboltoken: 578880
    238. exchange: MCX, tradingsymbol: GOLDM25SEP26174000PE, symboltoken: 578980
    239. exchange: MCX, tradingsymbol: GOLDM25SEP26174500CE, symboltoken: 578881
    240. exchange: MCX, tradingsymbol: GOLDM25SEP26174500PE, symboltoken: 578981
    241. exchange: MCX, tradingsymbol: GOLDM25SEP26175000CE, symboltoken: 578882
    242. exchange: MCX, tradingsymbol: GOLDM25SEP26175000PE, symboltoken: 578982
    243. exchange: MCX, tradingsymbol: GOLDM25SEP26175500CE, symboltoken: 578883
    244. exchange: MCX, tradingsymbol: GOLDM25SEP26175500PE, symboltoken: 578983
    245. exchange: MCX, tradingsymbol: GOLDM25SEP26176000CE, symboltoken: 582139
    246. exchange: MCX, tradingsymbol: GOLDM25SEP26176000PE, symboltoken: 582147
    247. exchange: MCX, tradingsymbol: GOLDM25SEP26176500CE, symboltoken: 582140
    248. exchange: MCX, tradingsymbol: GOLDM25SEP26176500PE, symboltoken: 582148
    249. exchange: MCX, tradingsymbol: GOLDM25SEP26177000CE, symboltoken: 582225
    250. exchange: MCX, tradingsymbol: GOLDM25SEP26177000PE, symboltoken: 582231
    251. exchange: MCX, tradingsymbol: GOLDM25SEP26177500CE, symboltoken: 582226
    252. exchange: MCX, tradingsymbol: GOLDM25SEP26177500PE, symboltoken: 582232
    253. exchange: MCX, tradingsymbol: GOLDM25SEP26178000CE, symboltoken: 582227
    254. exchange: MCX, tradingsymbol: GOLDM25SEP26178000PE, symboltoken: 582233
    255. exchange: MCX, tradingsymbol: GOLDM25SEP26178500CE, symboltoken: 582305
    256. exchange: MCX, tradingsymbol: GOLDM25SEP26178500PE, symboltoken: 582307
    257. exchange: MCX, tradingsymbol: GOLDM25SEP26179000CE, symboltoken: 582317
    258. exchange: MCX, tradingsymbol: GOLDM25SEP26179000PE, symboltoken: 582323
    259. exchange: MCX, tradingsymbol: GOLDM25SEP26179500CE, symboltoken: 582318
    260. exchange: MCX, tradingsymbol: GOLDM25SEP26179500PE, symboltoken: 582324
    261. exchange: MCX, tradingsymbol: GOLDM25SEP26180000CE, symboltoken: 582319
    262. exchange: MCX, tradingsymbol: GOLDM25SEP26180000PE, symboltoken: 582325
    263. exchange: MCX, tradingsymbol: GOLDM28AUG26116000CE, symboltoken: 580158
    264. exchange: MCX, tradingsymbol: GOLDM28AUG26116000PE, symboltoken: 580162
    265. exchange: MCX, tradingsymbol: GOLDM28AUG26116500CE, symboltoken: 579241
    266. exchange: MCX, tradingsymbol: GOLDM28AUG26116500PE, symboltoken: 579252
    267. exchange: MCX, tradingsymbol: GOLDM28AUG26117000CE, symboltoken: 579240
    268. exchange: MCX, tradingsymbol: GOLDM28AUG26117000PE, symboltoken: 579251
    269. exchange: MCX, tradingsymbol: GOLDM28AUG26117500CE, symboltoken: 579239
    270. exchange: MCX, tradingsymbol: GOLDM28AUG26117500PE, symboltoken: 579250
    271. exchange: MCX, tradingsymbol: GOLDM28AUG26118000CE, symboltoken: 577377
    272. exchange: MCX, tradingsymbol: GOLDM28AUG26118000PE, symboltoken: 577408
    273. exchange: MCX, tradingsymbol: GOLDM28AUG26118500CE, symboltoken: 577376
    274. exchange: MCX, tradingsymbol: GOLDM28AUG26118500PE, symboltoken: 577407
    275. exchange: MCX, tradingsymbol: GOLDM28AUG26119000CE, symboltoken: 577375
    276. exchange: MCX, tradingsymbol: GOLDM28AUG26119000PE, symboltoken: 577406
    277. exchange: MCX, tradingsymbol: GOLDM28AUG26119500CE, symboltoken: 577374
    278. exchange: MCX, tradingsymbol: GOLDM28AUG26119500PE, symboltoken: 577405
    279. exchange: MCX, tradingsymbol: GOLDM28AUG26120000CE, symboltoken: 577373
    280. exchange: MCX, tradingsymbol: GOLDM28AUG26120000PE, symboltoken: 577404
    281. exchange: MCX, tradingsymbol: GOLDM28AUG26120500CE, symboltoken: 577372
    282. exchange: MCX, tradingsymbol: GOLDM28AUG26120500PE, symboltoken: 577403
    283. exchange: MCX, tradingsymbol: GOLDM28AUG26121000CE, symboltoken: 577371
    284. exchange: MCX, tradingsymbol: GOLDM28AUG26121000PE, symboltoken: 577402
    285. exchange: MCX, tradingsymbol: GOLDM28AUG26121500CE, symboltoken: 577370
    286. exchange: MCX, tradingsymbol: GOLDM28AUG26121500PE, symboltoken: 577401
    287. exchange: MCX, tradingsymbol: GOLDM28AUG26122000CE, symboltoken: 577369
    288. exchange: MCX, tradingsymbol: GOLDM28AUG26122000PE, symboltoken: 577400
    289. exchange: MCX, tradingsymbol: GOLDM28AUG26122500CE, symboltoken: 577368
    290. exchange: MCX, tradingsymbol: GOLDM28AUG26122500PE, symboltoken: 577399
    291. exchange: MCX, tradingsymbol: GOLDM28AUG26123000CE, symboltoken: 577367
    292. exchange: MCX, tradingsymbol: GOLDM28AUG26123000PE, symboltoken: 577398
    293. exchange: MCX, tradingsymbol: GOLDM28AUG26123500CE, symboltoken: 576957
    294. exchange: MCX, tradingsymbol: GOLDM28AUG26123500PE, symboltoken: 576960
    295. exchange: MCX, tradingsymbol: GOLDM28AUG26124000CE, symboltoken: 576901
    296. exchange: MCX, tradingsymbol: GOLDM28AUG26124000PE, symboltoken: 576908
    297. exchange: MCX, tradingsymbol: GOLDM28AUG26124500CE, symboltoken: 576900
    298. exchange: MCX, tradingsymbol: GOLDM28AUG26124500PE, symboltoken: 576907
    299. exchange: MCX, tradingsymbol: GOLDM28AUG26125000CE, symboltoken: 575569
    300. exchange: MCX, tradingsymbol: GOLDM28AUG26125000PE, symboltoken: 575595
    301. exchange: MCX, tradingsymbol: GOLDM28AUG26125500CE, symboltoken: 575568
    302. exchange: MCX, tradingsymbol: GOLDM28AUG26125500PE, symboltoken: 575594
    303. exchange: MCX, tradingsymbol: GOLDM28AUG26126000CE, symboltoken: 575567
    304. exchange: MCX, tradingsymbol: GOLDM28AUG26126000PE, symboltoken: 575593
    305. exchange: MCX, tradingsymbol: GOLDM28AUG26126500CE, symboltoken: 575566
    306. exchange: MCX, tradingsymbol: GOLDM28AUG26126500PE, symboltoken: 575592
    307. exchange: MCX, tradingsymbol: GOLDM28AUG26127000CE, symboltoken: 575565
    308. exchange: MCX, tradingsymbol: GOLDM28AUG26127000PE, symboltoken: 575591
    309. exchange: MCX, tradingsymbol: GOLDM28AUG26127500CE, symboltoken: 575564
    310. exchange: MCX, tradingsymbol: GOLDM28AUG26127500PE, symboltoken: 575590
    311. exchange: MCX, tradingsymbol: GOLDM28AUG26128000CE, symboltoken: 575563
    312. exchange: MCX, tradingsymbol: GOLDM28AUG26128000PE, symboltoken: 575589
    313. exchange: MCX, tradingsymbol: GOLDM28AUG26128500CE, symboltoken: 575562
    314. exchange: MCX, tradingsymbol: GOLDM28AUG26128500PE, symboltoken: 575588
    315. exchange: MCX, tradingsymbol: GOLDM28AUG26129000CE, symboltoken: 575561
    316. exchange: MCX, tradingsymbol: GOLDM28AUG26129000PE, symboltoken: 575587
    317. exchange: MCX, tradingsymbol: GOLDM28AUG26129500CE, symboltoken: 575408
    318. exchange: MCX, tradingsymbol: GOLDM28AUG26129500PE, symboltoken: 575413
    319. exchange: MCX, tradingsymbol: GOLDM28AUG26130000CE, symboltoken: 575407
    320. exchange: MCX, tradingsymbol: GOLDM28AUG26130000PE, symboltoken: 575412
    321. exchange: MCX, tradingsymbol: GOLDM28AUG26130500CE, symboltoken: 575406
    322. exchange: MCX, tradingsymbol: GOLDM28AUG26130500PE, symboltoken: 575411
    323. exchange: MCX, tradingsymbol: GOLDM28AUG26131000CE, symboltoken: 575405
    324. exchange: MCX, tradingsymbol: GOLDM28AUG26131000PE, symboltoken: 575410
    325. exchange: MCX, tradingsymbol: GOLDM28AUG26131500CE, symboltoken: 575360
    326. exchange: MCX, tradingsymbol: GOLDM28AUG26131500PE, symboltoken: 575361
    327. exchange: MCX, tradingsymbol: GOLDM28AUG26132000CE, symboltoken: 575066
    328. exchange: MCX, tradingsymbol: GOLDM28AUG26132000PE, symboltoken: 575166
    329. exchange: MCX, tradingsymbol: GOLDM28AUG26132500CE, symboltoken: 575065
    330. exchange: MCX, tradingsymbol: GOLDM28AUG26132500PE, symboltoken: 575165
    331. exchange: MCX, tradingsymbol: GOLDM28AUG26133000CE, symboltoken: 575064
    332. exchange: MCX, tradingsymbol: GOLDM28AUG26133000PE, symboltoken: 575164
    333. exchange: MCX, tradingsymbol: GOLDM28AUG26133500CE, symboltoken: 575063
    334. exchange: MCX, tradingsymbol: GOLDM28AUG26133500PE, symboltoken: 575163
    335. exchange: MCX, tradingsymbol: GOLDM28AUG26134000CE, symboltoken: 575062
    336. exchange: MCX, tradingsymbol: GOLDM28AUG26134000PE, symboltoken: 575162
    337. exchange: MCX, tradingsymbol: GOLDM28AUG26134500CE, symboltoken: 575061
    338. exchange: MCX, tradingsymbol: GOLDM28AUG26134500PE, symboltoken: 575161
    339. exchange: MCX, tradingsymbol: GOLDM28AUG26135000CE, symboltoken: 575060
    340. exchange: MCX, tradingsymbol: GOLDM28AUG26135000PE, symboltoken: 575160
    341. exchange: MCX, tradingsymbol: GOLDM28AUG26135500CE, symboltoken: 575059
    342. exchange: MCX, tradingsymbol: GOLDM28AUG26135500PE, symboltoken: 575159
    343. exchange: MCX, tradingsymbol: GOLDM28AUG26136000CE, symboltoken: 575058
    344. exchange: MCX, tradingsymbol: GOLDM28AUG26136000PE, symboltoken: 575158
    345. exchange: MCX, tradingsymbol: GOLDM28AUG26136500CE, symboltoken: 575057
    346. exchange: MCX, tradingsymbol: GOLDM28AUG26136500PE, symboltoken: 575157
    347. exchange: MCX, tradingsymbol: GOLDM28AUG26137000CE, symboltoken: 575056
    348. exchange: MCX, tradingsymbol: GOLDM28AUG26137000PE, symboltoken: 575156
    349. exchange: MCX, tradingsymbol: GOLDM28AUG26137500CE, symboltoken: 575055
    350. exchange: MCX, tradingsymbol: GOLDM28AUG26137500PE, symboltoken: 575155
    351. exchange: MCX, tradingsymbol: GOLDM28AUG26138000CE, symboltoken: 575054
    352. exchange: MCX, tradingsymbol: GOLDM28AUG26138000PE, symboltoken: 575154
    353. exchange: MCX, tradingsymbol: GOLDM28AUG26138500CE, symboltoken: 575053
    354. exchange: MCX, tradingsymbol: GOLDM28AUG26138500PE, symboltoken: 575153
    355. exchange: MCX, tradingsymbol: GOLDM28AUG26139000CE, symboltoken: 575052
    356. exchange: MCX, tradingsymbol: GOLDM28AUG26139000PE, symboltoken: 575152
    357. exchange: MCX, tradingsymbol: GOLDM28AUG26139500CE, symboltoken: 575051
    358. exchange: MCX, tradingsymbol: GOLDM28AUG26139500PE, symboltoken: 575151
    359. exchange: MCX, tradingsymbol: GOLDM28AUG26140000CE, symboltoken: 575050
    360. exchange: MCX, tradingsymbol: GOLDM28AUG26140000PE, symboltoken: 575150
    361. exchange: MCX, tradingsymbol: GOLDM28AUG26140500CE, symboltoken: 575049
    362. exchange: MCX, tradingsymbol: GOLDM28AUG26140500PE, symboltoken: 575149
    363. exchange: MCX, tradingsymbol: GOLDM28AUG26141000CE, symboltoken: 575048
    364. exchange: MCX, tradingsymbol: GOLDM28AUG26141000PE, symboltoken: 575148
    365. exchange: MCX, tradingsymbol: GOLDM28AUG26141500CE, symboltoken: 575047
    366. exchange: MCX, tradingsymbol: GOLDM28AUG26141500PE, symboltoken: 575147
    367. exchange: MCX, tradingsymbol: GOLDM28AUG26142000CE, symboltoken: 575046
    368. exchange: MCX, tradingsymbol: GOLDM28AUG26142000PE, symboltoken: 575146
    369. exchange: MCX, tradingsymbol: GOLDM28AUG26142500CE, symboltoken: 575045
    370. exchange: MCX, tradingsymbol: GOLDM28AUG26142500PE, symboltoken: 575145
    371. exchange: MCX, tradingsymbol: GOLDM28AUG26143000CE, symboltoken: 575044
    372. exchange: MCX, tradingsymbol: GOLDM28AUG26143000PE, symboltoken: 575144
    373. exchange: MCX, tradingsymbol: GOLDM28AUG26143500CE, symboltoken: 575043
    374. exchange: MCX, tradingsymbol: GOLDM28AUG26143500PE, symboltoken: 575143
    375. exchange: MCX, tradingsymbol: GOLDM28AUG26144000CE, symboltoken: 575042
    376. exchange: MCX, tradingsymbol: GOLDM28AUG26144000PE, symboltoken: 575142
    377. exchange: MCX, tradingsymbol: GOLDM28AUG26144500CE, symboltoken: 575041
    378. exchange: MCX, tradingsymbol: GOLDM28AUG26144500PE, symboltoken: 575141
    379. exchange: MCX, tradingsymbol: GOLDM28AUG26145000CE, symboltoken: 575040
    380. exchange: MCX, tradingsymbol: GOLDM28AUG26145000PE, symboltoken: 575140
    381. exchange: MCX, tradingsymbol: GOLDM28AUG26145500CE, symboltoken: 575039
    382. exchange: MCX, tradingsymbol: GOLDM28AUG26145500PE, symboltoken: 575139
    383. exchange: MCX, tradingsymbol: GOLDM28AUG26146000CE, symboltoken: 575038
    384. exchange: MCX, tradingsymbol: GOLDM28AUG26146000PE, symboltoken: 575138
    385. exchange: MCX, tradingsymbol: GOLDM28AUG26146500CE, symboltoken: 575037
    386. exchange: MCX, tradingsymbol: GOLDM28AUG26146500PE, symboltoken: 575137
    387. exchange: MCX, tradingsymbol: GOLDM28AUG26147000CE, symboltoken: 575036
    388. exchange: MCX, tradingsymbol: GOLDM28AUG26147000PE, symboltoken: 575136
    389. exchange: MCX, tradingsymbol: GOLDM28AUG26147500CE, symboltoken: 575035
    390. exchange: MCX, tradingsymbol: GOLDM28AUG26147500PE, symboltoken: 575135
    391. exchange: MCX, tradingsymbol: GOLDM28AUG26148000CE, symboltoken: 575034
    392. exchange: MCX, tradingsymbol: GOLDM28AUG26148000PE, symboltoken: 575134
    393. exchange: MCX, tradingsymbol: GOLDM28AUG26148500CE, symboltoken: 575033
    394. exchange: MCX, tradingsymbol: GOLDM28AUG26148500PE, symboltoken: 575133
    395. exchange: MCX, tradingsymbol: GOLDM28AUG26149000CE, symboltoken: 575032
    396. exchange: MCX, tradingsymbol: GOLDM28AUG26149000PE, symboltoken: 575132
    397. exchange: MCX, tradingsymbol: GOLDM28AUG26149500CE, symboltoken: 575031
    398. exchange: MCX, tradingsymbol: GOLDM28AUG26149500PE, symboltoken: 575131
    399. exchange: MCX, tradingsymbol: GOLDM28AUG26150000CE, symboltoken: 575030
    400. exchange: MCX, tradingsymbol: GOLDM28AUG26150000PE, symboltoken: 575130
    401. exchange: MCX, tradingsymbol: GOLDM28AUG26150500CE, symboltoken: 575029
    402. exchange: MCX, tradingsymbol: GOLDM28AUG26150500PE, symboltoken: 575129
    403. exchange: MCX, tradingsymbol: GOLDM28AUG26151000CE, symboltoken: 575028
    404. exchange: MCX, tradingsymbol: GOLDM28AUG26151000PE, symboltoken: 575128
    405. exchange: MCX, tradingsymbol: GOLDM28AUG26151500CE, symboltoken: 575027
    406. exchange: MCX, tradingsymbol: GOLDM28AUG26151500PE, symboltoken: 575127
    407. exchange: MCX, tradingsymbol: GOLDM28AUG26152000CE, symboltoken: 575026
    408. exchange: MCX, tradingsymbol: GOLDM28AUG26152000PE, symboltoken: 575126
    409. exchange: MCX, tradingsymbol: GOLDM28AUG26152500CE, symboltoken: 575025
    410. exchange: MCX, tradingsymbol: GOLDM28AUG26152500PE, symboltoken: 575125
    411. exchange: MCX, tradingsymbol: GOLDM28AUG26153000CE, symboltoken: 575024
    412. exchange: MCX, tradingsymbol: GOLDM28AUG26153000PE, symboltoken: 575124
    413. exchange: MCX, tradingsymbol: GOLDM28AUG26153500CE, symboltoken: 575023
    414. exchange: MCX, tradingsymbol: GOLDM28AUG26153500PE, symboltoken: 575123
    415. exchange: MCX, tradingsymbol: GOLDM28AUG26154000CE, symboltoken: 575022
    416. exchange: MCX, tradingsymbol: GOLDM28AUG26154000PE, symboltoken: 575122
    417. exchange: MCX, tradingsymbol: GOLDM28AUG26154500CE, symboltoken: 575021
    418. exchange: MCX, tradingsymbol: GOLDM28AUG26154500PE, symboltoken: 575121
    419. exchange: MCX, tradingsymbol: GOLDM28AUG26155000CE, symboltoken: 575020
    420. exchange: MCX, tradingsymbol: GOLDM28AUG26155000PE, symboltoken: 575120
    421. exchange: MCX, tradingsymbol: GOLDM28AUG26155500CE, symboltoken: 575019
    422. exchange: MCX, tradingsymbol: GOLDM28AUG26155500PE, symboltoken: 575119
    423. exchange: MCX, tradingsymbol: GOLDM28AUG26156000CE, symboltoken: 575018
    424. exchange: MCX, tradingsymbol: GOLDM28AUG26156000PE, symboltoken: 575118
    425. exchange: MCX, tradingsymbol: GOLDM28AUG26156500CE, symboltoken: 575012
    426. exchange: MCX, tradingsymbol: GOLDM28AUG26156500PE, symboltoken: 575013
    427. exchange: MCX, tradingsymbol: GOLDM28AUG26157000CE, symboltoken: 575067
    428. exchange: MCX, tradingsymbol: GOLDM28AUG26157000PE, symboltoken: 575167
    429. exchange: MCX, tradingsymbol: GOLDM28AUG26157500CE, symboltoken: 575068
    430. exchange: MCX, tradingsymbol: GOLDM28AUG26157500PE, symboltoken: 575168
    431. exchange: MCX, tradingsymbol: GOLDM28AUG26158000CE, symboltoken: 575069
    432. exchange: MCX, tradingsymbol: GOLDM28AUG26158000PE, symboltoken: 575169
    433. exchange: MCX, tradingsymbol: GOLDM28AUG26158500CE, symboltoken: 575070
    434. exchange: MCX, tradingsymbol: GOLDM28AUG26158500PE, symboltoken: 575170
    435. exchange: MCX, tradingsymbol: GOLDM28AUG26159000CE, symboltoken: 575071
    436. exchange: MCX, tradingsymbol: GOLDM28AUG26159000PE, symboltoken: 575171
    437. exchange: MCX, tradingsymbol: GOLDM28AUG26159500CE, symboltoken: 575072
    438. exchange: MCX, tradingsymbol: GOLDM28AUG26159500PE, symboltoken: 575172
    439. exchange: MCX, tradingsymbol: GOLDM28AUG26160000CE, symboltoken: 575073
    440. exchange: MCX, tradingsymbol: GOLDM28AUG26160000PE, symboltoken: 575173
    441. exchange: MCX, tradingsymbol: GOLDM28AUG26160500CE, symboltoken: 575074
    442. exchange: MCX, tradingsymbol: GOLDM28AUG26160500PE, symboltoken: 575174
    443. exchange: MCX, tradingsymbol: GOLDM28AUG26161000CE, symboltoken: 575075
    444. exchange: MCX, tradingsymbol: GOLDM28AUG26161000PE, symboltoken: 575175
    445. exchange: MCX, tradingsymbol: GOLDM28AUG26161500CE, symboltoken: 575076
    446. exchange: MCX, tradingsymbol: GOLDM28AUG26161500PE, symboltoken: 575176
    447. exchange: MCX, tradingsymbol: GOLDM28AUG26162000CE, symboltoken: 575077
    448. exchange: MCX, tradingsymbol: GOLDM28AUG26162000PE, symboltoken: 575177
    449. exchange: MCX, tradingsymbol: GOLDM28AUG26162500CE, symboltoken: 575078
    450. exchange: MCX, tradingsymbol: GOLDM28AUG26162500PE, symboltoken: 575178
    451. exchange: MCX, tradingsymbol: GOLDM28AUG26163000CE, symboltoken: 575079
    452. exchange: MCX, tradingsymbol: GOLDM28AUG26163000PE, symboltoken: 575179
    453. exchange: MCX, tradingsymbol: GOLDM28AUG26163500CE, symboltoken: 575080
    454. exchange: MCX, tradingsymbol: GOLDM28AUG26163500PE, symboltoken: 575180
    455. exchange: MCX, tradingsymbol: GOLDM28AUG26164000CE, symboltoken: 575081
    456. exchange: MCX, tradingsymbol: GOLDM28AUG26164000PE, symboltoken: 575181
    457. exchange: MCX, tradingsymbol: GOLDM28AUG26164500CE, symboltoken: 575082
    458. exchange: MCX, tradingsymbol: GOLDM28AUG26164500PE, symboltoken: 575182
    459. exchange: MCX, tradingsymbol: GOLDM28AUG26165000CE, symboltoken: 575083
    460. exchange: MCX, tradingsymbol: GOLDM28AUG26165000PE, symboltoken: 575183
    461. exchange: MCX, tradingsymbol: GOLDM28AUG26165500CE, symboltoken: 575084
    462. exchange: MCX, tradingsymbol: GOLDM28AUG26165500PE, symboltoken: 575184
    463. exchange: MCX, tradingsymbol: GOLDM28AUG26166000CE, symboltoken: 575085
    464. exchange: MCX, tradingsymbol: GOLDM28AUG26166000PE, symboltoken: 575185
    465. exchange: MCX, tradingsymbol: GOLDM28AUG26166500CE, symboltoken: 575086
    466. exchange: MCX, tradingsymbol: GOLDM28AUG26166500PE, symboltoken: 575186
    467. exchange: MCX, tradingsymbol: GOLDM28AUG26167000CE, symboltoken: 575087
    468. exchange: MCX, tradingsymbol: GOLDM28AUG26167000PE, symboltoken: 575187
    469. exchange: MCX, tradingsymbol: GOLDM28AUG26167500CE, symboltoken: 575088
    470. exchange: MCX, tradingsymbol: GOLDM28AUG26167500PE, symboltoken: 575188
    471. exchange: MCX, tradingsymbol: GOLDM28AUG26168000CE, symboltoken: 575089
    472. exchange: MCX, tradingsymbol: GOLDM28AUG26168000PE, symboltoken: 575189
    473. exchange: MCX, tradingsymbol: GOLDM28AUG26168500CE, symboltoken: 575090
    474. exchange: MCX, tradingsymbol: GOLDM28AUG26168500PE, symboltoken: 575190
    475. exchange: MCX, tradingsymbol: GOLDM28AUG26169000CE, symboltoken: 575091
    476. exchange: MCX, tradingsymbol: GOLDM28AUG26169000PE, symboltoken: 575191
    477. exchange: MCX, tradingsymbol: GOLDM28AUG26169500CE, symboltoken: 575092
    478. exchange: MCX, tradingsymbol: GOLDM28AUG26169500PE, symboltoken: 575192
    479. exchange: MCX, tradingsymbol: GOLDM28AUG26170000CE, symboltoken: 575093
    480. exchange: MCX, tradingsymbol: GOLDM28AUG26170000PE, symboltoken: 575193
    481. exchange: MCX, tradingsymbol: GOLDM28AUG26170500CE, symboltoken: 575094
    482. exchange: MCX, tradingsymbol: GOLDM28AUG26170500PE, symboltoken: 575194
    483. exchange: MCX, tradingsymbol: GOLDM28AUG26171000CE, symboltoken: 575095
    484. exchange: MCX, tradingsymbol: GOLDM28AUG26171000PE, symboltoken: 575195
    485. exchange: MCX, tradingsymbol: GOLDM28AUG26171500CE, symboltoken: 575096
    486. exchange: MCX, tradingsymbol: GOLDM28AUG26171500PE, symboltoken: 575196
    487. exchange: MCX, tradingsymbol: GOLDM28AUG26172000CE, symboltoken: 575097
    488. exchange: MCX, tradingsymbol: GOLDM28AUG26172000PE, symboltoken: 575197
    489. exchange: MCX, tradingsymbol: GOLDM28AUG26172500CE, symboltoken: 575098
    490. exchange: MCX, tradingsymbol: GOLDM28AUG26172500PE, symboltoken: 575198
    491. exchange: MCX, tradingsymbol: GOLDM28AUG26173000CE, symboltoken: 575099
    492. exchange: MCX, tradingsymbol: GOLDM28AUG26173000PE, symboltoken: 575199
    493. exchange: MCX, tradingsymbol: GOLDM28AUG26173500CE, symboltoken: 575100
    494. exchange: MCX, tradingsymbol: GOLDM28AUG26173500PE, symboltoken: 575200
    495. exchange: MCX, tradingsymbol: GOLDM28AUG26174000CE, symboltoken: 575101
    496. exchange: MCX, tradingsymbol: GOLDM28AUG26174000PE, symboltoken: 575201
    497. exchange: MCX, tradingsymbol: GOLDM28AUG26174500CE, symboltoken: 575102
    498. exchange: MCX, tradingsymbol: GOLDM28AUG26174500PE, symboltoken: 575202
    499. exchange: MCX, tradingsymbol: GOLDM28AUG26175000CE, symboltoken: 575103
    500. exchange: MCX, tradingsymbol: GOLDM28AUG26175000PE, symboltoken: 575203
    501. exchange: MCX, tradingsymbol: GOLDM28AUG26175500CE, symboltoken: 575104
    502. exchange: MCX, tradingsymbol: GOLDM28AUG26175500PE, symboltoken: 575204
    503. exchange: MCX, tradingsymbol: GOLDM28AUG26176000CE, symboltoken: 575105
    504. exchange: MCX, tradingsymbol: GOLDM28AUG26176000PE, symboltoken: 575205
    505. exchange: MCX, tradingsymbol: GOLDM28AUG26176500CE, symboltoken: 575106
    506. exchange: MCX, tradingsymbol: GOLDM28AUG26176500PE, symboltoken: 575206
    507. exchange: MCX, tradingsymbol: GOLDM28AUG26177000CE, symboltoken: 575107
    508. exchange: MCX, tradingsymbol: GOLDM28AUG26177000PE, symboltoken: 575207
    509. exchange: MCX, tradingsymbol: GOLDM28AUG26177500CE, symboltoken: 575108
    510. exchange: MCX, tradingsymbol: GOLDM28AUG26177500PE, symboltoken: 575208
    511. exchange: MCX, tradingsymbol: GOLDM28AUG26178000CE, symboltoken: 575109
    512. exchange: MCX, tradingsymbol: GOLDM28AUG26178000PE, symboltoken: 575209
    513. exchange: MCX, tradingsymbol: GOLDM28AUG26178500CE, symboltoken: 575110
    514. exchange: MCX, tradingsymbol: GOLDM28AUG26178500PE, symboltoken: 575210
    515. exchange: MCX, tradingsymbol: GOLDM28AUG26179000CE, symboltoken: 575111
    516. exchange: MCX, tradingsymbol: GOLDM28AUG26179000PE, symboltoken: 575211
    517. exchange: MCX, tradingsymbol: GOLDM28AUG26179500CE, symboltoken: 575112
    518. exchange: MCX, tradingsymbol: GOLDM28AUG26179500PE, symboltoken: 575212
    519. exchange: MCX, tradingsymbol: GOLDM28AUG26180000CE, symboltoken: 575113
    520. exchange: MCX, tradingsymbol: GOLDM28AUG26180000PE, symboltoken: 575213
    521. exchange: MCX, tradingsymbol: GOLDM28AUG26180500CE, symboltoken: 575114
    522. exchange: MCX, tradingsymbol: GOLDM28AUG26180500PE, symboltoken: 575214
    523. exchange: MCX, tradingsymbol: GOLDM28AUG26181000CE, symboltoken: 575115
    524. exchange: MCX, tradingsymbol: GOLDM28AUG26181000PE, symboltoken: 575215
    525. exchange: MCX, tradingsymbol: GOLDM28AUG26181500CE, symboltoken: 575116
    526. exchange: MCX, tradingsymbol: GOLDM28AUG26181500PE, symboltoken: 575216
    527. exchange: MCX, tradingsymbol: GOLDM28AUG26182000CE, symboltoken: 575117
    528. exchange: MCX, tradingsymbol: GOLDM28AUG26182000PE, symboltoken: 575217
    529. exchange: MCX, tradingsymbol: GOLDM29OCT26124000CE, symboltoken: 581936
    530. exchange: MCX, tradingsymbol: GOLDM29OCT26124000PE, symboltoken: 582036
    531. exchange: MCX, tradingsymbol: GOLDM29OCT26124500CE, symboltoken: 581935
    532. exchange: MCX, tradingsymbol: GOLDM29OCT26124500PE, symboltoken: 582035
    533. exchange: MCX, tradingsymbol: GOLDM29OCT26125000CE, symboltoken: 581934
    534. exchange: MCX, tradingsymbol: GOLDM29OCT26125000PE, symboltoken: 582034
    535. exchange: MCX, tradingsymbol: GOLDM29OCT26125500CE, symboltoken: 581933
    536. exchange: MCX, tradingsymbol: GOLDM29OCT26125500PE, symboltoken: 582033
    537. exchange: MCX, tradingsymbol: GOLDM29OCT26126000CE, symboltoken: 581932
    538. exchange: MCX, tradingsymbol: GOLDM29OCT26126000PE, symboltoken: 582032
    539. exchange: MCX, tradingsymbol: GOLDM29OCT26126500CE, symboltoken: 581931
    540. exchange: MCX, tradingsymbol: GOLDM29OCT26126500PE, symboltoken: 582031
    541. exchange: MCX, tradingsymbol: GOLDM29OCT26127000CE, symboltoken: 581930
    542. exchange: MCX, tradingsymbol: GOLDM29OCT26127000PE, symboltoken: 582030
    543. exchange: MCX, tradingsymbol: GOLDM29OCT26127500CE, symboltoken: 581929
    544. exchange: MCX, tradingsymbol: GOLDM29OCT26127500PE, symboltoken: 582029
    545. exchange: MCX, tradingsymbol: GOLDM29OCT26128000CE, symboltoken: 581928
    546. exchange: MCX, tradingsymbol: GOLDM29OCT26128000PE, symboltoken: 582028
    547. exchange: MCX, tradingsymbol: GOLDM29OCT26128500CE, symboltoken: 581927
    548. exchange: MCX, tradingsymbol: GOLDM29OCT26128500PE, symboltoken: 582027
    549. exchange: MCX, tradingsymbol: GOLDM29OCT26129000CE, symboltoken: 581926
    550. exchange: MCX, tradingsymbol: GOLDM29OCT26129000PE, symboltoken: 582026
    551. exchange: MCX, tradingsymbol: GOLDM29OCT26129500CE, symboltoken: 581925
    552. exchange: MCX, tradingsymbol: GOLDM29OCT26129500PE, symboltoken: 582025
    553. exchange: MCX, tradingsymbol: GOLDM29OCT26130000CE, symboltoken: 581924
    554. exchange: MCX, tradingsymbol: GOLDM29OCT26130000PE, symboltoken: 582024
    555. exchange: MCX, tradingsymbol: GOLDM29OCT26130500CE, symboltoken: 581923
    556. exchange: MCX, tradingsymbol: GOLDM29OCT26130500PE, symboltoken: 582023
    557. exchange: MCX, tradingsymbol: GOLDM29OCT26131000CE, symboltoken: 581922
    558. exchange: MCX, tradingsymbol: GOLDM29OCT26131000PE, symboltoken: 582022
    559. exchange: MCX, tradingsymbol: GOLDM29OCT26131500CE, symboltoken: 581921
    560. exchange: MCX, tradingsymbol: GOLDM29OCT26131500PE, symboltoken: 582021
    561. exchange: MCX, tradingsymbol: GOLDM29OCT26132000CE, symboltoken: 581920
    562. exchange: MCX, tradingsymbol: GOLDM29OCT26132000PE, symboltoken: 582020
    563. exchange: MCX, tradingsymbol: GOLDM29OCT26132500CE, symboltoken: 581919
    564. exchange: MCX, tradingsymbol: GOLDM29OCT26132500PE, symboltoken: 582019
    565. exchange: MCX, tradingsymbol: GOLDM29OCT26133000CE, symboltoken: 581918
    566. exchange: MCX, tradingsymbol: GOLDM29OCT26133000PE, symboltoken: 582018
    567. exchange: MCX, tradingsymbol: GOLDM29OCT26133500CE, symboltoken: 581917
    568. exchange: MCX, tradingsymbol: GOLDM29OCT26133500PE, symboltoken: 582017
    569. exchange: MCX, tradingsymbol: GOLDM29OCT26134000CE, symboltoken: 581916
    570. exchange: MCX, tradingsymbol: GOLDM29OCT26134000PE, symboltoken: 582016
    571. exchange: MCX, tradingsymbol: GOLDM29OCT26134500CE, symboltoken: 581915
    572. exchange: MCX, tradingsymbol: GOLDM29OCT26134500PE, symboltoken: 582015
    573. exchange: MCX, tradingsymbol: GOLDM29OCT26135000CE, symboltoken: 581914
    574. exchange: MCX, tradingsymbol: GOLDM29OCT26135000PE, symboltoken: 582014
    575. exchange: MCX, tradingsymbol: GOLDM29OCT26135500CE, symboltoken: 581913
    576. exchange: MCX, tradingsymbol: GOLDM29OCT26135500PE, symboltoken: 582013
    577. exchange: MCX, tradingsymbol: GOLDM29OCT26136000CE, symboltoken: 581912
    578. exchange: MCX, tradingsymbol: GOLDM29OCT26136000PE, symboltoken: 582012
    579. exchange: MCX, tradingsymbol: GOLDM29OCT26136500CE, symboltoken: 581911
    580. exchange: MCX, tradingsymbol: GOLDM29OCT26136500PE, symboltoken: 582011
    581. exchange: MCX, tradingsymbol: GOLDM29OCT26137000CE, symboltoken: 581910
    582. exchange: MCX, tradingsymbol: GOLDM29OCT26137000PE, symboltoken: 582010
    583. exchange: MCX, tradingsymbol: GOLDM29OCT26137500CE, symboltoken: 581909
    584. exchange: MCX, tradingsymbol: GOLDM29OCT26137500PE, symboltoken: 582009
    585. exchange: MCX, tradingsymbol: GOLDM29OCT26138000CE, symboltoken: 581908
    586. exchange: MCX, tradingsymbol: GOLDM29OCT26138000PE, symboltoken: 582008
    587. exchange: MCX, tradingsymbol: GOLDM29OCT26138500CE, symboltoken: 581907
    588. exchange: MCX, tradingsymbol: GOLDM29OCT26138500PE, symboltoken: 582007
    589. exchange: MCX, tradingsymbol: GOLDM29OCT26139000CE, symboltoken: 581906
    590. exchange: MCX, tradingsymbol: GOLDM29OCT26139000PE, symboltoken: 582006
    591. exchange: MCX, tradingsymbol: GOLDM29OCT26139500CE, symboltoken: 581905
    592. exchange: MCX, tradingsymbol: GOLDM29OCT26139500PE, symboltoken: 582005
    593. exchange: MCX, tradingsymbol: GOLDM29OCT26140000CE, symboltoken: 581904
    594. exchange: MCX, tradingsymbol: GOLDM29OCT26140000PE, symboltoken: 582004
    595. exchange: MCX, tradingsymbol: GOLDM29OCT26140500CE, symboltoken: 581903
    596. exchange: MCX, tradingsymbol: GOLDM29OCT26140500PE, symboltoken: 582003
    597. exchange: MCX, tradingsymbol: GOLDM29OCT26141000CE, symboltoken: 581902
    598. exchange: MCX, tradingsymbol: GOLDM29OCT26141000PE, symboltoken: 582002
    599. exchange: MCX, tradingsymbol: GOLDM29OCT26141500CE, symboltoken: 581901
    600. exchange: MCX, tradingsymbol: GOLDM29OCT26141500PE, symboltoken: 582001
    601. exchange: MCX, tradingsymbol: GOLDM29OCT26142000CE, symboltoken: 581900
    602. exchange: MCX, tradingsymbol: GOLDM29OCT26142000PE, symboltoken: 582000
    603. exchange: MCX, tradingsymbol: GOLDM29OCT26142500CE, symboltoken: 581899
    604. exchange: MCX, tradingsymbol: GOLDM29OCT26142500PE, symboltoken: 581999
    605. exchange: MCX, tradingsymbol: GOLDM29OCT26143000CE, symboltoken: 581898
    606. exchange: MCX, tradingsymbol: GOLDM29OCT26143000PE, symboltoken: 581998
    607. exchange: MCX, tradingsymbol: GOLDM29OCT26143500CE, symboltoken: 581897
    608. exchange: MCX, tradingsymbol: GOLDM29OCT26143500PE, symboltoken: 581997
    609. exchange: MCX, tradingsymbol: GOLDM29OCT26144000CE, symboltoken: 581896
    610. exchange: MCX, tradingsymbol: GOLDM29OCT26144000PE, symboltoken: 581996
    611. exchange: MCX, tradingsymbol: GOLDM29OCT26144500CE, symboltoken: 581895
    612. exchange: MCX, tradingsymbol: GOLDM29OCT26144500PE, symboltoken: 581995
    613. exchange: MCX, tradingsymbol: GOLDM29OCT26145000CE, symboltoken: 581894
    614. exchange: MCX, tradingsymbol: GOLDM29OCT26145000PE, symboltoken: 581994
    615. exchange: MCX, tradingsymbol: GOLDM29OCT26145500CE, symboltoken: 581893
    616. exchange: MCX, tradingsymbol: GOLDM29OCT26145500PE, symboltoken: 581993
    617. exchange: MCX, tradingsymbol: GOLDM29OCT26146000CE, symboltoken: 581892
    618. exchange: MCX, tradingsymbol: GOLDM29OCT26146000PE, symboltoken: 581992
    619. exchange: MCX, tradingsymbol: GOLDM29OCT26146500CE, symboltoken: 581891
    620. exchange: MCX, tradingsymbol: GOLDM29OCT26146500PE, symboltoken: 581991
    621. exchange: MCX, tradingsymbol: GOLDM29OCT26147000CE, symboltoken: 581890
    622. exchange: MCX, tradingsymbol: GOLDM29OCT26147000PE, symboltoken: 581990
    623. exchange: MCX, tradingsymbol: GOLDM29OCT26147500CE, symboltoken: 581889
    624. exchange: MCX, tradingsymbol: GOLDM29OCT26147500PE, symboltoken: 581989
    625. exchange: MCX, tradingsymbol: GOLDM29OCT26148000CE, symboltoken: 581888
    626. exchange: MCX, tradingsymbol: GOLDM29OCT26148000PE, symboltoken: 581988
    627. exchange: MCX, tradingsymbol: GOLDM29OCT26148500CE, symboltoken: 581887
    628. exchange: MCX, tradingsymbol: GOLDM29OCT26148500PE, symboltoken: 581987
    629. exchange: MCX, tradingsymbol: GOLDM29OCT26149000CE, symboltoken: 581937
    630. exchange: MCX, tradingsymbol: GOLDM29OCT26149000PE, symboltoken: 582037
    631. exchange: MCX, tradingsymbol: GOLDM29OCT26149500CE, symboltoken: 581881
    632. exchange: MCX, tradingsymbol: GOLDM29OCT26149500PE, symboltoken: 581882
    633. exchange: MCX, tradingsymbol: GOLDM29OCT26150000CE, symboltoken: 581938
    634. exchange: MCX, tradingsymbol: GOLDM29OCT26150000PE, symboltoken: 582038
    635. exchange: MCX, tradingsymbol: GOLDM29OCT26150500CE, symboltoken: 581939
    636. exchange: MCX, tradingsymbol: GOLDM29OCT26150500PE, symboltoken: 582039
    637. exchange: MCX, tradingsymbol: GOLDM29OCT26151000CE, symboltoken: 581940
    638. exchange: MCX, tradingsymbol: GOLDM29OCT26151000PE, symboltoken: 582040
    639. exchange: MCX, tradingsymbol: GOLDM29OCT26151500CE, symboltoken: 581941
    640. exchange: MCX, tradingsymbol: GOLDM29OCT26151500PE, symboltoken: 582041
    641. exchange: MCX, tradingsymbol: GOLDM29OCT26152000CE, symboltoken: 581942
    642. exchange: MCX, tradingsymbol: GOLDM29OCT26152000PE, symboltoken: 582042
    643. exchange: MCX, tradingsymbol: GOLDM29OCT26152500CE, symboltoken: 581943
    644. exchange: MCX, tradingsymbol: GOLDM29OCT26152500PE, symboltoken: 582043
    645. exchange: MCX, tradingsymbol: GOLDM29OCT26153000CE, symboltoken: 581944
    646. exchange: MCX, tradingsymbol: GOLDM29OCT26153000PE, symboltoken: 582044
    647. exchange: MCX, tradingsymbol: GOLDM29OCT26153500CE, symboltoken: 581945
    648. exchange: MCX, tradingsymbol: GOLDM29OCT26153500PE, symboltoken: 582045
    649. exchange: MCX, tradingsymbol: GOLDM29OCT26154000CE, symboltoken: 581946
    650. exchange: MCX, tradingsymbol: GOLDM29OCT26154000PE, symboltoken: 582046
    651. exchange: MCX, tradingsymbol: GOLDM29OCT26154500CE, symboltoken: 581947
    652. exchange: MCX, tradingsymbol: GOLDM29OCT26154500PE, symboltoken: 582047
    653. exchange: MCX, tradingsymbol: GOLDM29OCT26155000CE, symboltoken: 581948
    654. exchange: MCX, tradingsymbol: GOLDM29OCT26155000PE, symboltoken: 582048
    655. exchange: MCX, tradingsymbol: GOLDM29OCT26155500CE, symboltoken: 581949
    656. exchange: MCX, tradingsymbol: GOLDM29OCT26155500PE, symboltoken: 582049
    657. exchange: MCX, tradingsymbol: GOLDM29OCT26156000CE, symboltoken: 581950
    658. exchange: MCX, tradingsymbol: GOLDM29OCT26156000PE, symboltoken: 582050
    659. exchange: MCX, tradingsymbol: GOLDM29OCT26156500CE, symboltoken: 581951
    660. exchange: MCX, tradingsymbol: GOLDM29OCT26156500PE, symboltoken: 582051
    661. exchange: MCX, tradingsymbol: GOLDM29OCT26157000CE, symboltoken: 581952
    662. exchange: MCX, tradingsymbol: GOLDM29OCT26157000PE, symboltoken: 582052
    663. exchange: MCX, tradingsymbol: GOLDM29OCT26157500CE, symboltoken: 581953
    664. exchange: MCX, tradingsymbol: GOLDM29OCT26157500PE, symboltoken: 582053
    665. exchange: MCX, tradingsymbol: GOLDM29OCT26158000CE, symboltoken: 581954
    666. exchange: MCX, tradingsymbol: GOLDM29OCT26158000PE, symboltoken: 582054
    667. exchange: MCX, tradingsymbol: GOLDM29OCT26158500CE, symboltoken: 581955
    668. exchange: MCX, tradingsymbol: GOLDM29OCT26158500PE, symboltoken: 582055
    669. exchange: MCX, tradingsymbol: GOLDM29OCT26159000CE, symboltoken: 581956
    670. exchange: MCX, tradingsymbol: GOLDM29OCT26159000PE, symboltoken: 582056
    671. exchange: MCX, tradingsymbol: GOLDM29OCT26159500CE, symboltoken: 581957
    672. exchange: MCX, tradingsymbol: GOLDM29OCT26159500PE, symboltoken: 582057
    673. exchange: MCX, tradingsymbol: GOLDM29OCT26160000CE, symboltoken: 581958
    674. exchange: MCX, tradingsymbol: GOLDM29OCT26160000PE, symboltoken: 582058
    675. exchange: MCX, tradingsymbol: GOLDM29OCT26160500CE, symboltoken: 581959
    676. exchange: MCX, tradingsymbol: GOLDM29OCT26160500PE, symboltoken: 582059
    677. exchange: MCX, tradingsymbol: GOLDM29OCT26161000CE, symboltoken: 581960
    678. exchange: MCX, tradingsymbol: GOLDM29OCT26161000PE, symboltoken: 582060
    679. exchange: MCX, tradingsymbol: GOLDM29OCT26161500CE, symboltoken: 581961
    680. exchange: MCX, tradingsymbol: GOLDM29OCT26161500PE, symboltoken: 582061
    681. exchange: MCX, tradingsymbol: GOLDM29OCT26162000CE, symboltoken: 581962
    682. exchange: MCX, tradingsymbol: GOLDM29OCT26162000PE, symboltoken: 582062
    683. exchange: MCX, tradingsymbol: GOLDM29OCT26162500CE, symboltoken: 581963
    684. exchange: MCX, tradingsymbol: GOLDM29OCT26162500PE, symboltoken: 582063
    685. exchange: MCX, tradingsymbol: GOLDM29OCT26163000CE, symboltoken: 581964
    686. exchange: MCX, tradingsymbol: GOLDM29OCT26163000PE, symboltoken: 582064
    687. exchange: MCX, tradingsymbol: GOLDM29OCT26163500CE, symboltoken: 581965
    688. exchange: MCX, tradingsymbol: GOLDM29OCT26163500PE, symboltoken: 582065
    689. exchange: MCX, tradingsymbol: GOLDM29OCT26164000CE, symboltoken: 581966
    690. exchange: MCX, tradingsymbol: GOLDM29OCT26164000PE, symboltoken: 582066
    691. exchange: MCX, tradingsymbol: GOLDM29OCT26164500CE, symboltoken: 581967
    692. exchange: MCX, tradingsymbol: GOLDM29OCT26164500PE, symboltoken: 582067
    693. exchange: MCX, tradingsymbol: GOLDM29OCT26165000CE, symboltoken: 581968
    694. exchange: MCX, tradingsymbol: GOLDM29OCT26165000PE, symboltoken: 582068
    695. exchange: MCX, tradingsymbol: GOLDM29OCT26165500CE, symboltoken: 581969
    696. exchange: MCX, tradingsymbol: GOLDM29OCT26165500PE, symboltoken: 582069
    697. exchange: MCX, tradingsymbol: GOLDM29OCT26166000CE, symboltoken: 581970
    698. exchange: MCX, tradingsymbol: GOLDM29OCT26166000PE, symboltoken: 582070
    699. exchange: MCX, tradingsymbol: GOLDM29OCT26166500CE, symboltoken: 581971
    700. exchange: MCX, tradingsymbol: GOLDM29OCT26166500PE, symboltoken: 582071
    701. exchange: MCX, tradingsymbol: GOLDM29OCT26167000CE, symboltoken: 581972
    702. exchange: MCX, tradingsymbol: GOLDM29OCT26167000PE, symboltoken: 582072
    703. exchange: MCX, tradingsymbol: GOLDM29OCT26167500CE, symboltoken: 581973
    704. exchange: MCX, tradingsymbol: GOLDM29OCT26167500PE, symboltoken: 582073
    705. exchange: MCX, tradingsymbol: GOLDM29OCT26168000CE, symboltoken: 581974
    706. exchange: MCX, tradingsymbol: GOLDM29OCT26168000PE, symboltoken: 582074
    707. exchange: MCX, tradingsymbol: GOLDM29OCT26168500CE, symboltoken: 581975
    708. exchange: MCX, tradingsymbol: GOLDM29OCT26168500PE, symboltoken: 582075
    709. exchange: MCX, tradingsymbol: GOLDM29OCT26169000CE, symboltoken: 581976
    710. exchange: MCX, tradingsymbol: GOLDM29OCT26169000PE, symboltoken: 582076
    711. exchange: MCX, tradingsymbol: GOLDM29OCT26169500CE, symboltoken: 581977
    712. exchange: MCX, tradingsymbol: GOLDM29OCT26169500PE, symboltoken: 582077
    713. exchange: MCX, tradingsymbol: GOLDM29OCT26170000CE, symboltoken: 581978
    714. exchange: MCX, tradingsymbol: GOLDM29OCT26170000PE, symboltoken: 582078
    715. exchange: MCX, tradingsymbol: GOLDM29OCT26170500CE, symboltoken: 581979
    716. exchange: MCX, tradingsymbol: GOLDM29OCT26170500PE, symboltoken: 582079
    717. exchange: MCX, tradingsymbol: GOLDM29OCT26171000CE, symboltoken: 581980
    718. exchange: MCX, tradingsymbol: GOLDM29OCT26171000PE, symboltoken: 582080
    719. exchange: MCX, tradingsymbol: GOLDM29OCT26171500CE, symboltoken: 581981
    720. exchange: MCX, tradingsymbol: GOLDM29OCT26171500PE, symboltoken: 582081
    721. exchange: MCX, tradingsymbol: GOLDM29OCT26172000CE, symboltoken: 581982
    722. exchange: MCX, tradingsymbol: GOLDM29OCT26172000PE, symboltoken: 582082
    723. exchange: MCX, tradingsymbol: GOLDM29OCT26172500CE, symboltoken: 581983
    724. exchange: MCX, tradingsymbol: GOLDM29OCT26172500PE, symboltoken: 582083
    725. exchange: MCX, tradingsymbol: GOLDM29OCT26173000CE, symboltoken: 581984
    726. exchange: MCX, tradingsymbol: GOLDM29OCT26173000PE, symboltoken: 582084
    727. exchange: MCX, tradingsymbol: GOLDM29OCT26173500CE, symboltoken: 581985
    728. exchange: MCX, tradingsymbol: GOLDM29OCT26173500PE, symboltoken: 582085
    729. exchange: MCX, tradingsymbol: GOLDM29OCT26174000CE, symboltoken: 581986
    730. exchange: MCX, tradingsymbol: GOLDM29OCT26174000PE, symboltoken: 582086
    731. exchange: MCX, tradingsymbol: GOLDM29OCT26174500CE, symboltoken: 582115
    732. exchange: MCX, tradingsymbol: GOLDM29OCT26174500PE, symboltoken: 582116
    733. exchange: MCX, tradingsymbol: GOLDM29OCT26175000CE, symboltoken: 582141
    734. exchange: MCX, tradingsymbol: GOLDM29OCT26175000PE, symboltoken: 582149
    735. exchange: MCX, tradingsymbol: GOLDM29OCT26175500CE, symboltoken: 582142
    736. exchange: MCX, tradingsymbol: GOLDM29OCT26175500PE, symboltoken: 582150
    737. exchange: MCX, tradingsymbol: GOLDM29OCT26176000CE, symboltoken: 582143
    738. exchange: MCX, tradingsymbol: GOLDM29OCT26176000PE, symboltoken: 582151
    739. exchange: MCX, tradingsymbol: GOLDM29OCT26176500CE, symboltoken: 582144
    740. exchange: MCX, tradingsymbol: GOLDM29OCT26176500PE, symboltoken: 582152
    741. exchange: MCX, tradingsymbol: GOLDM29OCT26177000CE, symboltoken: 582145
    742. exchange: MCX, tradingsymbol: GOLDM29OCT26177000PE, symboltoken: 582153
    743. exchange: MCX, tradingsymbol: GOLDM29OCT26177500CE, symboltoken: 582146
    744. exchange: MCX, tradingsymbol: GOLDM29OCT26177500PE, symboltoken: 582154
    745. exchange: MCX, tradingsymbol: GOLDM29OCT26178000CE, symboltoken: 582228
    746. exchange: MCX, tradingsymbol: GOLDM29OCT26178000PE, symboltoken: 582234
    747. exchange: MCX, tradingsymbol: GOLDM29OCT26178500CE, symboltoken: 582229
    748. exchange: MCX, tradingsymbol: GOLDM29OCT26178500PE, symboltoken: 582235
    749. exchange: MCX, tradingsymbol: GOLDM29OCT26179000CE, symboltoken: 582230
    750. exchange: MCX, tradingsymbol: GOLDM29OCT26179000PE, symboltoken: 582236
    751. exchange: MCX, tradingsymbol: GOLDM29OCT26179500CE, symboltoken: 582306
    752. exchange: MCX, tradingsymbol: GOLDM29OCT26179500PE, symboltoken: 582308
    753. exchange: MCX, tradingsymbol: GOLDM29OCT26180000CE, symboltoken: 582320
    754. exchange: MCX, tradingsymbol: GOLDM29OCT26180000PE, symboltoken: 582326
    755. exchange: MCX, tradingsymbol: GOLDM29OCT26180500CE, symboltoken: 582321
    756. exchange: MCX, tradingsymbol: GOLDM29OCT26180500PE, symboltoken: 582327
    757. exchange: MCX, tradingsymbol: GOLDM29OCT26181000CE, symboltoken: 582322
    758. exchange: MCX, tradingsymbol: GOLDM29OCT26181000PE, symboltoken: 582328
    759. exchange: MCX, tradingsymbol: GOLDMAHMCOM, symboltoken: 347
    760. exchange: MCX, tradingsymbol: GOLDMCOM, symboltoken: 117
    761. exchange: MCX, tradingsymbol: GOLDMDELCOM, symboltoken: 348
    762. exchange: MCX, tradingsymbol: GOLDMKOLCOM, symboltoken: 349
    763. exchange: MCX, tradingsymbol: GOLDMMUMCOM, symboltoken: 346
    764. exchange: MCX, tradingsymbol: GOLDMUMCOM, symboltoken: 342
    765. exchange: MCX, tradingsymbol: GOLDM29OCT26178000CE, symboltoken: 582228
    766. exchange: MCX, tradingsymbol: GOLDM29OCT26178000PE, symboltoken: 582234
    767. exchange: MCX, tradingsymbol: GOLDM29OCT26178500CE, symboltoken: 582229
    768. exchange: MCX, tradingsymbol: GOLDM29OCT26178500PE, symboltoken: 582235
    769. exchange: MCX, tradingsymbol: GOLDM29OCT26179000CE, symboltoken: 582230
    770. exchange: MCX, tradingsymbol: GOLDM29OCT26179000PE, symboltoken: 582236
    771. exchange: MCX, tradingsymbol: GOLDM29OCT26179500CE, symboltoken: 582306
    772. exchange: MCX, tradingsymbol: GOLDM29OCT26179500PE, symboltoken: 582308
    773. exchange: MCX, tradingsymbol: GOLDM29OCT26180000CE, symboltoken: 582320
    774. exchange: MCX, tradingsymbol: GOLDM29OCT26180000PE, symboltoken: 582326
    775. exchange: MCX, tradingsymbol: GOLDM29OCT26180500CE, symboltoken: 582321
    776. exchange: MCX, tradingsymbol: GOLDM29OCT26180500PE, symboltoken: 582327
    777. exchange: MCX, tradingsymbol: GOLDM29OCT26181000CE, symboltoken: 582322
    778. exchange: MCX, tradingsymbol: GOLDM29OCT26181000PE, symboltoken: 582328
    779. exchange: MCX, tradingsymbol: GOLDMAHMCOM, symboltoken: 347
    780. exchange: MCX, tradingsymbol: GOLDMCOM, symboltoken: 117
